Track URI,Track Name,Album Name,Artist Name(s),Release Date,Duration (ms),Popularity,Explicit,Added By,Added At,Genres,Record Label,Danceability,Energy,Key,Loudness,Mode,Speechiness,Acousticness,Instrumentalness,Liveness,Valence,Tempo,Time Signature
spotify:track:5PwYLJ6zqtbEVPmtQifzpf,Farther Than The Sun,Fortress,Alter Bridge,1/1/2013,247406,32,FALSE,,2023-08-29T20:44:44Z,"post-grunge,alternative metal,hard rock",ALTER BRIDGE (AB2),0.32,0.982,6,-4.582,1,0.145,0.0000122,0.0000992,0.186,0.249,79.52,4
spotify:track:4Tn4WAHRrSOQMLAZKnN8A1,Farther Than the Sun - Live,Live at the O2 Arena,Alter Bridge,9/8/2017,260560,22,FALSE,,2023-08-29T20:36:39Z,"post-grunge,alternative metal,hard rock",Napalm Records Handels GmbH,0.19,0.981,1,-4.44,1,0.276,0.000108,0.000201,0.901,0.174,79.848,4
spotify:track:5gMEMaqm74DwNKxZ0RfWM6,Beethoven's 5 Secrets,The Piano Guys,The Piano Guys;Lyceum Philharmonic at American Heritage School;Julie Ann Nelson;John Nelson,2012,309773,50,FALSE,,2023-08-28T20:27:37Z,"classical crossover,opera",Portrait/Sony Masterworks,0.302,0.515,2,-9.303,1,0.0414,0.795,0.904,0.079,0.111,150.285,4
spotify:track:6olS0TmHmsGr0hXtcBsiVM,A Tout Le Monde - Remastered 2004,Youthanasia (Expanded Edition - Remastered),Megadeth,10/28/1994,262133,68,FALSE,,2023-08-28T19:16:21Z,"thrash metal,metal,heavy metal,speed metal",Capitol Records,0.272,0.747,5,-4.86,0,0.0401,0.000393,0.0000403,0.16,0.255,202.777,4
spotify:track:69AIpwGNLxr4qS1X5ynx60,Buy Dirt,Buy Dirt,Jordan Davis;Luke Bryan,5/21/2021,167480,80,FALSE,,2023-08-27T18:19:38Z,"country,pop country,acoustic country",MCA Nashville,0.586,0.559,4,-6.725,1,0.05,0.639,0,0.0872,0.437,177.945,4
spotify:track:0uybt73QFXaLCoxuVf6fhm,It's Not My Time,3 Doors Down,3 Doors Down,1/1/2008,241960,71,FALSE,,2023-08-27T18:07:19Z,post-grunge,Universal (MT),0.532,0.935,0,-4.798,1,0.0619,0.00133,0.00000837,0.106,0.309,128.025,4
spotify:track:4ZD6SiaJi75smnel0d7jl3,Spiderwebs,Tragic Kingdom,No Doubt,10/10/1995,266760,69,FALSE,,2023-08-25T18:02:36Z,,Trauma,0.49,0.852,10,-7.192,1,0.0502,0.0376,0.00000221,0.126,0.663,143.248,4
spotify:track:2d6m2F4I7wCuAKtSsdhh83,Famous Last Words,The Black Parade,My Chemical Romance,10/20/2006,299226,80,FALSE,,2023-08-23T13:42:55Z,"emo,pop punk",Reprise,0.467,0.883,2,-3.679,0,0.106,0.000321,0.000152,0.125,0.309,122.252,4
spotify:track:2DDDzxzFpgTQx4AEKRO3zz,Revolution,All Or Nothing (Deluxe Edition),Pennywise,5/1/2012,205640,57,FALSE,,2023-08-23T13:19:43Z,"punk,skate punk,ska punk,melodic hardcore,ska,hardcore punk",Epitaph,0.534,0.962,2,-4.129,1,0.0568,0.0006,0.0263,0.113,0.737,106.48,4
spotify:track:1S9PodZROIorEa6OchvOoZ,Broken Mirrors,Endgame,Rise Against,1/1/2011,234693,46,FALSE,,2023-08-23T13:09:13Z,"punk,hardcore punk",Geffen,0.278,0.93,3,-3.17,0,0.0871,0.000121,0.000105,0.0763,0.56,142.061,4
spotify:track:4p1IxCvnWCUmacLP4bhmQT,Road To Nowhere,Scream Aim Fire Deluxe Edition,Bullet For My Valentine,12/9/2008,259519,40,FALSE,,2023-08-23T13:05:13Z,"metalcore,metal",Jive,0.295,0.563,2,-8.686,1,0.0358,0.0305,0,0.0968,0.521,87.067,4
spotify:track:5872goUpkJgh11uslHaa2G,The '59 Sound,The '59 Sound,The Gaslight Anthem,8/19/2009,189986,5,FALSE,,2023-08-23T12:59:21Z,,SideOneDummy Records,0.423,0.943,10,-3.962,1,0.0941,0.00119,0.00000508,0.263,0.404,168.024,4
spotify:track:0iCYiErdXflEjqBt6qgSYd,Kotov Syndrome,Appeal To Reason,Rise Against,1/1/2008,184760,48,FALSE,,2023-08-23T12:54:45Z,"punk,hardcore punk",Geffen,0.215,0.987,5,-2.281,0,0.109,0.000323,0,0.123,0.441,152.184,4
spotify:track:1C4SDzkaFUKq8TsGg1lWs6,Godspeed - Live,Walk the Sky 2.0 (Deluxe),Alter Bridge,11/6/2020,268152,15,FALSE,,2023-08-20T17:34:35Z,"post-grunge,alternative metal,hard rock",Napalm Records Handels GmbH,0.431,0.874,11,-5.16,1,0.043,0.00000304,0.891,0.603,0.352,120.043,4
spotify:track:67q0QsfLcTa2SqhP2wQbia,Used To Love Her,Appetite For Destruction (Super Deluxe Edition),Guns N' Roses,7/21/1987,192666,63,TRUE,,2023-08-18T01:01:30Z,"rock,glam metal,hard rock,classic rock",Guns N Roses P&D,0.614,0.902,1,-7.232,1,0.0331,0.464,0.0000244,0.15,0.909,135.453,4
spotify:track:39ikBpIHWsRxawurB6wrnJ,Let Me Be Myself - Acoustic,Where My Christmas Lives,3 Doors Down,1/1/2009,233200,26,FALSE,,2023-08-17T23:30:42Z,post-grunge,Universal Records,0.485,0.533,0,-5.991,1,0.0296,0.375,0,0.105,0.566,77.016,4
spotify:track:2BOqDYLOJBiMOXShCV1neZ,Dancing On My Own,Only Human (Deluxe),Calum Scott,3/9/2018,260285,81,FALSE,,2023-08-17T01:06:46Z,soft pop,Capitol Records (US1A),0.681,0.174,1,-8.745,1,0.0315,0.837,0.0000335,0.0983,0.231,112.672,4
spotify:track:2Rd1iHW3Izkuhybyvs0i0r,Santa Monica - Acoustic,Deep Cuts,Everclear,1/1/2009,200306,18,FALSE,,2023-08-13T23:51:09Z,"post-grunge,alternative rock",Capitol Records,0.554,0.708,7,-11.853,1,0.0419,0.105,0,0.876,0.654,99.106,4
spotify:track:4BpndTKEqpLgntffipC53q,Don't You Worry Child - Acoustic Version,Don't You Worry Child,Swedish House Mafia;John Martin,9/14/2012,257923,48,FALSE,,2023-08-11T04:09:41Z,edm,BMG Rights Management,0.554,0.792,11,-8.166,0,0.0309,0.406,0.000665,0.315,0.537,102.042,4
spotify:track:5TZn3LQSWwVPnBlPgFKb54,American Jesus,Recipe For Hate,Bad Religion,9/21/1993,197666,63,FALSE,,2023-08-09T02:53:24Z,"punk,skate punk,hardcore punk,melodic hardcore,ska punk,ska",Epitaph,0.404,0.985,0,-4.173,1,0.0491,0.00238,0,0.192,0.697,181.406,4
spotify:track:0IF7bHzCXCZoKNog5vBC4g,Wherever You Will Go,Wherever You Will Go,Charlene Soraia,10/3/2011,197577,58,FALSE,,2023-08-09T02:47:33Z,,Peacefrog Records,0.597,0.115,9,-9.217,1,0.0334,0.82,0.000215,0.111,0.128,111.202,4
spotify:track:0biGKHOtNVGM14sRSztyKq,Los Angeles Is Burning,The Empire Strikes First,Bad Religion,2004,203733,58,FALSE,,2023-08-01T15:34:37Z,"punk,skate punk,hardcore punk,melodic hardcore,ska punk,ska",Epitaph,0.417,0.963,0,-3.302,1,0.0403,0.000305,0.000131,0.148,0.644,163.148,4
spotify:track:3ts6xK5GzfMAAriT9AIBmP,Barefoot Blue Jean Night,Barefoot Blue Jean Night,Jake Owen,8/29/2011,169420,75,FALSE,,2023-07-31T18:38:02Z,"country,acoustic country",RCA Records Label Nashville,0.599,0.807,4,-4.679,1,0.0402,0.202,0,0.196,0.812,172.017,4
spotify:track:57hvVxOxqVYXr532Ro8xgP,Until the Day I Die (10 Year Version),Page Avenue: Ten Years and Counting,Story Of The Year,10/8/2013,243068,39,FALSE,,2023-07-31T14:01:26Z,"emo,screamo,post-hardcore,pop punk",Story Of The Year,0.529,0.59,10,-7.756,0,0.0269,0.193,0,0.129,0.509,90.056,4
spotify:track:3JGeVhJh6O32V1iuzfBsrJ,In Your Eyes,Here We Go Again (US Edition),SR-71,11/21/2010,282839,28,FALSE,,2023-07-31T03:25:59Z,"pop punk,punk",Matzoh-Ball Music,0.393,0.902,10,-4.469,0,0.054,0.000158,0,0.116,0.288,176.977,4
spotify:track:4tMOesd7zi9cLH7KZh0DcP,We Fall Apart,We As Human,We As Human,6/21/2011,230786,44,FALSE,,2023-07-30T13:32:48Z,"christian rock,christian alternative rock",Atlantic Records,0.482,0.544,0,-7.217,1,0.0283,0.174,0,0.131,0.404,119.957,4
spotify:track:0H04yVa3DJxoXbLBpAb7iV,I'm Comin' Over,I'm Comin' Over,Chris Young,11/13/2015,197280,69,FALSE,,2023-07-28T17:23:47Z,"country,acoustic country",RCA Records Label Nashville,0.575,0.845,10,-3.838,1,0.035,0.0282,0,0.0814,0.376,127.997,4
spotify:track:0itGTjddrHS8j6jTV4mznY,Off The Map,This Addiction (Deluxe Edition),Alkaline Trio,2/23/2010,195946,25,FALSE,,2023-07-28T17:20:10Z,"pop punk,punk,emo,skate punk",Epitaph,0.539,0.817,4,-5.068,1,0.0501,0.00585,0.000138,0.155,0.788,165.09,4
spotify:track:4oR2cCQGs0Yt0Mgr2diV6V,What’s Your Country Song,Country Again (Side A),Thomas Rhett,4/30/2021,171333,68,FALSE,,2023-07-26T15:48:01Z,"country,acoustic country,pop country",The Valory Music Co.,0.359,0.706,5,-6.151,1,0.0309,0.000602,0,0.285,0.479,174.079,4
spotify:track:4aGG4VOWGv9RwlYQNsBrkE,Caught Up In The Country,Caught Up In The Country,Rodney Atkins;The Fisk Jubilee Singers,5/10/2019,160991,68,FALSE,,2023-07-26T15:46:14Z,"country,acoustic country",Curb Records,0.603,0.807,7,-6.999,1,0.045,0.0123,0,0.539,0.685,124.099,4
spotify:track:5HGibWoxnkYSkl6mHmAlOE,That's My Kind Of Night,Crash My Party,Luke Bryan,1/1/2013,190186,76,FALSE,,2023-07-23T16:11:48Z,"country,acoustic country",Capitol Records Nashville,0.662,0.749,7,-2.891,1,0.048,0.0597,0,0.105,0.895,109.995,4
spotify:track:2MuAyzQUNKbSVETsIPmldC,One - Live Acoustic,With Arms Wide Open: A Retrospective,Creed,1/1/2015,298360,24,FALSE,,2023-07-23T13:01:33Z,post-grunge,The Bicycle Music Company,0.181,0.685,6,-6.274,1,0.0361,0.000247,0,0.341,0.28,101.36,4
spotify:track:469hGcjGxAt3gctyiQzo5s,Seasons of War (Intro Movie),World of Warcraft Original Soundtrack,Jason Hayes,11/23/2004,178773,0,FALSE,,2023-07-21T13:37:26Z,medieval,Azeroth Music,0.235,0.415,1,-14.414,0,0.0452,0.639,0.563,0.106,0.0851,106.161,3
spotify:track:3I6NQKu5HTi5PPvJTAA94i,La Marseillaise,Les Honneurs Français,Musique De La Garde Républicaine,1/1/2000,63946,38,FALSE,,2023-07-21T13:36:35Z,,Corelia,0.549,0.324,10,-10.862,1,0.0426,0.992,0.892,0.0923,0.287,122.138,4
spotify:track:6yVSp9H2STyLeOs7pjy2w4,Hands Down,"A Mark, A Mission, A Brand, A Scar",Dashboard Confessional,1/1/2003,186866,3,FALSE,,2023-07-19T15:34:31Z,"emo,pop punk",Vagrant Records DC,0.463,0.827,3,-4.085,1,0.0437,0.013,0.0000241,0.0964,0.26,94.035,4
spotify:track:43thLwzSasUUZEYjYPeJh3,Close My Eyes Forever,Lita,Lita Ford;Ozzy Osbourne,2/1/1988,283133,65,FALSE,,2023-07-19T14:02:55Z,"glam metal,hard rock,glam rock,metal,heavy metal",RCA Records Label,0.476,0.331,5,-14.884,1,0.0305,0.31,0.00000282,0.172,0.24,130.574,4
spotify:track:0GiboWAUlUGzsUEbUwcJ09,Overcome - Live Acoustic,With Arms Wide Open: A Retrospective,Creed,1/1/2015,264906,31,FALSE,,2023-07-18T14:17:34Z,post-grunge,The Bicycle Music Company,0.547,0.506,4,-9.275,0,0.0248,0.264,0.00000665,0.274,0.199,89.495,4
spotify:track:6qFnAsON1WA0q96PjTlgot,Set Fire to the Rain,"Cover Sessions, Vol. 2",Boyce Avenue,7/24/2012,252900,41,FALSE,,2023-07-13T19:54:38Z,acoustic pop,3 Peace Records,0.579,0.273,9,-9.2,0,0.0312,0.955,0,0.122,0.339,110.047,4
spotify:track:2gMXnyrvIjhVBUZwvLZDMP,Before You Go,Divinely Uninspired To A Hellish Extent (Extended Edition),Lewis Capaldi,11/22/2019,215106,85,FALSE,,2023-07-13T19:53:33Z,soft pop,Vertigo Berlin,0.459,0.574,3,-4.857,1,0.0577,0.608,0,0.0885,0.183,111.881,4
spotify:track:6Uy6K3KdmUdAfelUp0SeXn,Brave,The Blessed Unrest,Sara Bareilles,7/16/2013,220460,71,FALSE,,2023-07-13T02:37:21Z,,Epic,0.551,0.836,10,-3.838,0,0.0524,0.00502,0.000021,0.0425,0.758,185.063,4
spotify:track:6HFJFc7lNyfwDp3AZwKanC,Pomp and Circumstance (Macho Man Randy Savage),WWE: The Music of WCW,WWE;Jimmy Hart;Howard Helm,4/1/2014,259453,1,FALSE,,2023-07-12T16:48:31Z,,"WWE, Inc.",0.216,0.507,2,-7.42,1,0.0369,0.802,0.168,0.136,0.415,75.319,4
spotify:track:7CpbhqKUedOIrcvc94p60Y,Bodies,Sinner,Drowning Pool,1/1/2001,201960,83,FALSE,,2023-07-12T16:45:53Z,"nu metal,alternative metal,rap metal,metal",The Bicycle Music Company,0.656,0.932,4,-3.405,0,0.0708,0.00347,0.00147,0.144,0.544,130.936,4
spotify:track:5omWAB5iNMHvbAfBSzkdu8,You're Going Down,Tri-polar,SICK PUPPIES,1/1/2010,187346,68,TRUE,,2023-07-10T16:16:10Z,,Virgin Records,0.488,0.842,6,-5.926,1,0.0469,0.0116,0.00127,0.146,0.41,90.003,4
spotify:track:1RTYixE1DD3g3upEpmCJpa,In The End,Wretched And Divine: The Story Of The Wild Ones,Black Veil Brides,1/1/2012,228280,73,FALSE,,2023-07-09T12:55:44Z,"emo,screamo",Lava Music/Republic Records,0.442,0.939,8,-4.18,1,0.0941,0.000183,0.00589,0.0857,0.27,140.021,4
spotify:track:4o07hxTDo4ZoCTvvjnDlos,I Turned Into A Martian,Collection,Misfits;Glenn Danzig,1/1/1986,103906,47,FALSE,,2023-07-06T18:53:55Z,"horror punk,punk,psychobilly,hardcore punk,skate punk",Astralwerks,0.444,0.922,3,-12.871,1,0.0647,0.0676,0.000139,0.183,0.281,125.057,4
spotify:track:6TeB7j56k4AbELOl3G4zfj,Someone You Loved,Someone You Loved,Our Last Night;I See Stars;The Word Alive;Ashland,11/19/2019,181695,0,FALSE,,2023-07-06T17:44:25Z,"post-hardcore,metalcore,screamo,deathstep",mudhutdigital.com,0.571,0.925,2,-4.031,1,0.0549,0.00112,0,0.107,0.485,115.017,4
spotify:track:3gILDObZFV7LD5pmjSr9zo,Kingdom,Kingdom,Downstait,8/23/2016,210894,62,FALSE,,2023-07-06T17:03:56Z,,Downstait,0.459,0.955,1,-2.723,1,0.137,0.000484,0.00494,0.33,0.337,160.077,4
spotify:track:4TNmKpTcx2kveSu5EdyXug,Wayward One,Blackbird,Alter Bridge,10/5/2007,287413,34,FALSE,,2023-07-02T12:59:55Z,"post-grunge,alternative metal,hard rock",AB2/Universal Records,0.416,0.875,3,-4.335,0,0.044,0.00351,0.0000267,0.113,0.283,149.968,4
spotify:track:2BT2Kv7sROD72YFPKX8LCF,Matoya's Cave,FINAL FANTASY I Original Soundtrack,Nobuo Uematsu,1987,72800,21,FALSE,,2023-06-29T13:30:18Z,"soundtrack,japanese vgm",スクウェア・エニックス ミュージック,0.473,0.435,11,-13.642,0,0.0343,0.106,0.0415,0.526,0.963,150.229,4
spotify:track:1Y0wA6SMChTTHNS48eYJrE,"Live Young, Die Fast - Acoustic Version",Agony & Irony,Alkaline Trio,7/1/2008,198640,0,FALSE,,2023-06-28T16:44:14Z,"pop punk,punk,emo,skate punk",Epic,0.525,0.387,4,-5.891,1,0.0343,0.604,0,0.05,0.355,75.276,4
spotify:track:2ajUl8lBLAXOXNpG4NEPMz,Sway,Michael Bublé,Michael Bublé,2003,188066,77,FALSE,,2023-06-28T16:05:39Z,christmas,143/Reprise,0.713,0.639,2,-5.529,0,0.0313,0.753,0,0.0878,0.737,125.959,4
spotify:track:4wLZ4zPM9c4oe1VV8ejdWV,Home,It's Time,Michael Bublé,2/7/2005,226520,59,FALSE,,2023-06-28T16:03:20Z,christmas,143/Reprise,0.608,0.37,7,-9.207,1,0.0306,0.844,0.0000187,0.112,0.349,127.631,4
spotify:track:3I09LQbHS3NSU46Ly3tPpR,Feeling Good,It's Time,Michael Bublé,2/7/2005,237333,66,FALSE,,2023-06-28T15:58:28Z,christmas,143/Reprise,0.535,0.548,1,-6.51,1,0.037,0.533,0.00000148,0.123,0.477,115.144,3
spotify:track:4fIWvT19w9PR0VVBuPYpWA,Haven't Met You Yet,Crazy Love,Michael Bublé,10/6/2009,244586,73,FALSE,,2023-06-27T13:14:59Z,christmas,143/Reprise,0.615,0.733,8,-4.808,1,0.0335,0.152,0,0.109,0.796,122.58,4
spotify:track:4lhqb6JvbHId48OUJGwymk,Hey Brother,TRUE,Avicii,9/16/2013,255093,82,FALSE,,2023-06-27T13:14:48Z,edm,Pophouse Entertainment Group,0.545,0.78,7,-4.867,0,0.0436,0.0309,0.0000464,0.0828,0.458,125.014,4
spotify:track:1qlazPhrxw3xGG1MZHQ1p6,Anywhere,Young as the Morning Old as the Sea (Deluxe),Passenger,9/23/2016,216206,48,FALSE,,2023-06-26T15:56:54Z,folk pop,Nettwerk Music Group,0.597,0.624,7,-6.931,1,0.0283,0.0947,0.0000862,0.0946,0.84,104.541,4
spotify:track:2RKmGDTq840oLpKC0WOaCr,Odds Are,Grinning Streak,Barenaked Ladies,1/1/2013,184400,56,FALSE,,2023-06-26T15:48:09Z,,Vanguard,0.629,0.855,10,-5.593,1,0.0568,0.108,0,0.198,0.963,96.039,4
spotify:track:67aeyMdt7cgb8l9zg53Pfm,I Believe in You,Nobody but Me (Deluxe),Michael Bublé,10/21/2016,201813,54,FALSE,,2023-06-26T15:45:09Z,christmas,Reprise,0.612,0.744,8,-5.671,1,0.033,0.125,0.00000257,0.0978,0.527,113.009,4
spotify:track:0mvkwaZMP2gAy2ApQLtZRv,It's a Beautiful Day,To Be Loved,Michael Bublé,4/11/2013,199266,68,FALSE,,2023-06-26T15:40:28Z,christmas,Reprise,0.532,0.795,1,-3.979,1,0.0358,0.0559,0,0.295,0.78,143.837,4
spotify:track:5vOX8ERR2LXD1NTb5hKMGF,It's a Beautiful Day,"Cover Sessions, Vol. 3",Boyce Avenue,4/28/2015,192051,38,FALSE,,2023-06-26T15:40:05Z,acoustic pop,3 Peace Records,0.562,0.318,10,-8.444,0,0.0293,0.788,0,0.115,0.406,144.072,4
spotify:track:29TemKe7VNXfhOED9TVd3C,Stay,"Cover Sessions, Vol. 3",Boyce Avenue;Mandy Lee,4/28/2015,238400,44,FALSE,,2023-06-26T14:59:06Z,acoustic pop,3 Peace Records,0.39,0.313,8,-8.999,0,0.0358,0.771,0,0.13,0.122,112.241,4
spotify:track:1mzqQq3PJyTEbI1yN4uGmD,We Found Love,"Cover Sessions, Vol. 2",Boyce Avenue,7/24/2012,217375,42,FALSE,,2023-06-26T14:51:21Z,acoustic pop,3 Peace Records,0.65,0.561,11,-8.6,1,0.0282,0.579,0.00000322,0.0909,0.331,127.926,4
spotify:track:1AyluAxzag7Y42e70FfpXZ,Your Song,"Cover Sessions, Vol. 5",Boyce Avenue,1/24/2020,244342,37,FALSE,,2023-06-25T22:19:26Z,acoustic pop,3 Peace Records,0.6,0.263,3,-11.261,1,0.0306,0.875,0.0000113,0.115,0.263,127.107,4
spotify:track:1EyvonxK8OGHRV4WDRdArc,Can You Feel the Love Tonight,Can You Feel the Love Tonight,Boyce Avenue;Connie Talbot,5/24/2019,250916,60,FALSE,,2023-06-25T22:18:51Z,acoustic pop,3 Peace Records,0.452,0.198,10,-9.374,1,0.0335,0.931,0.00000224,0.1,0.217,119.499,4
spotify:track:7pKMoXeiCv40wbrjII06VO,I Like Me Better,I Like Me Better,Boyce Avenue;Emma Heesters,6/21/2019,201508,48,FALSE,,2023-06-25T22:16:55Z,"acoustic pop,hollands,nederpop",3 Peace Records,0.473,0.263,9,-8.609,1,0.033,0.814,0,0.142,0.315,87.145,4
spotify:track:6B6unwaKEYAUvhJuERHQO3,Jumper,"Cover Sessions, Vol. 2",Boyce Avenue,7/24/2012,228434,31,FALSE,,2023-06-25T22:16:44Z,acoustic pop,3 Peace Records,0.716,0.446,0,-9.291,1,0.0307,0.0847,0,0.189,0.62,90.958,4
spotify:track:55loC3HUNHhEGnpZf65Kd8,Pardon Me - Acoustic,Pardon Me,Incubus,2/22/2000,225133,43,FALSE,,2023-06-25T22:16:09Z,"nu metal,funk rock,alternative metal,alternative rock",Epic/Legacy,0.501,0.322,4,-10.227,1,0.0362,0.651,0,0.1,0.516,139.691,4
spotify:track:1K3LRUEcUz5FMtPYyg0F45,Ho Hey,The Lumineers (Deluxe Edition),The Lumineers,2012,163133,6,FALSE,,2023-06-25T22:15:59Z,"folk pop,indie folk",Decca (UMO),0.682,0.471,0,-9.182,1,0.0302,0.768,0,0.0908,0.421,79.907,4
spotify:track:5PRRthP9SLfbXB359MfIWv,I Will Wait,Babel (Deluxe Version),Mumford & Sons,9/21/2012,276720,74,FALSE,,2023-06-25T22:15:58Z,"folk,indie folk,folk rock",Dew Process,0.486,0.769,1,-5.14,1,0.0341,0.0119,0.00832,0.197,0.393,131.286,4
spotify:track:0gmbgwZ8iqyMPmXefof8Yf,How You Remind Me,Silver Side Up,Nickelback,9/11/2001,223840,90,FALSE,,2023-06-25T22:15:28Z,"post-grunge,rock",Roadrunner Records,0.446,0.764,10,-5.042,1,0.033,0.00135,0,0.099,0.543,172.094,4
spotify:track:0wHNrrefyaeVewm4NxjxrX,Make It Stop (September's Children),Endgame,Rise Against,1/1/2011,234786,61,FALSE,,2023-06-25T13:15:37Z,"punk,hardcore punk",Geffen,0.407,0.975,1,-3.176,1,0.0779,0.000578,0.0000142,0.112,0.564,154.486,4
spotify:track:6Lxd51LV0uhkxL7ngHQwJA,Stay With Me,"Cover Sessions, Vol. 3",Boyce Avenue,4/28/2015,182159,47,FALSE,,2023-06-25T13:08:00Z,acoustic pop,3 Peace Records,0.305,0.285,10,-8.549,1,0.0469,0.841,0,0.106,0.224,73.485,1
spotify:track:1jfvBRXzBY2eCzF75i67qw,Payphone,"Cover Sessions, Vol. 2",Boyce Avenue,7/24/2012,218123,47,FALSE,,2023-06-24T21:21:44Z,acoustic pop,3 Peace Records,0.65,0.655,7,-5.358,1,0.0309,0.213,0,0.134,0.546,109.931,4
spotify:track:4ixD559n13iWuzXLRLXyzm,How Far We’ve Come (2009),"Cover Sessions, Vol. 1",Boyce Avenue,12/9/2009,178920,36,FALSE,,2023-06-24T21:21:07Z,acoustic pop,3 Peace Records,0.723,0.31,0,-9.793,1,0.0314,0.654,0,0.104,0.392,140.032,4
spotify:track:4vNGuGIIzh6soeBTw8hjfq,A Thousand Miles,"Cover Sessions, Vol. 2",Boyce Avenue;Alex Goot,7/24/2012,244173,45,FALSE,,2023-06-24T21:16:40Z,"acoustic pop,nightcore",3 Peace Records,0.564,0.731,9,-7.538,1,0.0295,0.517,0.00000348,0.105,0.257,95.036,4
spotify:track:448UtmGXI6mKaVoJwsFBTq,You and Me,"Cover Sessions, Vol. 5",Boyce Avenue,1/24/2020,196055,50,FALSE,,2023-06-24T21:15:52Z,acoustic pop,3 Peace Records,0.551,0.373,8,-8.374,1,0.0253,0.6,0,0.141,0.347,139.84,3
spotify:track:1snd92ICpwulLUilLfDZFq,Let Her Go,"Cover Sessions, Vol. 3",Boyce Avenue;Hannah Trigwell,4/28/2015,219650,48,FALSE,,2023-06-24T21:14:04Z,acoustic pop,3 Peace Records,0.597,0.334,11,-8.559,1,0.0279,0.86,0,0.123,0.342,134.94,4
spotify:track:4SO8Aj9OR2TlVNjnfDdaDG,The Freshmen (2008),"Cover Sessions, Vol. 1",Boyce Avenue,12/9/2009,245493,26,FALSE,,2023-06-24T21:13:40Z,acoustic pop,3 Peace Records,0.715,0.476,4,-9.778,1,0.0275,0.156,0,0.311,0.234,102.031,4
spotify:track:5yJoFIwgtVUjb94mvTbRkV,Glycerine,"Cover Sessions, Vol. 3",Boyce Avenue,4/28/2015,203629,34,FALSE,,2023-06-24T21:13:35Z,acoustic pop,3 Peace Records,0.344,0.281,7,-6.938,1,0.0303,0.598,0,0.134,0.123,111.707,4
spotify:track:4CL9KfMz8M3yLshJqjSPOZ,A Whole New World,A Whole New World,Boyce Avenue;Jennel Garcia,11/1/2019,239168,51,FALSE,,2023-06-24T21:01:38Z,acoustic pop,3 Peace Records,0.628,0.192,1,-8.99,1,0.0289,0.87,0,0.11,0.255,106.834,4
spotify:track:6kgqJcaGSm7fOObNTpgOOX,Don’t Stop Believin’ (2009),"Cover Sessions, Vol. 1",Boyce Avenue,12/9/2009,256877,40,FALSE,,2023-06-24T20:57:13Z,acoustic pop,3 Peace Records,0.381,0.228,7,-10.313,1,0.031,0.757,0,0.0605,0.31,114.177,4
spotify:track:2Qw1KFrJ1q6qHXxWGh51kC,A Thousand Years,"Cover Sessions, Vol. 3",Boyce Avenue,4/28/2015,263710,55,FALSE,,2023-06-24T20:56:58Z,acoustic pop,3 Peace Records,0.41,0.221,5,-11.673,1,0.0315,0.768,0,0.106,0.228,139.529,3
spotify:track:7naRLuJn45I2MtgnLiRBxR,Story of My Life,"Cover Sessions, Vol. 3",Boyce Avenue,4/28/2015,247996,43,FALSE,,2023-06-24T20:55:34Z,acoustic pop,3 Peace Records,0.588,0.327,2,-9.184,1,0.041,0.341,0,0.0924,0.205,120.766,4
spotify:track:7unVsU8T9X55i30kIprvNf,Roar,"Cover Sessions, Vol. 3",Boyce Avenue;Bea Miller,4/28/2015,212913,47,FALSE,,2023-06-22T00:31:55Z,acoustic pop,3 Peace Records,0.478,0.32,5,-7.714,1,0.0401,0.571,0,0.104,0.264,180.391,4
spotify:track:5YedV0IQHOYA5cwTRfacTq,Lead Poisoning,This Addiction (Deluxe Edition),Alkaline Trio,2/23/2010,157440,26,FALSE,,2023-06-22T00:26:52Z,"pop punk,punk,emo,skate punk",Epitaph,0.46,0.929,7,-3.819,1,0.195,0.00475,0,0.181,0.917,197.523,4
spotify:track:1Fy9hQQLek2UpOYUEPjiYn,Help Me,Agony & Irony,Alkaline Trio,7/1/2008,224600,0,FALSE,,2023-06-21T22:35:54Z,"pop punk,punk,emo,skate punk",Epic,0.513,0.943,11,-3.982,1,0.0619,0.0000713,0.00000375,0.164,0.528,116.999,4
spotify:track:7Dij8mBegb8uhckk1TRJUz,Wake Me Up,"Cover Sessions, Vol. 3",Boyce Avenue;Jennel Garcia,4/28/2015,203575,48,FALSE,,2023-06-20T20:43:44Z,acoustic pop,3 Peace Records,0.412,0.21,1,-9.936,1,0.0393,0.84,0,0.0842,0.36,101.041,4
spotify:track:1W4c3lEi67BG5Ev7CgYqNi,Sweet and Low - New Album Version,"Can't Love, Can't Hurt",Augustana,2008,214066,48,FALSE,,2023-06-20T20:41:14Z,,Epic,0.443,0.727,11,-4.455,1,0.0315,0.00572,0.000845,0.106,0.407,151.93,4
spotify:track:3D9icpApGaZNHXZoaEL9Cn,Calling All Skeltons,Damnesia,Alkaline Trio,2011,211053,0,FALSE,,2023-06-20T20:12:17Z,"pop punk,punk,emo,skate punk",Hassle Records,0.61,0.8,1,-6.438,1,0.0446,0.0236,0,0.104,0.682,131.924,4
spotify:track:2Zi27tBhXnDQTz3porgaiw,Here Without You - Acoustic Version,Seventeen Days,3 Doors Down,2005,232013,67,FALSE,,2023-06-20T19:58:43Z,post-grunge,Universal Records,0.551,0.574,10,-6.265,0,0.0263,0.0203,0,0.186,0.308,143.734,4
spotify:track:77JR5wTKu2cEDnD95CnWAa,Over And Out - Acoustic Version,Agony & Irony,Alkaline Trio,7/1/2008,166800,0,FALSE,,2023-06-20T19:58:33Z,"pop punk,punk,emo,skate punk",Epic,0.667,0.351,9,-5.733,1,0.0449,0.481,0,0.113,0.33,138.062,4
spotify:track:6L7CK4TVDKdfEhLHGk9Lg6,Pardon Me - Acoustic,"When Incubus Attacks, Vol. 1",Incubus,8/22/2000,227226,44,FALSE,,2023-06-20T18:47:46Z,"nu metal,funk rock,alternative metal,alternative rock",Epic/Immortal,0.484,0.377,4,-8.761,1,0.0367,0.647,0,0.101,0.54,139.605,4
spotify:track:1xgl5Be19CwOWWA1Js1Loe,Dirty Little Secret - Sony Connect session,Sony Connect sessions,The All-American Rejects,1/1/2005,190493,22,FALSE,,2023-06-20T18:41:16Z,"pop punk,emo",Interscope,0.631,0.465,10,-10.186,1,0.0275,0.512,0,0.0769,0.611,140.234,4
spotify:track:7f16wgZxXDUkvrE5qFF3TH,Fine - Acoustic,This Addiction (Deluxe Edition),Alkaline Trio,2/23/2010,193720,22,FALSE,,2023-06-20T18:35:28Z,"pop punk,punk,emo,skate punk",Epitaph,0.509,0.491,9,-8.506,1,0.0276,0.748,0,0.0832,0.365,144.987,4
spotify:track:25Zt0krnciO9eEhjOp0W7e,Dead On The Floor - Acoustic,This Addiction (Deluxe Edition),Alkaline Trio,2/23/2010,247826,20,FALSE,,2023-06-20T18:23:58Z,"pop punk,punk,emo,skate punk",Epitaph,0.67,0.555,8,-9.037,1,0.0345,0.499,0,0.205,0.672,125.839,4
spotify:track:0JlWadtpAzh4H5Y29iBIFh,The American Scream,Damnesia,Alkaline Trio,7/12/2011,195893,23,FALSE,,2023-06-20T18:22:51Z,"pop punk,punk,emo,skate punk",Epitaph,0.628,0.44,4,-7.676,1,0.0239,0.468,0,0.0995,0.268,94.911,4
spotify:track:6lyLexxns1OGRw3ZLOcVFC,Into The Night - Acoustic Version,Agony & Irony,Alkaline Trio,7/1/2008,191906,0,FALSE,,2023-06-20T18:02:17Z,"pop punk,punk,emo,skate punk",Epic,0.603,0.455,5,-5.204,1,0.0272,0.728,0,0.0771,0.331,79.976,4
spotify:track:1mXVgsBdtIVeCLJnSnmtdV,Too Good At Goodbyes,The Thrill Of It All (Special Edition),Sam Smith,11/3/2017,201000,84,FALSE,,2023-06-20T13:33:58Z,soft pop,PLG - Capitol,0.715,0.372,5,-8.237,1,0.0443,0.638,0,0.169,0.474,91.931,4
spotify:track:6ADSaE87h8Y3lccZlBJdXH,With Or Without You,The Joshua Tree (Super Deluxe),U2,3/3/1987,295515,79,FALSE,,2023-06-20T13:25:26Z,rock,UMC (Universal Music Catalogue),0.54,0.429,2,-11.822,1,0.0285,0.000202,0.355,0.141,0.113,110.171,4
spotify:track:6ZZYLEL44lgemENBpeKgZ2,"Alone - Live At The Backstage, Seattle, WA./1994",The Road Home,Heart,1/1/1995,290840,38,FALSE,,2023-06-20T01:38:45Z,"classic rock,aor,rock",Capitol Records,0.363,0.276,6,-12.655,1,0.0287,0.102,0.000109,0.702,0.256,136.795,4
spotify:track:20X9OeC606XNwEtDBOym5u,Love Drunk,Love Drunk,BOYS LIKE GIRLS,9/7/2009,226706,67,TRUE,,2023-06-19T20:34:44Z,"pop punk,emo",Columbia,0.44,0.976,10,-3.17,1,0.141,0.00177,0.00000339,0.16,0.412,150.005,4
spotify:track:5E2v6b4Mo4jxuPrcK4YEIF,King Of Kings,Awake,Hillsong Worship;Brooke Ligertwood,10/11/2019,265133,2,FALSE,,2023-06-18T13:29:35Z,"worship,christian,pop worship,ccm,gospel",Hillsong (HIL),0.489,0.477,2,-7.343,1,0.0299,0.123,0,0.1,0.177,136.047,4
spotify:track:0A402ZdxwQzaVdyH5Zav5X,Rest on Us (feat. Brandon Lake & Eniola Abioye),Move Your Heart,Maverick City Music;UPPERROOM;Brandon Lake;Eniola Abioye,1/29/2021,337152,73,FALSE,,2023-06-18T13:23:07Z,"worship,gospel,christian,country christian,ccm",Tribl Records,0.39,0.627,10,-9.811,1,0.0367,0.406,0.0000906,0.0792,0.273,144.116,4
spotify:track:5quiudVsaoHBn2jq55vbKp,Same God (feat. Jonsal Barrientes & Brandon Lake) - Live,LION: Live From The Loft,Elevation Worship;Jonsal Barrientes;Brandon Lake,8/19/2022,685581,44,FALSE,,2023-06-18T13:16:23Z,"worship,christian,ccm,gospel,pop worship,country christian",Elevation Worship Records,0.215,0.429,0,-9.478,1,0.0292,0.15,0,0.0854,0.0853,144.807,4
spotify:track:7b1C6mz6egDlaZWavyKJv6,I'll Fly Away,Toil,Flatfoot 56,6/26/2012,164367,40,FALSE,,2023-06-18T12:24:12Z,"celtic punk,celtic rock,celtic,folk punk,christian folk",Ollie Mob Worldwide,0.518,0.938,10,-4.727,1,0.0584,0.0043,0.00000445,0.327,0.801,146.017,4
spotify:track:6W21LNLz9Sw7sUSNWMSHRu,Freak On a Leash,Follow The Leader,Korn,8/18/1998,255729,85,TRUE,,2023-06-18T12:22:13Z,"nu metal,metal,rap metal,alternative metal",Immortal/Epic,0.353,0.898,2,-5.877,1,0.052,0.0000223,0.105,0.39,0.525,103.299,4
spotify:track:5sPB1gchCuOT6wpqXBd6M3,Blood Bowl 2 - Bonus Track,Blood Bowl 3 (Original Soundtrack),Cyanide Studio,3/1/2023,208453,0,FALSE,,2023-06-17T18:48:09Z,,Laced Records,0.392,0.64,9,-12.811,0,0.0638,0.231,0.752,0.209,0.272,114.819,5
spotify:track:1Y13csEpu3TK5gQdzGLrd8,Pardon Me,Make Yourself,Incubus,10/26/1999,223746,78,FALSE,,2023-06-15T14:41:29Z,"nu metal,funk rock,alternative metal,alternative rock",Epic/Immortal,0.579,0.812,1,-6.509,0,0.0693,0.00114,0.00333,0.115,0.278,152.002,4
spotify:track:0YErfApccjJFLU9KvVd0Lv,If Not for You,Marching in Time,Tremonti,9/24/2021,250598,43,FALSE,,2023-06-14T14:00:31Z,"alternative metal,post-grunge,hard rock",Napalm Records Handels GmbH,0.371,0.927,4,-5.1,1,0.0744,0.0000419,0.0671,0.32,0.373,145.099,4
spotify:track:0Qh38w01QRXK6KHIv0e3hb,What About Us,Beautiful Trauma,P!nk,10/13/2017,269595,81,FALSE,,2023-06-10T01:44:15Z,,RCA Records Label,0.491,0.588,1,-6.177,1,0.0506,0.0281,0.00000201,0.0906,0.193,113.608,4
spotify:track:3IvflXoxqRVwNvpKhjIOv6,"As Long As You're Mine - From ""Wicked"" Original Broadway Cast Recording/2003",Wicked (Original Broadway Cast Recording / Deluxe Edition),Stephen Schwartz;Idina Menzel;Leo Norbert Butz;Stephen Oremus,1/1/2013,225986,49,FALSE,,2023-06-09T16:51:53Z,"score,musicals",Verve (Adult Contemporary) MC,0.453,0.446,5,-8.28,1,0.0313,0.754,0.00000125,0.105,0.176,117.316,4
spotify:track:5FzZbgDOXMfxSS5XBCZ2Ym,This Addiction - Acoustic,This Addiction (Deluxe Edition),Alkaline Trio,2/23/2010,157533,21,FALSE,,2023-06-09T16:07:26Z,"pop punk,punk,emo,skate punk",Epitaph,0.595,0.725,3,-6.83,1,0.029,0.312,0.000101,0.328,0.757,107.331,4
spotify:track:28Y1KafA5vES5TEk88aw26,I Won't Lie,Close The Distance (Deluxe Version),Go Radio,1/1/2012,218746,41,FALSE,,2023-06-08T18:51:43Z,pop punk,Fearless Records,0.512,0.866,0,-4.061,1,0.0302,0.00022,0.0000475,0.31,0.392,142.995,4
spotify:track:6Y2kW1mdHE0znPCjtOdt5m,Empty Walls,Elect the Dead (Deluxe),Serj Tankian,10/16/2007,230026,66,TRUE,,2023-06-07T01:01:46Z,,Woah Dad!,0.465,0.963,0,-3.568,0,0.0484,0.00161,0,0.196,0.528,160.065,4
spotify:track:0r6DsDv0wkIGpVBUqaV15E,In Fate's Hands,Don't You Fake It,The Red Jumpsuit Apparatus,1/1/2006,209226,48,FALSE,,2023-06-05T14:28:23Z,"pop punk,emo",Virgin Records,0.358,0.962,0,-2.877,0,0.0881,0.000402,0.0000269,0.272,0.397,198.74,4
spotify:track:2x7MyWybabEz6Y6wvHuwGE,Just Dance,The Fame,Lady Gaga;Colby O'Donis,1/1/2008,241933,82,FALSE,,2023-05-30T11:45:08Z,"art pop,pop",Interscope,0.822,0.739,1,-4.541,0,0.0311,0.0264,0.0000428,0.181,0.745,118.99,4
spotify:track:4FcQfnajKXTQf9jMackQzd,Common Man Boogie (Dusty Rhodes),WWE: The Federation Era,WWE;Jimmy Hart;JJ Maguire,3/17/2015,150333,2,FALSE,,2023-05-30T11:18:06Z,,"WWE, Inc.",0.558,0.589,7,-3.739,0,0.0319,0.0473,0.586,0.138,0.343,128.014,4
spotify:track:5CZ40GBx1sQ9agT82CLQCT,traitor,SOUR,Olivia Rodrigo,5/21/2021,229226,88,FALSE,,2023-05-22T13:57:57Z,,Olivia Rodrigo PS,0.38,0.339,3,-7.885,1,0.0338,0.691,0,0.12,0.0849,100.607,4
spotify:track:6tPMlRzmNkEFGKJptSPdl3,Vacation,Vacation,Taylor Iman Jones;Head Over Heels - A New Musical Femaile Ensemble,9/28/2018,160445,12,FALSE,,2023-05-22T13:56:55Z,,Masterworks,0.462,0.801,5,-3.088,1,0.0385,0.227,0,0.146,0.257,153.883,4
spotify:track:1d5jSrdVhueiQ9wytdN2W2,Wanted Dead Or Alive,Rock of Ages (Original Broadway Cast Recording),Rock Of Ages Cast;Amy Spanger;James Carpinello,4/1/2009,199462,32,FALSE,,2023-05-21T13:10:20Z,musicals,WaterTower Music,0.367,0.525,7,-6.957,1,0.0434,0.0598,0,0.25,0.313,166.444,4
spotify:track:6uolaLderSlLQ4sW8WigHA,I Hate Myself For Loving You / Heat Of The Moment,Rock of Ages (Original Broadway Cast Recording),Constantine Maroulis;Rock Of Ages Cast;Amy Spanger;James Carpinello,4/1/2009,137014,30,FALSE,,2023-05-21T13:09:09Z,musicals,WaterTower Music,0.558,0.898,1,-4.573,1,0.0487,0.00311,0.000778,0.334,0.445,125.994,4
spotify:track:2Qp4DQnQJ49TIAK7WSKZmj,The Final Countdown,Rock of Ages (Original Broadway Cast Recording),Mitchell Jarvis;Lauren Molina;Rock Of Ages Cast;Paul Schoeffler;Wesley Taylor;Adam Dannheisser,4/1/2009,211880,28,FALSE,,2023-05-21T12:58:48Z,musicals,WaterTower Music,0.509,0.921,10,-5.863,0,0.0893,0.00501,0.00000996,0.145,0.261,120.175,4
spotify:track:4VZDv8sASBS8UruUBGTFdk,Hold On,Wilson Phillips,Wilson Phillips,5/8/1990,266866,73,FALSE,,2023-05-21T12:58:14Z,,SBK/EMI RECORDS,0.68,0.657,5,-9.897,1,0.0255,0.4,0,0.0497,0.546,97.801,4
spotify:track:36lkJSDyMEZoWTqtRj8Q8q,You're the Inspiration - 2006 Remaster,Chicago 17 (Expanded & Remastered),Chicago,5/14/1984,229240,78,FALSE,,2023-05-21T12:52:09Z,"yacht rock,soft rock",Rhino/Warner Records,0.583,0.602,11,-6.364,1,0.0274,0.368,0,0.22,0.388,74.008,4
spotify:track:43GS3mtezoIFiuIZCLLiDY,Every Rose Has Its Thorn - 2003 Remaster,Open Up And Say...Ahh! (20th Anniversary Edition),Poison,3/21/1988,260173,74,FALSE,,2023-05-21T12:48:06Z,"glam metal,glam rock",Capitol Records,0.531,0.632,6,-5.557,1,0.0312,0.16,0.0000114,0.364,0.294,140.176,4
spotify:track:49NDegc7RQyvq6mhAs06p6,Only Time Will Tell,Asia,Asia,3/8/1982,284893,63,FALSE,,2023-05-21T12:47:54Z,"aor,progressive rock,arena rock",Geffen,0.323,0.843,9,-7.945,0,0.0669,0.0933,0.0000167,0.0799,0.307,125.544,4
spotify:track:6w7ily4cFWEPO0XWFQYeUO,Bulletproof,When Legends Rise,Godsmack,4/27/2018,177048,1,FALSE,,2023-05-18T15:40:09Z,"alternative metal,nu metal,hard rock,rap metal,metal",BMG Rights Management (US) LLC,0.39,0.91,5,-3.268,0,0.133,0.000198,0,0.156,0.644,162.253,4
spotify:track:5rDLisLOgjDqLqEQNMAqmT,This Could Be Love,Good Mourning,Alkaline Trio,5/13/2003,227026,0,FALSE,,2023-05-18T15:29:32Z,"pop punk,punk,emo,skate punk",Vagrant Records,0.406,0.895,9,-5.31,1,0.0426,0.0419,0.0000459,0.1,0.771,166.503,4
spotify:track:5I1ZxztCi4MdwQYFQgYJel,We've Had Enough,Good Mourning,Alkaline Trio,5/13/2003,171200,0,TRUE,,2023-05-18T15:26:24Z,"pop punk,punk,emo,skate punk",Vagrant Records,0.341,0.946,9,-2.879,1,0.0729,0.00538,0,0.293,0.696,176.771,4
spotify:track:0YqdsM9x9NtKUfwqooo6iV,I Can't Believe,Is This Thing Cursed?,Alkaline Trio,8/31/2018,241320,31,FALSE,,2023-05-18T15:21:06Z,"pop punk,punk,emo,skate punk",Epitaph,0.498,0.951,1,-4.032,0,0.0996,0.000242,0,0.113,0.267,132.039,4
spotify:track:0Wc6ODSpRuAIfJySTUAfHM,When the Heartache Ends,Something to Be,Rob Thomas,4/5/2005,171840,42,FALSE,,2023-05-17T19:19:17Z,,Melisma/Atlantic Records,0.62,0.643,10,-6.845,1,0.023,0.169,0,0.12,0.254,86.965,4
spotify:track:2B503tiZmBFv9b8VomUHFK,There Will Be A Day,Speaking Louder Than Before,Jeremy Camp,1/1/2008,279440,59,FALSE,,2023-05-15T17:43:45Z,"christian,ccm,christian rock,worship,christian alternative rock,christian pop",Brandon Ebel Company (BEC),0.345,0.667,6,-5.705,1,0.0385,0.109,0,0.103,0.208,77.291,4
spotify:track:2BWWsCwuHAZFE1scLyP6Qe,Somebody To You,Meet The Vamps,The Vamps;Demi Lovato,11/4/2014,182826,61,FALSE,,2023-05-13T21:10:49Z,,EMI,0.559,0.849,3,-4.676,1,0.0454,0.0854,0,0.328,0.759,86.978,4
spotify:track:2kcKzbmiyS7kpwSka7nSmt,God So Loved,Holy Water,We The Kingdom,8/7/2020,265466,69,FALSE,,2023-05-13T21:07:55Z,"worship,christian,country christian,ccm,christian pop",Sparrow (SPR),0.48,0.807,10,-5.281,1,0.0357,0.00815,0,0.141,0.394,99.94,4
spotify:track:0t7fVeEJxO2Xi4H2K5Svc9,Send My Love (To Your New Lover),25,Adele,11/20/2015,223078,75,FALSE,,2023-05-13T21:07:22Z,soft pop,XL Recordings,0.688,0.533,6,-8.363,0,0.0865,0.0355,0.00000348,0.172,0.567,164.069,4
spotify:track:3RwvO1Mit858RMmFVtREBU,Wait for Me (Reprise),Wait for Me (Reprise),André De Shields;Hadestown Original Broadway Company;Anaïs Mitchell,7/12/2019,192281,66,FALSE,,2023-05-13T20:46:24Z,musicals,Sing It Again Records,0.705,0.501,0,-6.352,1,0.0933,0.576,0.00000362,0.636,0.203,92.08,4
spotify:track:3iwsyTZzOWHZbHffBEyi1N,Right Now,Now You See Inside,SR-71,6/19/2000,167200,64,FALSE,,2023-05-13T20:33:23Z,"pop punk,punk",RCA Records Label,0.524,0.967,8,-3.322,1,0.0392,0.000289,0.00000741,0.324,0.731,116.273,4
spotify:track:3qBvrLYZJyo5MT56Jg6YAX,"Just Around the Riverbend - From ""Pocahontas""",Songs and Story: Pocahontas,Judy Kuhn,8/7/2012,148800,48,FALSE,,2023-05-13T20:33:05Z,,Walt Disney Records,0.42,0.314,0,-11.66,1,0.0412,0.929,0.0000252,0.187,0.342,63.457,4
spotify:track:5zmFKotNwxzx2QHWpxLuTg,The Man Who Can't Be Moved - Acoustic,Acoustic Sessions,The Script,4/18/2018,228506,58,FALSE,,2023-05-13T20:27:49Z,,Columbia,0.357,0.394,8,-7.901,1,0.0402,0.881,0,0.113,0.488,205.416,4
spotify:track:464HG7mt7NNKtKY0Hco8Y8,For You,Break the Cycle,Staind,8/20/2001,206200,74,TRUE,,2023-05-12T18:54:50Z,"post-grunge,nu metal,alternative metal",Atlantic Records/ATG,0.318,0.958,10,-2.683,1,0.442,0.0603,0.00000468,0.0981,0.3,163.089,4
spotify:track:10M2Ex445zw585Ducldzkw,In Case You Didn't Know,Brett Young,Brett Young,2/10/2017,224853,76,FALSE,,2023-05-12T18:22:14Z,country,"Big Machine Label Group, LLC",0.607,0.536,10,-7.306,1,0.0302,0.386,0,0.102,0.436,147.992,4
spotify:track:5kqIPrATaCc2LqxVWzQGbk,7 Years,Lukas Graham,Lukas Graham,4/1/2016,237300,87,FALSE,,2023-05-12T18:18:16Z,dansk pop,Warner Records,0.765,0.473,10,-5.829,1,0.0514,0.287,0,0.391,0.34,119.992,4
spotify:track:0nJW01T7XtvILxQgC5J7Wh,When I Was Your Man,Unorthodox Jukebox,Bruno Mars,12/7/2012,213826,90,FALSE,,2023-05-12T13:12:45Z,,Atlantic Records,0.612,0.28,0,-8.648,1,0.0434,0.932,0,0.088,0.387,72.795,4
spotify:track:3Q9TFsA0EkKJSaehLzxAM9,Rebels of the Sacred Heart,Drunken Lullabies,Flogging Molly,3/19/2002,311893,1,FALSE,,2023-05-11T19:53:06Z,"celtic punk,celtic rock,celtic,folk punk,punk",SideOneDummy Records,0.252,0.926,2,-4.146,1,0.083,0.0231,0.00000483,0.106,0.43,153.814,4
spotify:track:7795WJLVKJoAyVoOtCWqXN,I'm Not The Only One,In The Lonely Hour,Sam Smith,5/26/2014,239316,87,FALSE,,2023-05-11T19:52:26Z,soft pop,PLG - Capitol,0.678,0.484,5,-5.795,1,0.0361,0.529,0.0000201,0.0766,0.493,82.004,4
spotify:track:6TRp2628QKH3kY6KrCnjqp,You Are the Music in Me,High School Musical 2 (Original Soundtrack),Troy;Gabriella;Disney,1/1/2007,207866,66,FALSE,,2023-05-11T13:47:29Z,,Walt Disney Records,0.38,0.766,5,-4.518,1,0.065,0.441,0,0.0991,0.477,101.978,4
spotify:track:0wI7QkCcs8FUQE1OkXUIqd,Scars To Your Beautiful,Know-It-All,Alessia Cara,11/13/2015,230240,83,FALSE,,2023-05-08T15:38:50Z,,"EP Entertainment, LLC / Def Jam",0.319,0.739,0,-5.74,1,0.272,0.0285,0,0.111,0.449,194.169,4
spotify:track:1Bqg4yFeVDJxchh6MjkGKy,Chambea,Chambea,Bad Bunny,12/1/2017,192001,71,TRUE,,2023-05-07T18:33:05Z,"reggaeton,trap latino,latin,urbano latino",Rimas Entertainment LLC.,0.856,0.866,0,-3.494,1,0.159,0.228,0.00154,0.164,0.638,116.005,4
spotify:track:2E43WFS4rRc09za2r2GmZl,My Songs Know What You Did In The Dark (Light Em Up),Save Rock And Roll,Fall Out Boy,4/12/2013,186826,80,FALSE,,2023-05-07T15:25:39Z,"emo,pop punk",Island Records,0.557,0.924,9,-4.341,0,0.064,0.0271,0.00000332,0.537,0.566,151.988,4
spotify:track:49rpdsNYJirTTf6p6mMvag,Angel With A Shotgun,Symphony Soldier,The Cab,2011,221386,5,FALSE,,2023-05-07T15:22:13Z,,Republic Records,0.546,0.837,2,-5.13,1,0.0519,0.00549,0,0.387,0.402,124.007,4
spotify:track:2D52zjCyqEIQa221lhw6uk,This Is War,This Is War,Thirty Seconds To Mars,1/1/2009,326983,4,FALSE,,2023-05-07T15:20:53Z,,Virgin Records,0.402,0.723,6,-5.26,1,0.0579,0.0663,0.000002,0.233,0.224,160.047,4
spotify:track:6IC9Z6KQBD7LbtijqzPNHe,Requiem for a Dying Song,Float,Flogging Molly,3/4/2008,210693,1,FALSE,,2023-05-05T13:32:23Z,"celtic punk,celtic rock,celtic,folk punk,punk",SideOneDummy Records,0.463,0.969,7,-3.05,1,0.0374,0.0135,0.0162,0.358,0.947,169.965,4
spotify:track:0jceXOZ2D9ZSzsfl3CKlxg,Great Things,Living Hope,Phil Wickham,8/3/2018,290133,56,FALSE,,2023-05-02T15:03:44Z,"worship,christian,ccm",Fair Trade/Columbia,0.509,0.897,1,-4.809,0,0.051,0.00227,0,0.129,0.318,101.959,4
spotify:track:46XMysg4VurmyAQ28tshqz,The Mess I Made,Losing Sleep (Deluxe Edition),Parachute,1/1/2009,231453,42,FALSE,,2023-05-02T15:01:44Z,,Mercury Records,0.405,0.591,6,-5.129,1,0.0339,0.0153,0,0.199,0.173,165.377,4
spotify:track:5jikbiarPYHC9fc3lYrHfV,A Thousand Years,From The Screen To Your Stereo 3,New Found Glory,5/3/2019,240943,51,FALSE,,2023-04-27T15:36:44Z,"pop punk,punk,emo",Hopeless Records,0.181,0.952,10,-4.899,1,0.0698,0.00228,0,0.107,0.597,83.526,3
spotify:track:0QA5n3Mwosk7p7rmnBpuAS,This Is Me,From The Screen To Your Stereo 3,New Found Glory,5/3/2019,208475,50,FALSE,,2023-04-27T15:31:42Z,"pop punk,punk,emo",Hopeless Records,0.57,0.95,1,-4.643,1,0.0482,0.000254,0,0.0624,0.622,105.006,4
spotify:track:7grWGhX8SHNmyGOkMNVMCt,There Was This Girl,Different 'Round Here,Riley Green,9/20/2019,194426,75,FALSE,,2023-04-27T15:31:01Z,country,BMLG Records,0.616,0.877,1,-4.223,1,0.0347,0.00258,0.00000256,0.114,0.94,127.981,4
spotify:track:179pZIEqVbW4dwzWp4s1nj,WWE: Visionary (Seth Rollins),WWE: Visionary (Seth Rollins),WWE;def rebel,5/10/2021,144436,0,FALSE,,2023-04-26T19:39:13Z,,"WWE, Inc.",0.51,0.977,2,-5.249,0,0.0644,0.00000579,0.752,0.363,0.319,112.081,4
spotify:track:7lg0XrvUawyMBRv13zwALu,Under The Knife,The Sufferer & The Witness,Rise Against,1/1/2006,165173,1,FALSE,,2023-04-26T19:26:15Z,"punk,hardcore punk",Geffen,0.573,0.984,10,-3.846,0,0.0653,0.000608,0.00000257,0.0356,0.502,104.334,4
spotify:track:3cyX3DY6dvKJjYTvjB3d2Q,I Walk Alone (Batista),WWE: Wreckless Intent,WWE;Saliva,5/23/2006,247400,26,FALSE,,2023-04-26T19:17:03Z,"nu metal,rap metal","WWE, Inc.",0.391,0.876,6,-4.096,1,0.0316,0.0000777,0.012,0.0714,0.299,150.131,4
spotify:track:7M6zrVLGNjY7KBlDXahedI,Only One - Live,Sunday Setlist #2 (Live),The Worship Initiative;Davy Flowers,4/7/2023,261866,11,FALSE,,2023-04-24T23:15:38Z,"worship,hymns,christian",The Worship Initiative,0.191,0.531,1,-7.855,1,0.0418,0.0166,0,0.128,0.23,81.151,4
spotify:track:1vxLrzkZv3VICnuuJoVDBH,Jesus Paid It All,"The Worship Initiative, Vol. 5",The Worship Initiative;Shane & Shane,7/29/2014,228330,47,FALSE,,2023-04-24T23:06:47Z,"worship,hymns,christian,ccm",WellHouse Records,0.557,0.292,2,-11.631,1,0.03,0.202,0,0.135,0.113,139.994,3
spotify:track:2RRjbdi0a8hYy1bpIr1W6J,Hallelujah for the Cross,"The Worship Initiative, Vol. 18",The Worship Initiative;Shane & Shane,1/17/2020,287197,35,FALSE,,2023-04-24T22:44:27Z,"worship,hymns,christian,ccm",The Worship Initiative,0.444,0.53,0,-10.664,1,0.0323,0.0133,0.000737,0.112,0.178,75.024,4
spotify:track:6nVm313QmsPlNllntTart1,Living Hope,Living Hope,Phil Wickham,8/3/2018,327000,66,FALSE,,2023-04-24T21:01:04Z,"worship,christian,ccm",Fair Trade/Columbia,0.211,0.558,3,-6.232,1,0.041,0.0304,0,0.0978,0.317,143.452,4
spotify:track:3Gyl1BvC41QD8rXEMfSQWY,House Of The Lord,Hymn Of Heaven,Phil Wickham,6/25/2021,256133,65,FALSE,,2023-04-24T19:47:28Z,"worship,christian,ccm",Fair Trade/Columbia,0.491,0.773,10,-4.545,1,0.0328,0.0199,0,0.139,0.296,85.964,4
spotify:track:4vkeAHQBXmUTgMOfaT94CR,Love Moved First,Only Jesus,Casting Crowns,11/16/2018,205800,53,FALSE,,2023-04-24T19:40:55Z,"christian,worship,ccm,christian rock,christian alternative rock,christian pop",Reunion Records,0.528,0.709,10,-6.393,1,0.0392,0.367,0,0.153,0.423,141.962,4
spotify:track:3f8HOaPL4LogzDsuMr9Nu4,Way Maker,Way Maker,Mandisa,1/3/2020,242160,54,FALSE,,2023-04-24T19:40:29Z,"christian,ccm,christian pop,worship,christian edm",Sparrow (SPR),0.484,0.767,9,-5.615,1,0.0389,0.0813,0,0.342,0.218,136.002,4
spotify:track:0T8ImseEmDPO88UTfiIdVr,No Longer Slaves,No Longer Slaves,I AM THEY,5/6/2016,230088,51,FALSE,,2023-04-24T19:39:57Z,"christian,worship,ccm,christian folk",Essential Records,0.525,0.581,11,-6.222,1,0.028,0.00749,0.0000546,0.11,0.326,147.708,4
spotify:track:0QtYlr0TOfrEU4ONDUNA29,O Praise The Name (Anástasis),O Praise The Name (Anástasis),Hillsong Worship,4/21/2015,243666,0,FALSE,,2023-04-24T19:37:19Z,"worship,christian,pop worship,ccm,gospel",Hillsong (HIL),0.512,0.361,0,-7.782,1,0.0361,0.442,0,0.121,0.271,143.851,4
spotify:track:3R5BU2DhDoAo1vzI2poV6R,"1,000 Names",Hymn Of Heaven,Phil Wickham,6/25/2021,344200,48,FALSE,,2023-04-24T19:31:04Z,"worship,christian,ccm",Fair Trade/Columbia,0.458,0.691,10,-5.802,1,0.0551,0.155,0,0.117,0.107,129.177,4
spotify:track:16UFXi7IGVGG1mUSBMHfh2,Firm Foundation (He Won't)[Feat. Chandler Moore],Firm Foundation (He Won't),Maverick City Music;Cody Carnes;Chandler Moore,1/3/2022,524757,69,FALSE,,2023-04-24T19:30:57Z,"worship,gospel,christian",Tribl Records,0.172,0.559,1,-7.824,1,0.0424,0.324,0,0.0704,0.261,85.777,1
spotify:track:1zhp0SM5CkGUdoCFagzVPe,Reign Above It All - Live,Revival's In The Air (Live),Bethel Music;Paul McClure,5/29/2020,347566,0,FALSE,,2023-04-24T19:30:34Z,"worship,christian,pop worship,ccm",Bethel Music,0.276,0.507,9,-8.25,1,0.0326,0.154,0,0.0761,0.186,73.98,4
spotify:track:7k6FvX8WhPoYDHMl4QCavz,Take You At Your Word (with Benjamin William Hastings) - Live,God Is Good! (Live),Cody Carnes;Benjamin William Hastings,9/30/2022,316250,63,FALSE,,2023-04-24T19:30:06Z,"worship,christian,pop worship",Sparrow (SPR),0.307,0.835,2,-7.238,1,0.0418,0.000151,0.00000534,0.192,0.249,115.058,4
spotify:track:79t5XYhIMyZPOVyKVSJxM2,"For You, And Your Denial","When You're Through Thinking, Say Yes",Yellowcard,3/22/2011,213893,60,FALSE,,2023-04-23T02:15:01Z,"pop punk,punk,emo",Hopeless Records,0.39,0.986,2,-3.529,1,0.0906,0.000303,0.00011,0.18,0.477,175.101,4
spotify:track:7jOmU5z5lgwTL5meoapbMf,Work,Futures (Deluxe Edition),Jimmy Eat World,2004,203506,60,FALSE,,2023-04-23T02:12:03Z,"emo,pop punk",Interscope,0.544,0.914,8,-3.614,1,0.0597,0.00575,0,0.192,0.352,115.057,4
spotify:track:3EuiMoY8lTjAvIqNf8Uyr3,Feel Good Drag,New Surrender,Anberlin,1/1/2008,187853,62,FALSE,,2023-04-23T02:09:51Z,"christian rock,christian alternative rock",Universal (MT),0.49,0.877,5,-4.37,0,0.0496,0.00437,0.0000505,0.3,0.546,93.986,4
spotify:track:2ZICF8SFI5tHttaLJKMY1X,False Pretense,Don't You Fake It,The Red Jumpsuit Apparatus,1/1/2006,149640,63,FALSE,,2023-04-22T16:34:21Z,"pop punk,emo",Virgin Records,0.509,0.93,0,-2.689,0,0.0474,0.00137,0,0.152,0.783,154.946,4
spotify:track:7LyZKnITD52R7SLxoh2VFq,Always Be,Chase This Light,Jimmy Eat World,1/1/2007,184680,50,FALSE,,2023-04-22T16:32:56Z,"emo,pop punk",Interscope,0.387,0.949,5,-3.566,1,0.045,0.000231,0,0.0694,0.744,170.46,4
spotify:track:1SeefzwSDiFCjRWaBslRIj,Something's Gotta Give,Future Hearts,All Time Low,4/7/2015,189418,58,TRUE,,2023-04-22T16:28:56Z,"pop punk,emo,punk",Hopeless Records,0.496,0.913,4,-3.286,1,0.0449,0.0101,0,0.118,0.675,165.986,4
spotify:track:56Tl3UgyZTqfZtvFNS31wm,The Great Escape,Boys Like Girls,BOYS LIKE GIRLS,2006,206520,70,FALSE,,2023-04-22T16:04:41Z,"pop punk,emo",Columbia,0.423,0.94,1,-4.012,0,0.0635,0.00166,0,0.178,0.505,149.934,4
spotify:track:4LxX6vXLnrfamm2Suj6WNf,Hurricane,Leaving Through The Window,Something Corporate,1/1/2002,230706,51,FALSE,,2023-04-22T15:56:46Z,"pop punk,emo",Drive Thru Records,0.38,0.915,0,-5.485,1,0.141,0.00127,0.00000122,0.116,0.337,169.083,4
spotify:track:17XgxMFNzBYv38TEJRC18D,The Hell Song,Does This Look Infected?,Sum 41,1/1/2002,198493,65,TRUE,,2023-04-22T15:37:27Z,"pop punk,punk,skate punk",Island Records,0.357,0.931,8,-5.538,0,0.0796,0.000142,0.0138,0.344,0.658,173.32,4
spotify:track:5DKlSWi2DY3uXuwfctcRKi,Secrets,Around the World and Back (Deluxe),State Champs,5/5/2017,224423,0,FALSE,,2023-04-22T15:30:40Z,"pop punk,acoustic pop,punk",Pure Noise Records,0.561,0.964,8,-3.312,1,0.0487,0.000143,0,0.0603,0.579,105.009,4
spotify:track:6ipZTV2woIzW2BBCfQR8D7,Pieces - Radio Mix,Pieces (Radio Mix),Rob Thomas,2013,219562,34,FALSE,,2023-04-21T15:46:00Z,,Atlantic Records,0.616,0.587,5,-4.675,1,0.0262,0.328,0.00000192,0.118,0.421,118.524,4
spotify:track:2yARskwKoNDTbL61y3qqjy,Hold on Forever,The Great Unknown,Rob Thomas,8/21/2015,215120,55,FALSE,,2023-04-21T15:37:59Z,,Atlantic Records,0.473,0.859,4,-5.948,1,0.0396,0.194,0.0000026,0.161,0.787,75.824,4
spotify:track:4585IKfPMXI7CuX4TFa32k,Can't Help Me Now,Chip Tooth Smile,Rob Thomas,4/26/2019,203360,51,FALSE,,2023-04-21T15:30:39Z,,Atlantic Records,0.424,0.791,9,-4.503,1,0.0436,0.00274,0,0.254,0.472,79.812,4
spotify:track:6dsqmYM8JnkP5PCU5jXN0G,Road To You,Bookmarks,Five For Fighting,9/17/2013,171194,36,FALSE,,2023-04-21T15:27:14Z,,Wind-up Records,0.65,0.748,0,-5.854,1,0.0271,0.0528,0,0.076,0.238,115.011,4
spotify:track:6RJoqL7C1kEN6IL8zV6auG,Sunday Best,All The Stars and Boulevards,Augustana,2005,200840,40,FALSE,,2023-04-18T16:12:31Z,,Epic,0.536,0.694,9,-7.041,1,0.0264,0.0429,0.00268,0.2,0.397,142.07,4
spotify:track:0KeDuUqEX3P0cKzRD5pEom,"If I Had $1,000,000",Gordon,Barenaked Ladies,7/28/1992,266733,61,FALSE,,2023-04-18T15:42:30Z,,Sire/Warner Records,0.644,0.433,9,-14.016,1,0.113,0.378,0,0.101,0.761,80.161,4
spotify:track:2skmOCFU64Bg7Ytkgwliwe,All For You,...Somewhere More Familiar,Sister Hazel,2/25/1997,218706,71,FALSE,,2023-04-18T15:42:01Z,,Universal Records,0.633,0.754,8,-6.497,1,0.0382,0.0316,0.0000249,0.091,0.641,137.049,4
spotify:track:0cAskiTAbhtwGenaGQXkG4,A Thousand Words,The Ides of March,Myles Kennedy,5/14/2021,221952,34,FALSE,,2023-04-17T23:46:30Z,,Napalm Records Handels GmbH,0.457,0.932,4,-4.402,0,0.0629,0.00193,0.000146,0.337,0.327,110.013,4
spotify:track:7HIXh23mldfYBS0ThmpMln,The First the Last,A Dying Machine,Tremonti,6/8/2018,281339,32,FALSE,,2023-04-17T23:40:38Z,"alternative metal,post-grunge,hard rock",Napalm Records,0.449,0.835,2,-5.331,1,0.0473,0.000127,0.00000718,0.147,0.191,111.043,4
spotify:track:1TCo3YtWQSpfpUGhb4Dttp,make me wanna die,make me wanna die,lovelytheband,3/31/2023,187636,21,TRUE,,2023-04-17T22:38:54Z,,Happy Accident,0.44,0.863,7,-4.522,1,0.0391,0.00143,0.00197,0.118,0.596,82.538,4
spotify:track:1OFKUn2VLafrHj7ybnap0Q,Only Wanna Be With You,Cracked Rear View,Hootie & The Blowfish,7/1/1994,229586,77,FALSE,,2023-04-17T22:32:59Z,,Atlantic Records,0.49,0.873,6,-5.861,1,0.0355,0.107,0.00000519,0.118,0.513,103.272,4
spotify:track:7qeN5alJ4lDYP2Yne9qZ4q,Wild Dogs (Running in a Slow Dream) - Acoustic,Wild Dogs (Running in a Slow Dream) [Acoustic],Matchbox Twenty,4/14/2023,209366,22,FALSE,,2023-04-17T22:14:18Z,post-grunge,Atlantic Records,0.387,0.492,4,-9.367,1,0.0372,0.658,0,0.119,0.715,83.863,4
spotify:track:6fjrSDbX5EKJS6stM1eLZT,Wild Dogs (Running in a Slow Dream),Wild Dogs (Running in a Slow Dream) [Acoustic],Matchbox Twenty,4/14/2023,210952,16,FALSE,,2023-04-17T22:10:40Z,post-grunge,Atlantic Records,0.565,0.82,4,-5.729,1,0.162,0.00952,0,0.0824,0.859,174.985,4
spotify:track:0G5H6obIlkZbqT02UiI4u4,Think It Over,Mammoth WVH,Mammoth,6/11/2021,235119,0,FALSE,,2023-04-17T03:53:56Z,,EX1 Records,0.532,0.943,4,-3.8,1,0.116,0.000462,0.000399,0.118,0.554,124.069,4
spotify:track:33jAC1Xr5E1bkXKtoJb0NE,Mr. Crowley - Live from Blizzard Of Ozz tour,Blizzard Of Ozz (40th Anniversary Expanded Edition),Ozzy Osbourne,9/18/2020,397647,37,FALSE,,2023-04-15T17:10:40Z,"metal,glam metal,heavy metal,hard rock",Epic/Legacy,0.271,0.971,5,-4.906,1,0.0883,0.000828,0.00704,0.975,0.178,101.115,4
spotify:track:4COleG16xBCkpofKHsJU2p,Ohio (Come Back To Texas),A Hangover You Don't Deserve,Bowling For Soup,2004,230560,58,FALSE,,2023-04-15T16:44:38Z,"pop punk,punk",Jive,0.416,0.748,11,-4.83,1,0.0487,0.0000743,0,0.0995,0.792,150.094,4
spotify:track:6Nm8h73ycDG2saCnZV8poF,Dragula,Hellbilly Deluxe,Rob Zombie,1/1/1998,222826,83,FALSE,,2023-04-15T16:44:15Z,"industrial metal,industrial rock,alternative metal,metal,nu metal",Geffen,0.59,0.963,0,-6.489,0,0.0676,0.0000875,0.000105,0.0781,0.586,125.033,4
spotify:track:7rSERmjAT38lC5QhJ8hnQc,I'm Shipping Up To Boston,The Warrior's Code,Dropkick Murphys,7/19/2005,153600,73,FALSE,,2023-04-15T16:03:22Z,"celtic punk,celtic rock,celtic,punk,folk punk",Hellcat/Epitaph,0.452,0.928,2,-3.133,1,0.079,0.000706,0.000637,0.226,0.6,129.188,4
spotify:track:1SDl9wY1MqbpJQW0yKEWxL,Enemies,Amaryllis,Shinedown,3/23/2012,188093,69,FALSE,,2023-04-14T17:45:22Z,"post-grunge,alternative metal,rock",Atlantic Records,0.507,0.966,1,-2.635,1,0.046,0.00159,0,0.336,0.502,136.035,4
spotify:track:420JGkyLfLUZcgBHKiIK9v,45,Leave a Whisper (Deluxe Edition),Shinedown,7/15/2003,250093,73,FALSE,,2023-04-14T17:36:33Z,"post-grunge,alternative metal,rock",Atlantic Records,0.446,0.657,7,-4.494,1,0.0262,0.0022,0,0.189,0.215,152.132,3
spotify:track:0W9Xvd4Qx1aZPxEi94vgRY,Sound of Madness,The Sound of Madness,Shinedown,6/23/2008,233986,75,FALSE,,2023-04-14T17:36:28Z,"post-grunge,alternative metal,rock",Atlantic Records,0.328,0.939,2,-1.654,0,0.0423,0.0000493,0.0065,0.337,0.329,185.971,4
spotify:track:0CwYG1UnRmOx8Q1EzElCIL,Second Chance,The Sound of Madness,Shinedown,6/23/2008,222066,78,FALSE,,2023-04-14T17:36:25Z,"post-grunge,alternative metal,rock",Atlantic Records,0.46,0.796,0,-4.501,0,0.0333,0.00107,0,0.106,0.182,100.011,4
spotify:track:61Qhe2mHSLhUE04QeK4lkD,Breakaway,Breakaway,Kelly Clarkson,1/17/2004,237000,70,FALSE,,2023-04-13T23:36:04Z,christmas,RCA Records Label,0.446,0.701,9,-4.179,0,0.0295,0.0298,0.00000889,0.0931,0.394,159.958,3
spotify:track:0afhq8XCExXpqazXczTSve,Galway Girl,÷ (Deluxe),Ed Sheeran,3/3/2017,170826,82,FALSE,,2023-04-13T23:35:18Z,soft pop,Atlantic Records UK,0.624,0.876,9,-3.374,1,0.1,0.0735,0,0.327,0.781,99.943,4
spotify:track:0nd1Vs5BIoIU4TJlzR8KVB,Faith - Remastered,Faith,George Michael,10/30/1987,193200,61,FALSE,,2023-04-13T23:35:10Z,,Epic,0.887,0.48,11,-11.994,1,0.117,0.0094,0.0000358,0.0662,0.607,95.846,4
spotify:track:7ppPZa3TRUSGKaks9wH7VT,Don't Look Back In Anger,(What's The Story) Morning Glory?,Oasis,10/2/1995,287826,77,FALSE,,2023-04-13T23:29:42Z,britpop,Big Brother Recordings Ltd,0.349,0.917,0,-3.645,1,0.071,0.026,0.00000725,0.0968,0.206,164.036,4
spotify:track:3z9jfBQ46bnhzjdkL5ATcn,Easy On Me,Easy On Me,No Resolve,11/12/2021,223404,41,FALSE,,2023-04-13T22:19:39Z,,Noise Machine,0.484,0.838,3,-4.378,1,0.0371,0.0175,0,0.101,0.289,141.967,4
spotify:track:3fmU3mbgJwilp8j0QvDoDF,We Are Never Ever Getting Back Together,We Are Never Ever Getting Back Together,No Resolve,11/26/2021,208693,39,FALSE,,2023-04-13T22:19:21Z,,Noise Machine,0.402,0.943,5,-3.598,1,0.0812,0.0000696,0,0.558,0.622,172.061,4
spotify:track:6sIYRzeM8ke76g4zudDJF1,One Light,The Greatest Hits,3 Doors Down,1/1/2012,176346,43,FALSE,,2023-04-13T22:15:47Z,post-grunge,Universal Records,0.372,0.976,11,-3.67,1,0.0625,0.00117,0.00326,0.0597,0.433,170.087,4
spotify:track:0lHSJ0ZP8uUPnJXhMdGjOK,Attack,A Beautiful Lie,Thirty Seconds To Mars,8/16/2005,188186,68,FALSE,,2023-04-13T22:10:47Z,,Virgin Records,0.333,0.877,5,-1.894,0,0.0603,0.00332,0.00101,0.769,0.285,175.095,4
spotify:track:11oQLJg7aXHZ9VieRAB15O,Just,A Decade Array: The Complete Collection 2011-2021,Startisan,12/31/2021,200592,42,FALSE,,2023-04-13T22:03:40Z,,Startisan,0.387,0.812,0,-4.826,0,0.0585,0.00148,0.00000264,0.103,0.49,158.508,4
spotify:track:6Qn5zhYkTa37e91HC1D7lb,Whatever It Takes,Evolve,Imagine Dragons,6/23/2017,201240,85,FALSE,,2023-04-13T21:59:00Z,,Kid Ina Korner / Interscope,0.672,0.655,10,-5.021,0,0.031,0.0362,0,0.117,0.555,134.948,4
spotify:track:3cOO5IQtOYs7huq4Z6lYfr,Love Runs Out,Native,OneRepublic,1/1/2014,224853,70,FALSE,,2023-04-13T21:23:18Z,,Mosley / Interscope,0.715,0.931,7,-3.793,1,0.0565,0.171,0,0.0757,0.742,120.025,4
spotify:track:0vNkcvc0mldlTOoi4jpufh,WWE: Worlds Apart (Sami Zayn),WWE: Worlds Apart (Sami Zayn),WWE;CFO$,5/29/2014,261833,8,FALSE,,2023-04-13T21:12:01Z,,"WWE, Inc.",0.404,0.988,7,-5.346,1,0.0653,0.00011,0.93,0.357,0.592,90.001,4
spotify:track:6WV1sNIE0gG9cIdQ27vuvI,Price to Play,14 Shades of Grey,Staind,5/13/2003,215266,54,FALSE,,2023-04-13T21:01:02Z,"post-grunge,nu metal,alternative metal",Elektra Records,0.41,0.922,1,-1.906,0,0.0499,0.000031,0.000343,0.189,0.327,109.511,4
spotify:track:2kwh3wHySHN1QCTAfMoxbm,The Only Way Out,Man on the Run (Deluxe Version),Bush,10/17/2014,202560,38,FALSE,,2023-04-13T20:56:10Z,"grunge,post-grunge",Zuma Rock Records,0.584,0.771,2,-4.672,1,0.0302,0.00324,0.0000123,0.0917,0.275,115.023,4
spotify:track:5nakPOknHu3XkeeHoVvhCd,Broken,Disclaimer,Seether,1/1/2002,257600,61,FALSE,,2023-04-13T20:46:43Z,"post-grunge,alternative metal,rock",Fantasy Records,0.666,0.475,4,-5.618,0,0.0268,0.0189,0.00000131,0.0882,0.183,123.67,4
spotify:track:3kuk5RoJTnBEFDu69GSG1S,More Than Machines,The Art Of Survival,Bush,10/7/2022,201541,0,FALSE,,2023-04-13T20:46:35Z,"grunge,post-grunge",BMG Rights Management (US) LLC,0.505,0.84,6,-3.903,1,0.107,0.000571,0.0000184,0.047,0.728,92.966,4
spotify:track:3hDIkJvUCJIeDFLaBwfGCX,The Real Thing,The Real Thing,Ron Pope,3/29/2023,201057,0,FALSE,,2023-04-12T22:22:18Z,,Brooklyn Basement Records,0.758,0.27,0,-9.516,1,0.0348,0.856,0.0000232,0.115,0.198,103.999,4
spotify:track:0cJzHu8FsJoO8MRXkPmO6g,The Last Hero (Live),Live at the Royal Albert Hall Featuring the Parallax Orchestra,Alter Bridge;The Parallax Orchestra,9/7/2018,415254,26,FALSE,,2023-04-12T19:27:54Z,"post-grunge,alternative metal,hard rock",Napalm Records Handels GmbH,0.359,0.952,0,-5.034,1,0.113,0.0000117,0.00435,0.989,0.126,113.115,3
spotify:track:4K9CS1nBHBKWswhcf2YQqK,Make It Right,AB III,Alter Bridge,1/1/2010,255149,29,TRUE,,2023-04-11T15:53:41Z,"post-grunge,alternative metal,hard rock",Unknown,0.131,0.915,8,-4.235,1,0.0779,0.0000433,0,0.262,0.342,94.051,3
spotify:track:397OVkVzw3J8ZqOBKGT3ED,How Are You? (ROSIE Rewrite),How Are You? (ROSIE Rewrite),ROSIE;Dylan Brady,4/7/2023,183143,0,FALSE,,2023-04-10T11:39:55Z,,Happy Boy Music / Dylan C. Brady,0.457,0.363,1,-7.028,1,0.0446,0.855,0,0.106,0.343,138.404,4
spotify:track:66Ax82JB40Iq5G2YykYMUQ,How Are You?,How Are You?,Dylan Brady,1/6/2023,169499,0,FALSE,,2023-04-08T03:04:05Z,,Happy Boy Music / Dylan C. Brady,0.485,0.37,1,-6.755,1,0.0446,0.826,0,0.102,0.369,139.248,4
spotify:track:7el5bFeoanKHhF87ByioE7,Saints & Sinners,Speed of Darkness,Flogging Molly,5/31/2011,211453,26,FALSE,,2023-04-05T19:34:43Z,"celtic punk,celtic rock,celtic,folk punk,punk",Borstal Beat Records,0.497,0.942,2,-4.876,1,0.0474,0.038,0.0000812,0.4,0.703,125.938,4
spotify:track:26b80trOylUmT3oLneMV2i,This Present State of Grace,Speed of Darkness,Flogging Molly,5/31/2011,168466,17,FALSE,,2023-04-05T19:31:22Z,"celtic punk,celtic rock,celtic,folk punk,punk",Borstal Beat Records,0.485,0.722,2,-6.704,1,0.0291,0.0869,0.0000101,0.166,0.692,109.588,4
spotify:track:3ETZg1Tg9dXeYtpv6zIpcZ,Within a Mile of Home,Within a Mile of Home,Flogging Molly,9/14/2004,233933,0,FALSE,,2023-04-05T19:30:10Z,"celtic punk,celtic rock,celtic,folk punk,punk",SideOneDummy Records,0.523,0.961,7,-4.16,0,0.0552,0.00335,0.684,0.367,0.393,107.999,4
spotify:track:3RkQe0mlyTdTKiXGv385F0,May the Living be Dead (In Our Wake),Drunken Lullabies,Flogging Molly,3/19/2002,230200,0,FALSE,,2023-04-05T19:25:03Z,"celtic punk,celtic rock,celtic,folk punk,punk",SideOneDummy Records,0.329,0.973,2,-3.895,1,0.0418,0.000129,0.173,0.323,0.832,145.082,4
spotify:track:1QxiAWrrZ2uFrjyzsC5jFg,Devil's Dance Floor,Swagger,Flogging Molly,3/7/2000,239653,9,FALSE,,2023-04-05T19:23:56Z,"celtic punk,celtic rock,celtic,folk punk,punk",SideOneDummy Records,0.47,0.917,7,-6.331,1,0.0538,0.0355,0.000582,0.0515,0.894,144.777,4
spotify:track:1l6y7uGONbXJ9Rfr42K01e,In Stride,The Ides of March,Myles Kennedy,5/14/2021,227199,37,FALSE,,2023-04-04T22:10:04Z,,Napalm Records Handels GmbH,0.408,0.906,7,-4.594,1,0.106,0.00367,0,0.329,0.454,135.051,4
spotify:track:4esOae7i4rqTbAu9o5Pxco,Girl on Fire,Girl on Fire (Remixes) - EP,Alicia Keys,11/18/2012,224920,82,FALSE,,2023-04-04T21:34:26Z,"r&b,neo soul",RCA Records Label,0.482,0.706,9,-5.762,1,0.0607,0.135,0.00106,0.105,0.144,92.513,4
spotify:track:6gHxKXy1f3QinBJQngJ2iN,Hearts Burst into Fire,Scream Aim Fire,Bullet For My Valentine,1/28/2008,297946,59,TRUE,,2023-04-04T21:13:52Z,"metalcore,metal",Jive,0.24,0.968,0,-3.669,0,0.109,0.000996,0.000106,0.119,0.119,89.686,4
spotify:track:1ZexZ95CxsvvDqsG2FTtwM,Les Poissons,The Little Mermaid: Original Broadway Cast Recording,John Treacy Egan as Chef Louis,2/26/2008,114826,33,FALSE,,2023-04-04T16:17:59Z,musicals,Walt Disney Records,0.469,0.328,2,-14.172,1,0.377,0.813,0,0.688,0.455,88.38,4
spotify:track:4noOyzJAcUmNorxr8gj67g,WWE: The Second Coming (Burn It Down) [Seth Rollins],WWE: The Second Coming (Burn It Down) [Seth Rollins],WWE;CFO$,6/19/2018,278210,9,FALSE,,2023-04-04T16:09:49Z,,"WWE, Inc.",0.746,0.773,7,-7.332,1,0.0753,0.0000273,0.616,0.106,0.627,94.995,4
spotify:track:7wOYlhUoHMpg2r96VWiIYR,Drones,The Sufferer & The Witness,Rise Against,1/1/2006,181600,0,FALSE,,2023-04-03T22:17:54Z,"punk,hardcore punk",Geffen,0.509,0.996,8,-3.741,1,0.0598,0.0000819,0.00000996,0.0545,0.365,104.671,4
spotify:track:1sgDyuLooyvEML4oHspNza,Lose Somebody,Golden Hour,Kygo;OneRepublic,5/29/2020,199549,64,FALSE,,2023-04-01T19:06:21Z,tropical house,Kygo,0.58,0.586,1,-6.883,1,0.0357,0.344,0,0.0755,0.507,147.988,4
spotify:track:5cttYnhe480emw7rofGZQ6,Salty Dog,Swagger,Flogging Molly,3/7/2000,141426,3,FALSE,,2023-03-31T16:50:59Z,"celtic punk,celtic rock,celtic,folk punk,punk",SideOneDummy Records,0.373,0.934,7,-6.581,1,0.085,0.00742,0.000184,0.398,0.776,79.949,4
spotify:track:7aR0tgI3ijJ4qQlKglowYO,The Hand Of John L. Sullivan,Life Is Good,Flogging Molly,6/2/2017,240706,42,FALSE,,2023-03-31T16:43:18Z,"celtic punk,celtic rock,celtic,folk punk,punk",Vanguard,0.432,0.922,2,-3.796,1,0.0903,0.00425,0.00546,0.315,0.42,152.072,4
spotify:track:5dDDlK2uYeRo0DmvJGfIDW,What's Left of the Flag,Drunken Lullabies,Flogging Molly,3/19/2002,218960,5,FALSE,,2023-03-31T16:38:55Z,"celtic punk,celtic rock,celtic,folk punk,punk",SideOneDummy Records,0.209,0.957,7,-4.336,1,0.0921,0.00306,0.0000338,0.315,0.578,155.06,4
spotify:track:0nW9L4JT8MNWkVjMLcR8w6,Speed of Darkness,Speed of Darkness,Flogging Molly,5/31/2011,248066,26,FALSE,,2023-03-31T16:30:02Z,"celtic punk,celtic rock,celtic,folk punk,punk",Borstal Beat Records,0.359,0.924,2,-5.373,1,0.0735,0.000101,0.00000283,0.13,0.393,154.919,4
spotify:track:7eEESsUNAAl31jw1MyQoZ1,Tomorrow Comes a Day too Soon,Within a Mile of Home,Flogging Molly,9/14/2004,212880,0,FALSE,,2023-03-31T16:25:50Z,"celtic punk,celtic rock,celtic,folk punk,punk",SideOneDummy Records,0.589,0.973,9,-4.655,1,0.0593,0.0205,0.00137,0.193,0.651,110.024,4
spotify:track:3eSyexvcgN2nl99rjJXL3I,You Won't Make A Fool Out Of Me,Float,Flogging Molly,3/4/2008,163186,0,FALSE,,2023-03-31T16:21:15Z,"celtic punk,celtic rock,celtic,folk punk,punk",SideOneDummy Records,0.449,0.966,7,-3.563,1,0.0484,0.023,0.000037,0.351,0.886,155.025,4
spotify:track:0azC730Exh71aQlOt9Zj3y,This Is What You Came For,This Is What You Came For,Calvin Harris;Rihanna,4/29/2016,221900,82,FALSE,,2023-03-31T14:22:58Z,edm,Columbia,0.631,0.927,9,-2.787,0,0.0332,0.199,0.119,0.148,0.465,123.962,4
spotify:track:5jx8tCxiO0uIbo2uNia23K,The One That Got Away - Acoustic,Teenage Dream: The Complete Confection,Katy Perry,3/12/2012,259040,66,FALSE,,2023-03-31T14:18:30Z,pop,Capitol Records,0.714,0.434,4,-11.542,1,0.0396,0.697,0,0.0919,0.352,123.938,4
spotify:track:6hkOqJ5mE093AQf2lbZnsG,The One That Got Away,Teenage Dream,Katy Perry,1/1/2010,227333,76,FALSE,,2023-03-31T14:16:01Z,pop,Capitol Records,0.689,0.795,1,-4.021,0,0.0356,0.000812,0.00000107,0.156,0.876,133.968,4
spotify:track:3jZHJO0QAb8sbv71DXOD9J,Mad Season,Mad Season,Matchbox Twenty,5/23/2000,302106,56,FALSE,,2023-03-31T01:00:54Z,post-grunge,Atlantic Records,0.278,0.87,10,-5.368,1,0.0547,0.13,0,0.286,0.577,171.992,4
spotify:track:0TXNKTzawI6VgLoA9UauRp,When You Love Someone,Chapters,James TW,4/26/2019,216560,68,FALSE,,2023-03-30T22:29:32Z,,Island Records,0.682,0.453,7,-6.09,1,0.0278,0.263,0,0.0543,0.348,125.773,4
spotify:track:6Q0j526ymBAvizdCHmoM9x,Look Who's Cryin' Now,Look Who's Cryin' Now,Jessie Murph,4/23/2021,141724,61,TRUE,,2023-03-29T21:13:20Z,,Columbia,0.692,0.578,7,-4.716,1,0.0496,0.429,0,0.161,0.259,103.027,4
spotify:track:4wq2BmCpeBWdINtAdsXRkN,Slice,Slice,Five For Fighting,6/15/2010,214160,48,FALSE,,2023-03-28T15:56:47Z,,Wind-up Records,0.587,0.686,11,-6.448,1,0.0327,0.14,0,0.123,0.33,127.936,4
spotify:track:38zsOOcu31XbbYj9BIPUF1,Your Song,Elton John,Elton John,4/10/1970,241786,82,FALSE,,2023-03-27T20:47:52Z,,UMC (Universal Music Catalogue),0.552,0.315,3,-11.028,1,0.0299,0.828,0.00000552,0.101,0.324,128.187,4
spotify:track:1c8gk2PeTE04A1pIDH9YMk,Rolling in the Deep,21,Adele,1/24/2011,228093,81,FALSE,,2023-03-27T20:45:11Z,soft pop,XL Recordings,0.73,0.769,8,-5.114,1,0.0298,0.138,0,0.0473,0.507,104.948,4
spotify:track:2zSpaFB7e0Yo1QKsDQ22Ol,The Game (Triple H),"WWE: The Music, Vol. 5",WWE;Motörhead,7/13/2012,209906,21,FALSE,,2023-03-27T20:06:53Z,"heavy metal,metal,speed metal,hard rock,rock","WWE, Inc.",0.303,0.978,8,-2.123,1,0.122,0.00653,0,0.0958,0.28,170.286,4
spotify:track:3xufMoKtkjMbZmVhgB2MZc,Voices (Randy Orton),WWE: WrestleMania - The Music 2013,WWE;Rev Theory,4/2/2013,204636,15,FALSE,,2023-03-27T19:47:01Z,,"WWE, Inc.",0.48,0.648,0,-10.809,1,0.0293,0.000387,0,0.118,0.672,165.012,4
spotify:track:1KWiceCPUuzYbxluCCOpX2,Get Thru This,Vices And Virtues,Art Of Dying,3/8/2011,162960,41,FALSE,,2023-03-27T19:45:48Z,post-grunge,Reprise,0.611,0.96,2,-2.872,1,0.12,0.00313,0.000149,0.0776,0.503,136.065,4
spotify:track:1JC7diRaOcMQzvBk9FPdDV,Cauterize,Cauterize,Tremonti,6/9/2015,250604,37,FALSE,,2023-03-27T19:45:20Z,"alternative metal,post-grunge,hard rock",FRET12 Records,0.495,0.963,1,-6.029,0,0.0825,0.0000165,0.519,0.265,0.331,107.058,4
spotify:track:2i3xKkBFEidYwEBALyL9zD,Now,Staind,Staind,9/13/2011,224546,46,FALSE,,2023-03-27T19:37:04Z,"post-grunge,nu metal,alternative metal",Flip/Atlantic,0.51,0.982,1,-3.185,1,0.0687,0.0000239,0.0333,0.345,0.296,113.999,4
spotify:track:3jSNd29ZsNTWxr5hcAAZvF,All These Lives,Daughtry (Deluxe Edition),Daughtry,2006,203120,40,FALSE,,2023-03-27T19:33:13Z,post-grunge,RCA Records Label,0.362,0.935,3,-2.922,0,0.0501,0.00466,0,0.181,0.415,166.112,4
spotify:track:1k0FCgVwb1jZR57ESOWUVa,It Only Hurts,One Thing Remains,Default,10/5/2005,222706,51,FALSE,,2023-03-27T19:26:23Z,post-grunge,The Orchard,0.522,0.777,5,-4.047,1,0.0274,0.000593,0.258,0.286,0.502,97.903,4
spotify:track:3wbeC6uy7PHGIUOKXRyRSU,New Way Out,All I Was,Tremonti,7/17/2012,259391,44,FALSE,,2023-03-27T19:26:04Z,"alternative metal,post-grunge,hard rock",FRET12 Records,0.469,0.9,11,-4.459,1,0.052,0.0000747,0.0000933,0.126,0.21,98.947,4
spotify:track:6IH2Z54gYPLqgJtxZjX80i,Back To December - Acoustic,Speak Now (Deluxe Edition),Taylor Swift,10/25/2010,292560,46,FALSE,,2023-03-27T04:34:40Z,,Taylor Swift,0.541,0.453,2,-6.459,1,0.0266,0.748,0,0.2,0.377,141.757,4
spotify:track:3rzwBdOX741P5N394o5faL,Face Down - Symphonic Edition,Face Down (Symphonic Edition),The Red Jumpsuit Apparatus,10/21/2022,207272,0,FALSE,,2023-03-26T16:31:58Z,"pop punk,emo",A+R Productions,0.367,0.483,10,-6.852,1,0.0321,0.202,0,0.111,0.152,175.902,4
spotify:track:5qrSlOut2rNAWv3ubArkNy,Be Alright,A Place We Knew,Dean Lewis,3/22/2019,196493,80,TRUE,,2023-03-26T16:23:23Z,,Universal Music Australia Pty. Ltd.,0.551,0.537,11,-7.595,1,0.034,0.705,0,0.0802,0.493,126.421,4
spotify:track:72idZxdEHLbi2YI486c3sE,Haunted,Speak Now (Deluxe Package),Taylor Swift,1/1/2010,242093,50,FALSE,,2023-03-26T05:24:13Z,,Taylor Swift,0.434,0.944,5,-2.641,1,0.0581,0.0769,0,0.151,0.361,162.02,4
spotify:track:2iDPknofcV8fhDd3YzpIM8,Hide Away (Acoustic Version) [feat. Kaya May],Covers: Six,Landon Austin;Kaya May,11/7/2016,211748,39,FALSE,,2023-03-26T05:11:22Z,acoustic pop,Landon Austin,0.601,0.279,5,-10.463,1,0.03,0.261,0,0.13,0.336,95.015,4
spotify:track:34lNgS6rGGVIkIC0TJgYa0,Fireflies,Fireflies - Single,Hearts & Colors,5/23/2015,212235,37,FALSE,,2023-03-26T05:03:36Z,,Firefly Entertainment AB - X5 Music Group,0.365,0.436,11,-7.649,1,0.0335,0.615,0,0.176,0.596,162.831,4
spotify:track:6ItaEfhM0oPK1iesamQMGp,Let Her Go,Bundle of Tantrums,Jasmine Thompson,9/6/2013,172149,0,FALSE,,2023-03-26T04:55:35Z,,Jasmine Thompson,0.5,0.411,3,-6.862,1,0.0346,0.95,0.00000101,0.228,0.218,132.502,3
spotify:track:2mN9PvVZX0thvOclMwQAju,Your Song,Lights,Ellie Goulding,2010,191813,47,FALSE,,2023-03-26T04:52:49Z,,Polydor Records,0.54,0.195,10,-11.952,1,0.0307,0.937,0.00079,0.18,0.42,133.967,4
spotify:track:06JprR8etx1u9C9k55lT1x,I Get Around - Live,Rock & Roll Hall of Fame Covers - EP,Red Hot Chili Peppers,5/1/2012,139840,39,FALSE,,2023-03-26T04:50:54Z,"funk rock,alternative rock,rock",Warner Records,0.419,0.967,9,-3.349,0,0.087,0.537,0.0000488,0.186,0.837,147.158,4
spotify:track:2ZbXEoPZbX4wmdaHKl4lfq,Cool Kids/Riptide (Originally Performed by Echosmith and Vance Joy),Cool Kids/Riptide (Originally Performed by Echosmith and Vance Joy),Less Is More,9/25/2014,133241,37,FALSE,,2023-03-26T04:42:58Z,,The Queen and King & Less Is More,0.629,0.209,7,-15.154,1,0.0362,0.852,0.00112,0.174,0.405,145.097,4
spotify:track:6VtoP2sJt5oCmPOQIve2sf,Someone Like You,"Cover Sessions, Vol. 2",Boyce Avenue,7/24/2012,276146,56,FALSE,,2023-03-26T04:35:32Z,acoustic pop,3 Peace Records,0.439,0.207,1,-9.573,1,0.0297,0.608,0,0.186,0.264,136.514,4
spotify:track:70oZtMOR5FDMlcV4w0dfhi,Dynamite,Covers Vol. 3,Tyler Ward,6/1/2011,165101,0,FALSE,,2023-03-26T04:27:12Z,acoustic pop,mudhutdigital.com,0.428,0.283,11,-9.383,0,0.0575,0.827,0,0.105,0.659,209.994,4
spotify:track:7G3OpJf9H8QMQ4xjQn8bvm,Never Surrender,Never Surrender,Rose Cousins,6/8/2018,239955,0,FALSE,,2023-03-26T04:26:18Z,southern gothic,Old Farm Pony Records,0.417,0.12,5,-11.868,1,0.0379,0.938,0,0.0935,0.334,98.664,4
spotify:track:0tnVCQVhLoFsRFv4JauUHV,Dark Horse,Dark Horse,Madilyn Bailey,7/17/2015,194400,36,FALSE,,2023-03-26T04:20:46Z,acoustic pop,mudhutdigital.com,0.646,0.502,9,-3.979,0,0.0288,0.68,0,0.083,0.273,125.123,4
spotify:track:3JHuDEDfKiFDvRaIlyBM5h,Say Something - Live From Spotify UK,Spotify Sessions,All Time Low,6/9/2015,204250,40,FALSE,,2023-03-26T04:14:34Z,"pop punk,emo,punk",Hopeless Records,0.356,0.397,2,-6.657,1,0.0318,0.637,0,0.687,0.113,155.382,3
spotify:track:5Gu0PDLN4YJeW75PpBSg9p,"Let Me Go (with Alesso, Florida Georgia Line & watt)","Let Me Go (with Alesso, Florida Georgia Line & watt)",Hailee Steinfeld;Alesso;Florida Georgia Line;WATT,9/8/2017,174800,74,FALSE,,2023-03-25T00:55:42Z,"edm,country,pop country,acoustic country",Universal Records,0.664,0.708,8,-4.154,1,0.0474,0.0337,0,0.0841,0.742,103.07,4
spotify:track:4LloVtxNZpeh7q7xdi1DQc,"Free Fallin' - Live at the Nokia Theatre, Los Angeles, CA - December 2007",Where the Light Is: John Mayer Live In Los Angeles,John Mayer,2008,263573,72,FALSE,,2023-03-25T00:44:52Z,singer-songwriter,Columbia,0.315,0.296,5,-13.262,1,0.0315,0.771,0,0.702,0.435,173.509,4
spotify:track:7x46YkKAwp3yZpaa72n5Mu,Stubborn Love,The Lumineers (Deluxe Edition),The Lumineers,2012,279000,2,FALSE,,2023-03-25T00:32:24Z,"folk pop,indie folk",Decca (UMO),0.596,0.544,0,-11.759,1,0.0362,0.604,0.0176,0.262,0.262,115.023,4
spotify:track:2XPc8gL9PwxGURQFcFaDJR,Cheerleader - Felix Jaehn Remix Radio Edit,Cheerleader (Felix Jaehn Remix Radio Edit),OMI;felix jaehn,3/6/2015,181826,52,FALSE,,2023-03-25T00:31:02Z,tropical house,Ultra/Louder Than Life/Columbia,0.777,0.663,4,-6.117,1,0.0305,0.146,0.0000152,0.174,0.614,118.016,4
spotify:track:6V1bu6o1Yo5ZXnsCJU8Ovk,Girls Like You (feat. Cardi B) - Cardi B Version,Red Pill Blues (Deluxe),Maroon 5;Cardi B,6/15/2018,235545,71,TRUE,,2023-03-25T00:26:03Z,pop,Interscope Records*,0.779,0.541,0,-6.824,1,0.0658,0.566,0,0.13,0.447,124.939,4
spotify:track:1tAutlhI9FwnKn7fVgmd5P,Without You (feat. Usher),Nothing but the Beat 2.0,David Guetta;USHER,8/24/2011,208133,72,FALSE,,2023-03-25T00:19:35Z,"edm,r&b",Parlophone (France),0.608,0.614,2,-3.727,1,0.0285,0.227,0.00000382,0.157,0.402,127.885,4
spotify:track:6UCu8klnsV1Hr8GluKIyJL,Learn to Do It,Anastasia (Original Broadway Cast Recording),John Bolton;Derek Klena;Christy Altomare,6/9/2017,247786,51,FALSE,,2023-03-24T19:03:19Z,musicals,Broadway Records,0.66,0.365,7,-10.739,1,0.385,0.635,0,0.277,0.665,128.64,4
spotify:track:5cdvyKY2z1kySEnUKI0VuO,In a Crowd of Thousands,Anastasia (Original Broadway Cast Recording),Derek Klena;Christy Altomare,6/9/2017,225506,50,FALSE,,2023-03-24T18:59:22Z,musicals,Broadway Records,0.289,0.198,4,-12.753,1,0.0434,0.884,0,0.0974,0.174,185.196,3
spotify:track:6sH3bAoqJZEOqGsp6Uch3u,Show Me A Leader,The Last Hero,Alter Bridge,10/7/2016,305030,37,FALSE,,2023-03-23T15:59:53Z,"post-grunge,alternative metal,hard rock",Alter Bridge,0.223,0.966,8,-4.117,1,0.105,0.0000255,0.0000284,0.0565,0.171,132.063,4
spotify:track:0T9tbj6zsRKLiUx06sbOWX,In Loving Memory,One Day Remains,Alter Bridge,8/10/2004,340106,58,FALSE,,2023-03-23T15:58:58Z,"post-grunge,alternative metal,hard rock",The Bicycle Music Company,0.304,0.637,6,-5.922,1,0.0334,0.00749,0.0000644,0.216,0.174,140.498,4
spotify:track:7sK9Xxr63paUTglk8hbGVT,The Other Side,The Last Hero,Alter Bridge,10/7/2016,354901,46,FALSE,,2023-03-23T15:58:54Z,"post-grunge,alternative metal,hard rock",Alter Bridge,0.374,0.926,10,-6.047,0,0.081,0.0000163,0.000459,0.114,0.176,82.037,4
spotify:track:3kKwmqlR0vHcfLaMqTa206,Last Rites,Walk the Sky 2.0 (Deluxe),Alter Bridge,11/6/2020,247995,26,FALSE,,2023-03-23T15:58:17Z,"post-grunge,alternative metal,hard rock",Napalm Records Handels GmbH,0.443,0.95,8,-5.158,1,0.0746,0.0000126,0.00000799,0.319,0.442,144.018,4
spotify:track:5buITai6eMzU8rJonMEI6e,Glycerine - Remastered,Sixteen Stone (Remastered),Bush,12/6/1994,266493,77,FALSE,,2023-03-22T22:17:51Z,"grunge,post-grunge",Craft Recordings,0.421,0.335,5,-11.384,1,0.0324,0.0342,0.00236,0.0944,0.0889,114.227,4
spotify:track:1BExV8JprNJLvLeDE9qdEW,It's Been Awhile,Break the Cycle,Staind,8/20/2001,264706,72,TRUE,,2023-03-22T21:51:53Z,"post-grunge,nu metal,alternative metal",Elektra/Flip,0.509,0.774,6,-4.054,1,0.0338,0.00189,0.000549,0.143,0.0824,116.529,4
spotify:track:55mJleti2WfWEFNFcBduhc,Schism,Lateralus,TOOL,5/15/2001,407860,76,FALSE,,2023-03-22T21:15:15Z,"progressive metal,alternative metal,progressive rock,metal",RCA Records Label,0.567,0.714,9,-8.512,0,0.0302,0.0012,0.417,0.186,0.191,107.441,3
spotify:track:6CqYhhUPJORx1vvdTNc8jv,The Outsider,Thirteenth Step,A Perfect Circle,1/1/2003,246000,69,FALSE,,2023-03-22T21:12:38Z,"alternative metal,progressive metal",Virgin Records,0.328,0.843,6,-6.644,1,0.0887,0.000111,0.801,0.0496,0.422,113.329,4
spotify:track:5KDNFlHAdDJ84fhK27c35X,Judith,Mer De Noms,A Perfect Circle,1/1/2000,247266,71,TRUE,,2023-03-22T21:08:51Z,"alternative metal,progressive metal",Virgin Records,0.366,0.894,11,-4.682,0,0.0568,0.0000345,0.17,0.267,0.304,82.305,3
spotify:track:6cLxNwJmqxLbmbGPP8ulQr,If You Ever Come Back,Science & Faith (US Version),The Script,1/18/2011,242066,50,FALSE,,2023-03-21T00:02:45Z,,Phonogenic,0.547,0.794,7,-4.713,1,0.0276,0.0372,0,0.114,0.568,96.034,4
spotify:track:4rlZSOs9kOzMh6zWZEqblY,Breaking,New Surrender,Anberlin,1/1/2008,206400,48,FALSE,,2023-03-20T23:26:36Z,"christian rock,christian alternative rock",Universal (MT),0.44,0.926,1,-4.682,0,0.0496,0.00162,0.0000047,0.169,0.626,158.046,4
spotify:track:1rQrwG7qMwFoRjSovJW6HZ,More Than A Feeling,Punk Goes Classic Rock,Hit The Lights,4/27/2010,163946,36,FALSE,,2023-03-20T06:19:44Z,pop punk,Fearless Records,0.463,0.861,1,-3.983,1,0.139,0.00329,0,0.186,0.552,128.175,4
spotify:track:6bYtEUD7qdDJYnzaDwSAn7,The Story Of Tonight,So Far,We The Kings,6/17/2016,219590,0,FALSE,,2023-03-20T06:01:15Z,pop punk,S-Curve Records,0.438,0.841,11,-4.482,1,0.149,0.000948,0,0.0911,0.325,159.987,4
spotify:track:6gSy97jmK1W3UIO7tnvEXa,I Melt With You,Goes to the Movies (Expanded Edition),Bowling For Soup,11/15/2005,241440,46,FALSE,,2023-03-20T05:56:54Z,"pop punk,punk",Jive/Legacy,0.433,0.948,4,-4.381,1,0.0537,0.00593,0,0.347,0.82,165.953,4
spotify:track:4wTChU0tU44TAMC0xcQizi,Fine By Me,Andy Grammer,Andy Grammer,6/14/2011,172893,1,FALSE,,2023-03-20T05:54:45Z,,S-Curve Records,0.583,0.791,11,-4.087,1,0.0318,0.00877,0,0.0451,0.878,89.993,4
spotify:track:1zMc2ZD35IDeYlNANbnF0w,All Again For You,We The Kings,We The Kings,10/7/2007,185013,0,FALSE,,2023-03-20T05:51:48Z,pop punk,S-Curve Records,0.509,0.938,3,-3.337,1,0.0833,0.0978,0,0.128,0.339,161.933,4
spotify:track:4sOLr3sR4pbDzNdLQUiesp,Just Keep Breathing,Somewhere Somehow,We The Kings,1/1/2013,245511,0,FALSE,,2023-03-20T05:44:54Z,pop punk,S-Curve Records,0.635,0.731,0,-7.881,1,0.0367,0.0635,0.000088,0.165,0.329,119.974,4
spotify:track:64WtHwNC5X0VzGfzA0IES3,Dial Tones,"Never Happy, Ever After",AS IT IS,1/1/2015,199679,51,FALSE,,2023-03-20T05:39:54Z,pop punk,Fearless Records,0.562,0.905,11,-4.759,0,0.0335,0.00624,0,0.194,0.606,92.509,4
spotify:track:1MaqkdFNIKPdpQGDzme5ss,Two Is Better Than One (feat. Taylor Swift),Love Drunk,BOYS LIKE GIRLS;Taylor Swift,9/7/2009,242840,67,FALSE,,2023-03-20T05:36:41Z,"pop punk,emo",Columbia,0.521,0.702,0,-5.189,1,0.0331,0.189,0,0.0962,0.25,127.976,4
spotify:track:0ZRvlTqhyYdAbN1UczXXBT,Heaven Can Wait,Smile Kid,We The Kings,1/1/2009,210933,0,FALSE,,2023-03-20T05:09:55Z,pop punk,S-Curve Records,0.47,0.79,7,-5.01,1,0.0351,0.000104,0,0.23,0.503,150.068,4
spotify:track:5L441bJlqd4wSogIp1WFj0,We'll Be A Dream (feat. Demi Lovato),Smile Kid,We The Kings;Demi Lovato,1/1/2009,233066,0,FALSE,,2023-03-20T05:06:12Z,pop punk,S-Curve Records,0.434,0.702,9,-4.681,1,0.0305,0.00346,0,0.232,0.15,159.94,4
spotify:track:1bhjMY5O0ZjB41OHcdRH0a,High School Never Ends - Main Version - Explicit,The Great Burrito Extortion Case,Bowling For Soup,2006,209040,64,TRUE,,2023-03-20T05:00:48Z,"pop punk,punk",Jive,0.536,0.923,2,-3.494,1,0.125,0.0122,0,0.142,0.77,160.03,4
spotify:track:7DYWvQ1RS986e59CXJJGxx,Five Minutes to Midnight,Boys Like Girls,BOYS LIKE GIRLS,2006,227360,55,FALSE,,2023-03-20T04:23:30Z,"pop punk,emo",Columbia,0.463,0.901,2,-4.073,1,0.087,0.00779,0,0.32,0.621,163.966,4
spotify:track:5dPz35akJjPqb17yeqNwqH,Ghost,Justice,Justin Bieber,3/19/2021,153190,73,FALSE,,2023-03-19T16:11:24Z,,RBMG/Def Jam,0.604,0.741,2,-5.571,1,0.0475,0.178,0.0000349,0.409,0.473,153.947,4
spotify:track:34fvDhHl6AdB7fv5znVEVx,You Oughta Know,Jagged Little Pill (Original Broadway Cast Recording),Lauren Patten;Original Broadway Cast Of Jagged Little Pill,11/29/2019,259313,41,TRUE,,2023-03-19T12:56:18Z,musicals,Atlantic Records,0.557,0.816,11,-4.384,1,0.045,0.0824,0,0.56,0.491,102.082,4
spotify:track:21bID4wyC6UVdtmVMxRbUW,I See Stars,Mean Girls (Original Broadway Cast Recording),Erika Henningsen;Original Broadway Cast of Mean Girls,5/18/2018,228973,48,FALSE,,2023-03-17T19:59:42Z,musicals,Atlantic Records,0.355,0.755,9,-4.165,1,0.0702,0.133,0,0.115,0.238,146.143,4
spotify:track:6zOISSs7cznrJOjFsyhapR,Suddenly Seymour (feat. Arielle Jacobs),Right Where I Belong,Adam Jacobs;Arielle Jacobs,12/13/2015,210000,34,FALSE,,2023-03-17T19:57:34Z,musicals,ASD Music Company and Jalex Records,0.479,0.381,9,-7.474,1,0.0327,0.76,0,0.0878,0.353,101.276,4
spotify:track:3kOn53scZ9hZkTvfeGQDdr,Roar,Roar,Miriam-Teak Lee;Original London Cast of & Juliet,9/10/2019,217148,33,FALSE,,2023-03-17T19:51:16Z,musicals,Atlantic Records,0.585,0.688,0,-6.317,0,0.026,0.00163,0,0.153,0.35,90.045,4
spotify:track:3vmh0EATDTTfLVxzRFwgQt,It's My Life,& Juliet (Original London Cast Recording),Jordan Luke Gage;Oliver Tompsett;Miriam-Teak Lee;Cassidy Janson;Original London Cast of & Juliet,11/22/2019,240115,40,FALSE,,2023-03-17T19:45:27Z,musicals,Atlantic Records,0.621,0.698,11,-7.141,0,0.0397,0.0039,0.000522,0.112,0.458,124.992,4
spotify:track:2lEjFyPB30qbxd3bXAQfzz,Neverland - Original Broadway Cast Recording,Finding Neverland (Original Broadway Cast Recording),Matthew Morrison;Laura Michelle Kelly,7/17/2015,181000,38,FALSE,,2023-03-17T19:36:56Z,musicals,Universal Records,0.266,0.278,5,-9.773,1,0.033,0.851,0,0.114,0.2,79.779,3
spotify:track:4uOpLbqFpetsr8owsfn4Kj,Harden My Heart / Shadows Of The Night,Rock of Ages (Original Broadway Cast Recording),Mitchell Jarvis;Rock Of Ages Cast;Amy Spanger;Michelle Mais,4/1/2009,237367,33,FALSE,,2023-03-17T19:33:55Z,musicals,WaterTower Music,0.498,0.606,10,-6.659,0,0.0634,0.151,0.00000876,0.119,0.448,127.087,4
spotify:track:18etf0xCzpI7WAmkxmG6gd,Don't Stop Believin',Rock of Ages (Original Broadway Cast Recording),Rock Of Ages Full Company,4/1/2009,518505,35,FALSE,,2023-03-17T19:25:36Z,musicals,WaterTower Music,0.407,0.767,4,-6.369,1,0.144,0.00545,0.0000462,0.234,0.223,125.998,4
spotify:track:30redRhObgpu3z7kCs2aBf,You Learn,Jagged Little Pill (Original Broadway Cast Recording),Original Broadway Cast Of Jagged Little Pill,11/29/2019,233860,35,FALSE,,2023-03-17T19:09:29Z,musicals,Atlantic Records,0.39,0.554,1,-4.301,1,0.0459,0.0726,0,0.0741,0.316,173.698,4
spotify:track:4nt6c1tZHXPN03yjrqohp9,Head Over Feet,Jagged Little Pill (Original Broadway Cast Recording),Antonio Cipriano;Celia Rose Gooding;Sean Allan Krill;Elizabeth Stanley;Lauren Patten;Original Broadway Cast Of Jagged Little Pill,11/29/2019,249458,36,FALSE,,2023-03-17T19:01:55Z,musicals,Atlantic Records,0.293,0.379,11,-6.463,1,0.0361,0.325,0,0.0827,0.269,81.49,4
spotify:track:27wKfHImIrDU7CU34UL5cA,Ironic,Jagged Little Pill (Original Broadway Cast Recording),Celia Rose Gooding;Antonio Cipriano;Laurel Harris;Kei Tsuruharatani;Ezra Menas;John Cardoza;Original Broadway Cast Of Jagged Little Pill;Jane Bruce,11/29/2019,234094,35,FALSE,,2023-03-17T18:59:19Z,musicals,Atlantic Records,0.433,0.499,11,-6.486,1,0.0416,0.122,0,0.126,0.313,173.56,4
spotify:track:15WMlUoRLfIs4hSoDiDI9M,Finale (Come What May),Moulin Rouge! The Musical (Original Broadway Cast Recording),Aaron Tveit;Original Broadway Cast of Moulin Rouge! The Musical,8/30/2019,163373,44,FALSE,,2023-03-17T18:27:07Z,musicals,House of Iona/RCA Records,0.335,0.243,9,-9.347,1,0.0369,0.801,0.0000873,0.0883,0.145,133.037,4
spotify:track:6uE9ndEGjQPQzqWTZz8HLU,I'm Gonna Be (500 Miles),I'm Gonna Be (500 Miles),Boyce Avenue,3/10/2023,203690,34,FALSE,,2023-03-16T01:38:57Z,acoustic pop,3 Peace Records,0.454,0.261,3,-8.466,1,0.0284,0.905,0.00000769,0.145,0.525,104.552,4
spotify:track:4Ce37cRWvM1vIGGynKcs22,Starving,Starving,Hailee Steinfeld;Grey;Zedd,7/22/2016,181880,76,FALSE,,2023-03-16T01:33:51Z,edm,Universal Records,0.728,0.616,4,-4.238,1,0.0645,0.378,0,0.105,0.508,99.962,4
spotify:track:27tNWlhdAryQY04Gb2ZhUI,Roar,PRISM,Katy Perry,1/1/2013,223546,84,FALSE,,2023-03-16T01:33:22Z,pop,Capitol Records (CAP),0.671,0.771,7,-4.821,0,0.0316,0.00492,0.00000728,0.354,0.436,90.003,4
spotify:track:1nInOsHbtotAmEOQhtvnzP,Stronger (What Doesn't Kill You),Stronger (Deluxe Version),Kelly Clarkson,10/24/2011,221946,81,FALSE,,2023-03-16T01:32:54Z,christmas,RCA Records Label,0.562,0.939,0,-4.282,1,0.0475,0.046,0,0.112,0.684,116.044,4
spotify:track:6JY1IdkZGeIcPegKxjSKeb,Since U Been Gone,Breakaway,Kelly Clarkson,2004,188960,82,FALSE,,2023-03-16T01:32:50Z,christmas,RCA Records Label,0.662,0.739,9,-5.354,0,0.0322,0.00206,0.0603,0.113,0.382,130.999,4
spotify:track:4kLLWz7srcuLKA7Et40PQR,I Gotta Feeling,THE E.N.D. (THE ENERGY NEVER DIES) [Deluxe Version],Black Eyed Peas,1/1/2009,289133,88,FALSE,,2023-03-16T01:32:46Z,,Interscope,0.744,0.766,0,-6.375,1,0.0265,0.0873,0,0.509,0.61,127.966,4
spotify:track:3cdhgO3vgHyOIADMXokd2t,Nothing,Science & Faith,The Script,9/13/2010,271773,64,FALSE,,2023-03-16T01:32:40Z,,Phonogenic,0.47,0.837,2,-4.963,1,0.0396,0.00387,0,0.117,0.522,157.044,4
spotify:track:1NpW5kyvO4XrNJ3rnfcNy3,Wild Ones (feat. Sia),Wild Ones,Flo Rida;Sia,6/22/2012,232946,85,FALSE,,2023-03-16T01:32:16Z,,Poe Boy/Atlantic,0.608,0.86,5,-5.324,0,0.0554,0.0991,0,0.262,0.437,127.075,4
spotify:track:2v7ywbUzCgcVohHaKUcacV,Like a Prayer,Like a Prayer,Madonna,3/21/1989,340866,87,FALSE,,2023-03-16T01:31:04Z,,Sire/Warner Records,0.66,0.629,5,-12.359,1,0.0387,0.432,0.000073,0.172,0.324,111.926,4
spotify:track:2JqnpexlO9dmvjUMCaLCLJ,Love Someone,Love Someone,Lukas Graham,9/7/2018,205463,63,FALSE,,2023-03-15T18:53:23Z,dansk pop,Warner Records,0.55,0.415,9,-6.557,0,0.052,0.161,0,0.108,0.274,172.065,4
spotify:track:3EPXxR3ImUwfayaurPi3cm,Be Alright,Be Alright,Dean Lewis,6/29/2018,196373,76,TRUE,,2023-03-14T02:25:12Z,,Universal Music Australia Pty. Ltd.,0.553,0.586,11,-6.319,1,0.0362,0.697,0,0.0813,0.443,126.684,4
spotify:track:2wrJq5XKLnmhRXHIAf9xBa,"10,000 Hours (with Justin Bieber)","10,000 Hours (with Justin Bieber)",Dan + Shay;Justin Bieber,10/4/2019,167693,73,FALSE,,2023-03-12T04:05:44Z,country,Warner Records Nashville,0.654,0.63,10,-4.644,1,0.0259,0.153,0,0.111,0.43,89.991,4
spotify:track:5Jwcv2Le3Klwgrgyqa12ZA,You Didn’t,Weekends Look A Little Different These Days,Brett Young,6/4/2021,225813,59,FALSE,,2023-03-12T04:02:17Z,country,BMLG Records,0.623,0.466,11,-7.6,1,0.0265,0.0421,0.00000145,0.0996,0.272,81.98,3
spotify:track:6Awl7JBDQjfm7xkS3LkhDi,We Got History,This Is the Heavy,Mitchell Tenpenny,9/16/2022,203679,61,FALSE,,2023-03-12T03:59:43Z,country,Riser House Entertainment/Columbia Nashville,0.628,0.833,0,-6.327,1,0.0311,0.0014,0,0.104,0.309,98.025,4
spotify:track:4PJXT82AZtlDW4Q71b43oz,Whatever She's Got,I'm A Fire,David Nail,1/1/2014,236800,67,FALSE,,2023-03-12T03:56:13Z,"country,acoustic country",MCA Nashville,0.527,0.723,1,-6.134,1,0.0411,0.217,0,0.037,0.888,160.465,4
spotify:track:3yOs8FffuG6hPbzQG9lIqV,I Don't Know About You,Laps Around The Sun,Chris Lane,7/13/2018,207933,1,FALSE,,2023-03-12T03:54:05Z,country,Big Loud Records,0.593,0.81,1,-5.733,1,0.0625,0.602,0,0.119,0.712,144.011,4
spotify:track:4k3lPl8YTKuY8c1HelVnm3,'Til You Can't,Human The Double Album,Cody Johnson,10/8/2021,224213,82,FALSE,,2023-03-12T03:51:31Z,"country,texas country,red dirt",CoJo Music/Warner Records Nashville,0.501,0.815,1,-4.865,1,0.0436,0.0513,0,0.106,0.46,160.087,4
spotify:track:67AdiJcurlf6gocGobfaXs,"Going, Going, Gone",Growin' Up,Luke Combs,6/24/2022,177244,74,FALSE,,2023-03-12T03:48:57Z,country,River House Artists/Columbia Nashville,0.565,0.56,6,-6.034,1,0.0275,0.538,0,0.0961,0.325,159.931,4
spotify:track:2c8S1QStWiEVA4YuPrf3ds,I Found Away feat. Douglas P,Agony & Irony,Alkaline Trio,7/1/2008,240760,0,FALSE,,2023-03-11T16:05:01Z,"pop punk,punk,emo,skate punk",Epic,0.432,0.902,1,-4.982,0,0.127,0.00334,0.00000124,0.155,0.402,168.927,4
spotify:track:698eQRku24PIYPQPHItKlA,She Got the Best of Me,This One's for You Too (Deluxe Edition),Luke Combs,6/1/2018,183160,82,FALSE,,2023-03-10T16:58:34Z,country,River House Artists/Columbia Nashville,0.533,0.907,11,-3.793,1,0.0406,0.0292,0,0.386,0.7,150.99,4
spotify:track:7J7C8cxpT5UgGH195zwefK,Crazy Girl - Acoustic,This Is Eli Young Band: Greatest Hits,Eli Young Band,3/29/2019,187712,34,FALSE,,2023-03-10T16:56:00Z,"texas country,country,red dirt,acoustic country",The Valory Music Co.,0.274,0.652,4,-4.64,1,0.0356,0.02,0,0.225,0.322,151.404,3
spotify:track:0ZUo4YjG4saFnEJhdWp9Bt,Before He Cheats,Some Hearts,Carrie Underwood,11/14/2005,199939,81,FALSE,,2023-03-10T16:42:34Z,country,Arista,0.519,0.749,6,-3.318,0,0.0405,0.271,0,0.119,0.29,147.905,4
spotify:track:0IkKz2J93C94Ei4BvDop7P,Party Rock Anthem,Sorry For Party Rocking,LMFAO;Lauren Bennett;GoonRock,1/1/2011,262173,75,FALSE,,2023-03-10T16:31:53Z,,Will I Am / A&M,0.75,0.727,5,-4.21,0,0.142,0.0188,0,0.266,0.359,129.992,4
spotify:track:0Ab8W397VjR2ZNVkItDjSO,Come What May,Moulin Rouge! The Musical (Original Broadway Cast Recording),Aaron Tveit;Karen Olivo;Original Broadway Cast of Moulin Rouge! The Musical,8/30/2019,196893,50,FALSE,,2023-03-10T14:36:50Z,musicals,House of Iona/RCA Records,0.392,0.421,7,-7.1,1,0.0326,0.113,0.0000888,0.108,0.217,154.158,4
spotify:track:4YjjNHtEsTX6Af4mCTupT5,Bless The Broken Road,Feels Like Today,Rascal Flatts,9/28/2004,226680,74,FALSE,,2023-03-09T01:55:43Z,country,Lyric Street,0.591,0.45,0,-6.369,1,0.0266,0.671,0.0000223,0.159,0.344,135.893,4
spotify:track:3uqOjTxgPGnqKnRbtaeuJx,Something to Write About,Something to Write About,Preston Duffee,3/5/2023,211363,34,FALSE,,2023-03-09T01:38:32Z,,Preston Duffee,0.595,0.599,11,-6.892,1,0.0279,0.302,0.0000101,0.136,0.547,134.003,4
spotify:track:13HVjjWUZFaWilh2QUJKsP,Let It Go,Chaos And The Calm,James Bay,3/23/2015,260532,64,FALSE,,2023-03-09T00:16:11Z,,Mercury Records/Republic Owned,0.536,0.311,1,-10.396,1,0.0288,0.82,0.0000165,0.107,0.246,147.486,4
spotify:track:184HGdGIscUiPbDuqbvHuN,"Defying Gravity - From ""Wicked"" Original Broadway Cast Recording/2003",Wicked (Original Broadway Cast Recording / Deluxe Edition),Stephen Schwartz;Kristin Chenoweth;Idina Menzel;Stephen Oremus,1/1/2013,353920,56,FALSE,,2023-03-08T20:43:11Z,"score,musicals",Verve (Adult Contemporary) MC,0.314,0.378,1,-8.282,1,0.0339,0.722,0,0.0333,0.243,87.987,4
spotify:track:1rDklEm1rIKphZ7EvWinHm,"Your Song - From ""Moulin Rouge"" Soundtrack",Moulin Rouge,Ewan McGregor;Alessandro Safina,1/1/2001,218800,52,FALSE,,2023-03-08T20:29:53Z,"musicals,classical crossover",Moulin Rouge / Interscope,0.277,0.331,5,-9.292,1,0.0373,0.515,0.0000626,0.111,0.256,133.233,4
spotify:track:2anXLEacMOSboIJ9fVjo5o,Buried Alive,Blackbird,Alter Bridge,10/5/2007,275013,37,FALSE,,2023-03-07T23:33:44Z,"post-grunge,alternative metal,hard rock",AB2/Universal Records,0.365,0.979,1,-3.931,0,0.222,0.000217,0.00000496,0.264,0.237,165.989,4
spotify:track:4jbmgIyjGoXjY01XxatOx6,Dark Horse,PRISM,Katy Perry;Juicy J,1/1/2013,215672,86,FALSE,,2023-03-07T22:48:17Z,"pop,crunk",Capitol Records (CAP),0.647,0.585,6,-6.123,1,0.0512,0.00314,0,0.165,0.353,131.934,4
spotify:track:1svbMmmtcEyriimgAew0Xj,The Good Old Days,It's Gonna Be a Long Night,Ron Pope;The Mayries,4/28/2022,218059,12,FALSE,,2023-03-07T22:30:53Z,acoustic pop,Brooklyn Basement Records,0.697,0.192,3,-11.237,1,0.0384,0.86,0,0.147,0.361,133.99,4
spotify:track:44ARHt9CwWBNFEStFoWA58,High Adventure,Aladdin Original Broadway Cast Recording,Brian Gonzales;Jonathan Schwartz;Brandon O'Neill;Aladdin Original Broadway Cast,1/1/2014,331400,39,FALSE,,2023-03-07T22:11:39Z,musicals,Walt Disney Records,0.498,0.555,0,-6.876,1,0.205,0.267,0,0.123,0.445,143.328,4
spotify:track:44NRdYQw7P0GWuiunRv3hr,I Stand Alone,Faceless,Godsmack,4/8/2003,246040,76,FALSE,,2023-03-07T03:06:24Z,"alternative metal,nu metal,hard rock,rap metal,metal",Universal Records,0.219,0.92,0,-4.479,1,0.0623,0.0000281,0,0.102,0.376,166.188,4
spotify:track:7CBFRsUz1pz1cS12soVhih,Nightrain,Appetite For Destruction,Guns N' Roses,7/21/1987,268213,70,TRUE,,2023-03-07T02:05:21Z,"rock,glam metal,hard rock,classic rock",Guns N Roses P&D,0.393,0.995,1,-4.946,1,0.103,0.13,0.00461,0.263,0.198,148.196,4
spotify:track:5ghIJDpPoe3CfHMGu71E6T,Smells Like Teen Spirit,Nevermind (Remastered),Nirvana,9/26/1991,301920,84,FALSE,,2023-03-07T01:46:13Z,"grunge,rock",Geffen,0.502,0.912,1,-4.556,1,0.0564,0.0000255,0.000173,0.106,0.72,116.761,4
spotify:track:50ZpPgU81payZxI2H7QXNM,Born To Be My Baby,New Jersey (Deluxe Edition),Bon Jovi,9/13/1988,280106,67,FALSE,,2023-03-07T01:35:10Z,glam metal,Island Records,0.534,0.959,7,-4.289,1,0.0379,0.0089,0,0.347,0.756,131.278,4
spotify:track:0IGXkVRn0uCsgn4FvIfpgB,The Unforgiven II,Reload,Metallica,11/18/1997,396440,63,FALSE,,2023-03-07T01:29:13Z,"metal,thrash metal,rock,heavy metal,hard rock",Blackened Recordings,0.49,0.884,8,-4.533,0,0.0428,0.000514,0.00177,0.27,0.254,132.978,4
spotify:track:0X1sqQ652p1sceKM2nJlIJ,Runaway,Bon Jovi,Bon Jovi,1/23/1984,230666,79,FALSE,,2023-03-07T01:29:02Z,glam metal,Island Records,0.475,0.899,9,-4.321,0,0.0637,0.00375,0.0000191,0.14,0.603,152.445,4
spotify:track:6xq5DxZWGgdStAxGAil0yw,Since You Been Gone,Down To Earth,Rainbow,1/1/1979,197160,68,FALSE,,2023-03-07T01:22:38Z,"hard rock,aor,metal,heavy metal",Polydor,0.733,0.726,7,-6.514,1,0.0371,0.379,0.00000258,0.471,0.915,120.814,4
spotify:track:0AQuexMCCz6DMZPT1H12NB,Civil War - 2022 Remaster,Use Your Illusion (Super Deluxe),Guns N' Roses,11/11/2022,460226,34,FALSE,,2023-03-07T01:11:18Z,"rock,glam metal,hard rock,classic rock",Guns N Roses P&D,0.335,0.838,10,-6.621,0,0.0769,0.121,0.0383,0.331,0.368,140.297,4
spotify:track:46uAPYj07jhrHt0ggMiwtA,Iris - Live,"Live in Buffalo July 4th, 2004",The Goo Goo Dolls,11/23/2004,376093,65,FALSE,,2023-03-07T01:10:49Z,,Warner Records,0.19,0.959,11,-3.706,0,0.104,0.012,0.00426,0.954,0.227,154.089,4
spotify:track:6a0e5Fb8cwz8pklTJOFGju,Standing Still,This Way,Jewel,10/30/2001,270333,57,FALSE,,2023-03-06T19:35:07Z,,Craft Recordings,0.614,0.681,2,-6.616,1,0.0337,0.152,0.00000732,0.0797,0.341,123.898,4
spotify:track:2vwlzO0Qp8kfEtzTsCXfyE,Wrecking Ball,Bangerz (Deluxe Version),Miley Cyrus,10/4/2013,221366,85,FALSE,,2023-03-06T05:35:31Z,,RCA Records Label,0.53,0.422,5,-6.262,1,0.0342,0.407,0,0.107,0.349,119.964,4
spotify:track:6ce41JVa6KFaryfmC2bu2W,22,Red (Big Machine Radio Release Special),Taylor Swift,10/22/2012,232120,68,FALSE,,2023-03-06T04:45:36Z,,Taylor Swift,0.661,0.729,7,-6.561,1,0.0376,0.00215,0.0013,0.0477,0.668,103.987,4
spotify:track:023OVLNzXhX0j7CxswUt6D,Cheerleader - Felix Jaehn Remix Radio Edit,Me 4 U,OMI,10/16/2015,180560,75,FALSE,,2023-03-06T04:45:25Z,,Ultra/Louder Than Life/Columbia,0.78,0.68,4,-6.081,1,0.0305,0.141,0.000012,0.138,0.594,118.026,4
spotify:track:6epn3r7S14KUqlReYr77hA,Baby,My World 2.0,Justin Bieber;Ludacris,1/1/2010,214240,90,FALSE,,2023-03-06T04:24:43Z,southern hip hop,RBMG/Def Jam,0.728,0.859,5,-5.237,0,0.137,0.0401,0,0.111,0.535,65.043,4
spotify:track:1IOYadsetJAEaMUi6IRBac,Time After Time,Time After Time,Andy Tallent,8/2/2019,268750,47,FALSE,,2023-03-06T00:41:07Z,,Arrows & Ivory Music,0.349,0.0779,0,-23.796,1,0.0454,0.992,0.932,0.0946,0.142,113.452,4
spotify:track:5w3VP9P95PHFza8cBFXHrl,This Is Me - Piano Arrangement,This Is Me,Costantino Carrara,1/30/2018,228890,50,FALSE,,2023-03-06T00:36:19Z,,Costantino Carrara,0.339,0.355,9,-14.706,1,0.0355,0.932,0.94,0.0879,0.212,95.157,4
spotify:track:40LYL1Z6xgCn5cBybo5K0D,It's Quiet Uptown,Hamilton (Original Broadway Cast Recording),Renée Elise Goldsberry;Lin-Manuel Miranda;Phillipa Soo;Original Broadway Cast of Hamilton,9/25/2015,270171,67,FALSE,,2023-03-05T04:11:43Z,musicals,Atlantic Records,0.484,0.187,5,-14.076,1,0.0423,0.796,0,0.0785,0.227,129.753,4
spotify:track:2stkLJ0JNcXkIRDNF3ld6c,You've Got a Friend in Me,Toy Story (Original Motion Picture Soundtrack),Randy Newman,1/1/1995,124160,78,FALSE,,2023-03-05T04:11:35Z,,Walt Disney Records,0.691,0.333,3,-12.135,1,0.0307,0.817,0.00000503,0.285,0.472,115.845,4
spotify:track:0qxtQ8rf3W1nId3D2r0xH4,I Just Can't Wait to Be King,The Lion King,Jason Weaver;Rowan Atkinson;Laura Williams,1/1/1994,170880,70,FALSE,,2023-03-05T04:11:15Z,,Walt Disney Records,0.691,0.531,6,-14.204,1,0.0546,0.323,0.0000747,0.0958,0.897,98.813,4
spotify:track:4HGIPyqDxSf863tPOwXiLJ,Kiss the Girl,The Little Mermaid Special Edition,Alan Menken;Howard Ashman;Samuel E. Wright;Disney,1/1/2006,163400,58,FALSE,,2023-03-05T04:11:11Z,,Walt Disney Records,0.667,0.239,0,-15.923,1,0.0481,0.686,0,0.104,0.721,134.854,4
spotify:track:4zDfgax6Ihb0UWdour1ZEs,Zero To Hero,Hercules (Original Motion Picture Soundtrack),Chorus - Hercules;Lillias White;Cheryl Freeman;LaChanze;Roz Ryan;Vaneese Thomas;Tawatha Agee;Disney,1/1/1997,140573,69,FALSE,,2023-03-05T04:10:29Z,,Walt Disney Records,0.474,0.82,0,-7.699,1,0.243,0.493,0,0.0978,0.697,164.718,4
spotify:track:7tUSJY4nsDBJTjd1UXKRsT,Part of Your World,The Little Mermaid Special Edition,Alan Menken;Howard Ashman;Jodi Benson;Disney;J.A.C. Redford,1/1/2006,195493,72,FALSE,,2023-03-05T04:07:35Z,,Walt Disney Records,0.275,0.144,5,-14.516,1,0.0481,0.92,0.000423,0.29,0.302,61.557,5
spotify:track:2HIU8kiFo9sB5ih05q8wgP,Here Without You - Acoustic,Here Without You (Acoustic),3 Doors Down,1/1/2004,232973,59,FALSE,,2023-03-05T03:52:45Z,post-grunge,Universal Records,0.547,0.575,10,-6.282,0,0.0258,0.0198,0,0.205,0.311,143.752,4
spotify:track:2fywBLXK9GQi8YR8C8d3c4,Fall for You,A Twist in My Story,Secondhand Serenade,5/13/2008,183600,3,FALSE,,2023-03-05T03:52:23Z,emo,Glassnote Entertainment Group LLC,0.396,0.451,0,-7.109,1,0.0362,0.177,0,0.103,0.358,169.518,4
spotify:track:3Uvx1TO0Kg5HgGPk58lHXv,How's It Going to Be,Third Eye Blind,Third Eye Blind,4/8/1997,253413,75,FALSE,,2023-03-05T03:46:59Z,,Rhino/Elektra,0.561,0.593,5,-9.362,1,0.0264,0.00327,0.00144,0.0967,0.574,80.282,4
spotify:track:4WnYuVFXe6Si4fZqkxbnvS,Hold My Hand,Cracked Rear View,Hootie & The Blowfish,7/1/1994,258333,71,FALSE,,2023-03-04T16:36:40Z,,Atlantic Records,0.22,0.769,11,-5.125,1,0.054,0.208,0,0.0985,0.495,170.773,4
spotify:track:5vRPXm59z8ewWO6WiJHg3m,My Own Prison,My Own Prison,Creed,1/1/1997,298800,79,FALSE,,2023-03-04T16:36:14Z,post-grunge,The Bicycle Music Company,0.505,0.778,10,-4.778,1,0.0398,0.0277,0.00275,0.115,0.284,140.493,4
spotify:track:6NGi23FFKq9tH5NR1NcTw2,Let Her Cry,Cracked Rear View,Hootie & The Blowfish,7/1/1994,318533,76,FALSE,,2023-03-04T16:26:09Z,,Atlantic Records,0.352,0.698,7,-6.278,1,0.0303,0.0353,0,0.113,0.256,142.57,4
spotify:track:2Ff58Djqll3IPWXZgeaDGy,Invincible,Lace Up,mgk;Ester Dean,1/1/2012,185733,0,TRUE,,2023-03-02T23:51:06Z,,Universal Music Group,0.405,0.858,1,-5.254,1,0.431,0.0273,0,0.151,0.288,183.599,4
spotify:track:6yMboa6xoDITpExh6nZb5g,Don't Rain On My Parade,Funny Girl (Original Broadway Cast / 50th Anniversary Edition),Barbra Streisand,1/1/2014,164653,37,FALSE,,2023-03-02T03:31:17Z,adult standards,MANHATTAN RECORDS CATALOG (A95),0.499,0.4,10,-7.714,1,0.057,0.826,0,0.169,0.576,78.627,4
spotify:track:2AODWpK0rauqqL1gHfq2Zy,Suddenly Seymour,Little Shop of Horrors (The New Cast Album),Tammy Blanchard;Jonathan Groff;Little Shop of Horrors Off-Broadway Revival Company,12/20/2019,225214,51,FALSE,,2023-03-02T03:27:39Z,musicals,Ghostlight Records,0.368,0.415,7,-9.78,1,0.0299,0.0631,0,0.241,0.306,99.151,4
spotify:track:2FSkBDGsqZIxcsnKNgtMLx,Just the Way You Are,"Cover Sessions, Vol. 2",Boyce Avenue,7/24/2012,239573,54,FALSE,,2023-03-02T03:25:12Z,acoustic pop,3 Peace Records,0.531,0.296,1,-7.594,1,0.0304,0.84,0,0.124,0.212,106.359,4
spotify:track:0CTi9hClTojJG3Iq2sPYLi,Call Me Maybe,"Cover Sessions, Vol. 3",Boyce Avenue,4/28/2015,199130,46,FALSE,,2023-03-02T03:11:51Z,acoustic pop,3 Peace Records,0.664,0.314,1,-7.733,1,0.0381,0.443,0,0.0657,0.536,109.207,4
spotify:track:3jeBu7SFfHxye9DU8HPD9S,Never Enough,"Cover Sessions, Vol. 5",Boyce Avenue,1/24/2020,206910,41,FALSE,,2023-03-02T03:04:34Z,acoustic pop,3 Peace Records,0.612,0.282,1,-8.643,1,0.0381,0.829,0.00000109,0.101,0.304,130.074,4
spotify:track:5V7mTIcXVU9k2JNu0mE6vy,Fall for You (Acoustic),A Naked Twist in My Story,Secondhand Serenade,2012,176946,60,FALSE,,2023-03-02T02:59:32Z,emo,Secondhand Serenade Inc,0.433,0.307,0,-8.796,1,0.0327,0.65,0,0.0635,0.378,178.114,4
spotify:track:2tGvwE8GcFKwNdAXMnlbfl,happier,SOUR,Olivia Rodrigo,5/21/2021,175933,86,TRUE,,2023-03-02T02:53:21Z,,Olivia Rodrigo PS,0.395,0.443,6,-9.72,1,0.133,0.765,0.00000967,0.0839,0.338,168.924,3
spotify:track:3IOQZRcEkplCXg6LofKqE9,Iron Man - 2012 - Remaster,Paranoid (Remaster),Black Sabbath,9/18/1970,355303,74,FALSE,,2023-02-27T01:08:39Z,"metal,heavy metal,rock,stoner rock,doom metal,hard rock",Rhino/Warner Records,0.336,0.792,9,-10.875,1,0.084,0.00351,0.00175,0.0437,0.427,155.587,4
spotify:track:7hsMvQfbErJ82LNq1kCwsf,Bleed It Dry,Fortress,Alter Bridge,1/1/2013,284859,32,FALSE,,2023-02-27T01:01:02Z,"post-grunge,alternative metal,hard rock",ALTER BRIDGE (AB2),0.381,0.973,10,-4.727,0,0.148,0.000102,0.0000208,0.381,0.255,164.071,3
spotify:track:4jfrFYcMWGojddctOCCSjL,The Memory Remains - Live with the SFSO,S&M,Metallica,11/23/1999,282373,39,FALSE,,2023-02-27T01:00:33Z,"metal,thrash metal,rock,heavy metal,hard rock",Blackened Recordings,0.326,0.975,1,-4.763,1,0.0868,0.000243,0.000476,0.962,0.324,76.444,4
spotify:track:7G7tgVYORlDuVprcYHuFJh,Don't Dream It's Over,Crowded House,Crowded House,1/1/1986,236933,86,FALSE,,2023-02-27T00:56:32Z,,Capitol Records,0.439,0.421,8,-17.227,1,0.0411,0.0148,0.0000488,0.0697,0.551,81.833,4
spotify:track:0ll8uFnc0nANY35E0Lfxvg,Somewhere Only We Know,Hopes And Fears,Keane,1/1/2004,236160,81,FALSE,,2023-02-27T00:56:07Z,,Universal-Island Records Ltd.,0.453,0.655,9,-4.22,1,0.0257,0.0794,0.00000706,0.0849,0.366,172.01,4
spotify:track:0PkTdAdHWz71Q7vlIUOvGu,Genie Medley,Aladdin Original Broadway Cast Recording,Alan Menken;Adam Jacobs;James Monroe Iglehart,1/1/2014,243746,28,FALSE,,2023-02-25T15:48:55Z,musicals,Walt Disney Records,0.585,0.312,9,-12.046,0,0.259,0.841,0,0.447,0.664,139.472,4
spotify:track:6uKZrDXvnoithYR0eGZBPJ,You’re Beautiful,"Cover Sessions, Vol. 6",Boyce Avenue,5/15/2020,202033,49,FALSE,,2023-02-24T01:40:35Z,acoustic pop,3 Peace Records,0.668,0.271,1,-8.295,1,0.0274,0.798,0,0.0972,0.353,80.388,4
spotify:track:5GmYmCo9mIXOIInvcWWTmA,My Immortal,"Cover Sessions, Vol. 6",Boyce Avenue,5/15/2020,255034,41,FALSE,,2023-02-24T01:34:34Z,acoustic pop,3 Peace Records,0.336,0.243,4,-7.718,1,0.0338,0.878,0,0.102,0.0762,149.352,4
spotify:track:52J3WARiRHMtXbFXUWrVgu,Someone You Loved,"Cover Sessions, Vol. 6",Boyce Avenue,5/15/2020,182442,57,FALSE,,2023-02-22T05:34:23Z,acoustic pop,3 Peace Records,0.736,0.364,1,-5.966,1,0.0349,0.741,0,0.0932,0.371,110.023,4
spotify:track:0knwYd0kPonZMwaNWLLudK,Titanium,"Cover Sessions, Vol. 3",Boyce Avenue,4/28/2015,227562,57,FALSE,,2023-02-22T05:33:51Z,acoustic pop,3 Peace Records,0.804,0.547,4,-7.769,0,0.0665,0.193,0,0.0888,0.507,126.014,4
spotify:track:37bc0lXXN8Udi7IPwL58Hn,Time After Time,"Cover Sessions, Vol. 4",Boyce Avenue;Megan Davies;Jaclyn Davies,12/19/2017,222250,56,FALSE,,2023-02-22T05:33:18Z,acoustic pop,3 Peace Records,0.313,0.321,8,-8.713,1,0.0352,0.746,0,0.0948,0.243,53.845,4
spotify:track:210JCw2LbYD4YIs8GiZ9iP,Demons,"Cover Sessions, Vol. 3",Boyce Avenue;Jennel Garcia,4/28/2015,174174,59,FALSE,,2023-02-22T05:31:17Z,acoustic pop,3 Peace Records,0.678,0.351,0,-8.654,1,0.0266,0.747,0,0.355,0.569,90.032,4
spotify:track:4pc0NuIhf6lMeVV911JF7F,Words Darker Than Their Wings (Live),Live at the Royal Albert Hall Featuring the Parallax Orchestra,Alter Bridge;The Parallax Orchestra,9/7/2018,323561,37,FALSE,,2023-02-22T05:29:58Z,"post-grunge,alternative metal,hard rock",Napalm Records Handels GmbH,0.287,0.867,4,-5.834,1,0.045,0.000223,0.000287,0.993,0.161,160.093,3
spotify:track:66AsgHbaIWGklg0QnGKl7y,Words Darker Than Their Wings,AB III,Alter Bridge,1/1/2010,323679,35,TRUE,,2023-02-22T05:29:56Z,"post-grunge,alternative metal,hard rock",Unknown,0.376,0.885,4,-5.321,1,0.0393,0.000161,0.0000149,0.122,0.272,156.968,3
spotify:track:5oF4far4sauCVdhsASEFqb,Nightrain - Live,Made In Stoke 24.7.11 (Live),Slash;Myles Kennedy,11/14/2011,302266,35,FALSE,,2023-02-22T05:21:32Z,hard rock,Mercury Studios,0.21,0.98,1,-5.675,1,0.0839,0.00445,0.0147,0.955,0.246,157.75,4
spotify:track:7zT3qNDdUvrNSj0163yrkR,Civil War - Live,Made In Stoke 24.7.11 (Live),Slash;Myles Kennedy,11/14/2011,486346,42,FALSE,,2023-02-22T02:08:31Z,hard rock,Mercury Studios,0.176,0.881,10,-6.919,0,0.127,0.0269,0.00144,0.736,0.114,147.194,4
spotify:track:202gGTKLdiuM9wZQGmO21m,Sweet Child O' Mine - Live,Made In Stoke 24.7.11 (Live),Slash;Myles Kennedy,11/14/2011,388853,42,FALSE,,2023-02-22T01:54:01Z,hard rock,Mercury Studios,0.358,0.94,6,-6.686,1,0.0704,0.0295,0.00651,0.933,0.442,128.797,4
spotify:track:3QGsuHI8jO1Rx4JWLUh9jd,Treat You Better,Illuminate,Shawn Mendes,4/20/2017,187973,95,FALSE,,2023-02-22T00:31:33Z,,Island Records,0.443,0.82,10,-4.091,0,0.34,0.107,0,0.107,0.771,82.697,4
spotify:track:1MSM3Fo2fvnwVqMcz8Jhjq,Cecilia And The Satellite,Andrew McMahon In The Wilderness,Andrew McMahon in the Wilderness,10/13/2014,223879,59,FALSE,,2023-02-22T00:28:48Z,,Vanguard,0.381,0.844,5,-7.123,1,0.144,0.0131,0,0.318,0.239,194,4
spotify:track:1EAgPzRbK9YmdOESSMUm6P,Home,The World From The Side Of The Moon,Phillip Phillips,1/1/2012,210173,74,FALSE,,2023-02-21T23:58:34Z,folk pop,19 Recordings/Interscope,0.606,0.826,0,-6.04,1,0.0307,0.0256,0.0000157,0.117,0.332,121.036,4
spotify:track:7DnAm9FOTWE3cUvso43HhI,Sweet but Psycho,Heaven & Hell,Ava Max,9/18/2020,187436,86,FALSE,,2023-02-21T23:58:19Z,,Atlantic Records,0.72,0.706,1,-4.719,1,0.0473,0.0684,0,0.166,0.62,133.002,4
spotify:track:0Cy7wt6IlRfBPHXXjmZbcP,Love Me Like You Do,Fifty Shades Freed (Original Motion Picture Soundtrack),Ellie Goulding,2/9/2018,253520,84,FALSE,,2023-02-21T23:56:02Z,,Republic/Universal/FSF,0.489,0.597,5,-6.633,0,0.0292,0.27,0,0.105,0.323,95.013,4
spotify:track:7D49Iig0avHre9RFSUMkd2,I Lived,Native,OneRepublic,1/1/2014,234546,64,FALSE,,2023-02-21T23:55:24Z,,Mosley / Interscope,0.598,0.854,9,-5.429,1,0.0436,0.0746,0,0.278,0.311,119.976,4
spotify:track:6pRPoKyrZ2VNlgpvU6wwNB,Blackbird,Blackbird,Alter Bridge,10/5/2007,478133,54,FALSE,,2023-02-21T00:28:07Z,"post-grunge,alternative metal,hard rock",AB2/Universal Records,0.279,0.809,6,-4.717,0,0.0447,0.00496,0.0126,0.116,0.131,149.459,3
spotify:track:5uCax9HTNlzGybIStD3vDh,Say You Won't Let Go,Back from the Edge,James Arthur,10/28/2016,211477,87,FALSE,,2023-02-21T00:17:45Z,soft pop,Columbia,0.358,0.557,10,-7.398,1,0.059,0.695,0,0.0902,0.494,85.043,4
spotify:track:630sXRhIcfwr2e4RdNtjKN,Rewrite The Stars,Rewrite The Stars,Zac Efron;Zendaya,11/17/2017,217440,79,FALSE,,2023-02-21T00:11:56Z,musicals,Atlantic Records,0.684,0.619,10,-7.005,1,0.0386,0.0716,0,0.122,0.284,125.046,4
spotify:track:4fV8zuE5GmRCjzl8b3JUgg,2%,see you later,Jenna Raine,2/11/2022,207740,47,FALSE,,2023-02-21T00:04:50Z,,Warner Records,0.648,0.54,2,-5.338,1,0.0318,0.339,0,0.0661,0.358,106.08,4
spotify:track:1mKXFLRA179hdOWQBwUk9e,Just Give Me a Reason (feat. Nate Ruess),The Truth About Love,P!nk;Nate Ruess,9/18/2012,242721,91,FALSE,,2023-02-21T00:04:44Z,,RCA Records Label,0.778,0.547,2,-7.273,1,0.0489,0.344,0.000306,0.132,0.442,95,4
spotify:track:6XZ9YB13hHzM62UkVPm0oi,You And Me - Extended Wedding Song Version,Who We Are (Expanded Edition),Lifehouse,6/18/2007,317960,43,FALSE,,2023-02-21T00:03:17Z,post-grunge,Geffen,0.182,0.445,7,-7.631,1,0.0324,0.0204,0,0.157,0.315,46.739,4
spotify:track:6ovZ61WWdSvOo6fIN18Rzo,By Your Side,Smoke & Mirrors (Deluxe),Lifehouse,2010,249213,32,FALSE,,2023-02-21T00:02:54Z,post-grunge,Geffen,0.661,0.84,2,-4.23,1,0.03,0.215,0.00000486,0.152,0.743,125.986,4
spotify:track:7AsqUKKbPMxOFNIbRLBxHt,Halfway Gone,Smoke & Mirrors (Deluxe),Lifehouse,2010,195306,60,FALSE,,2023-02-21T00:02:00Z,post-grunge,Geffen,0.543,0.919,1,-4.831,0,0.0415,0.000449,0,0.243,0.498,125.023,4
spotify:track:2i0AUcEnsDm3dsqLrFWUCq,Tonight Tonight,Whatever,Hot Chelle Rae,11/25/2011,200466,72,FALSE,,2023-02-20T02:31:59Z,,RCA Records Label,0.686,0.783,4,-4.977,1,0.119,0.0764,0,0.163,0.814,99.978,4
spotify:track:0sNKiz82ATCvT3f3XVVUUj,Why Don't You Get A Job,Americana,The Offspring,11/16/1998,172466,80,TRUE,,2023-02-20T02:26:32Z,"punk,skate punk",Concord Records,0.766,0.882,5,-4.478,1,0.0719,0.0674,0.0000023,0.281,0.544,107.932,4
spotify:track:1JLn8RhQzHz3qDqsChcmBl,I Want to Know What Love Is - 1999 Remaster,Agent Provocateur,Foreigner,1984,304786,88,FALSE,,2023-02-20T02:24:51Z,"aor,classic rock",Atlantic Records,0.477,0.471,6,-10.036,1,0.0277,0.193,0.00000176,0.131,0.423,81.204,4
spotify:track:5BnFZLH99sYav2cxJFGO2n,Gone Away - 1997,Ixnay On The Hombre,The Offspring,2/4/1997,268826,74,FALSE,,2023-02-20T02:16:11Z,"punk,skate punk",Concord Records,0.45,0.945,3,-3.995,1,0.0806,0.012,0.00687,0.0683,0.294,111.342,4
spotify:track:0qcr5FMsEO85NAQjrlDRKo,"Let It Go - From ""Frozen""/Soundtrack Version",Frozen (Original Motion Picture Soundtrack / Deluxe Edition),Idina Menzel,1/1/2013,223840,80,FALSE,,2023-02-18T14:48:36Z,musicals,Walt Disney Records,0.543,0.485,8,-6.79,1,0.0305,0.555,0,0.12,0.372,136.961,4
spotify:track:5E8yddtSG3sH4hw2SfwcgW,Can You Feel the Love Tonight,The Lion King,Joseph Williams;Sally Dworsky;Nathan Lane;Ernie Sabella;Kristle Edwards,1/1/1994,177786,64,FALSE,,2023-02-18T06:13:02Z,,Walt Disney Records,0.316,0.132,5,-19.31,1,0.0542,0.792,0,0.57,0.463,78.933,4
spotify:track:0hfFDkS845UKM3BIKXmFBo,Her Voice,The Little Mermaid: Original Broadway Cast Recording,Sean Palmer as Prince Eric,2/26/2008,195946,39,FALSE,,2023-02-18T06:10:07Z,musicals,Walt Disney Records,0.31,0.136,2,-17.705,1,0.0372,0.813,0,0.115,0.212,134.058,4
spotify:track:0PKmDncVOiNQLO6D1P6PXi,I Won't Say (I'm In Love),Hercules (Original Motion Picture Soundtrack),Susan Egan;Cheryl Freeman;LaChanze;Vaneese Thomas;Lillias White;Disney,1/1/1997,140226,74,FALSE,,2023-02-18T06:03:23Z,,Walt Disney Records,0.684,0.481,0,-10.305,1,0.039,0.228,0,0.157,0.481,121.21,4
spotify:track:47BBI51FKFwOMlIiX6m8ya,I Want It That Way,Millennium,Backstreet Boys,5/18/1999,213306,88,FALSE,,2023-02-18T06:02:25Z,,Jive,0.689,0.694,6,-5.83,0,0.027,0.257,0,0.148,0.482,99.039,4
spotify:track:3SP1LUtLle97QNFvFFopnG,Already Over,End Of Silence,Red,6/6/2006,264946,51,FALSE,,2023-02-16T05:47:42Z,"christian rock,christian alternative rock",Essential Records,0.419,0.673,5,-6.577,0,0.0391,0.00295,0,0.0943,0.17,103.017,4
spotify:track:0CbDc6JeCKQGYVAI89abdm,Truth Be Told,Brand New,Matthew West,2/14/2020,219426,58,FALSE,,2023-02-15T02:26:37Z,"christian,ccm,worship,christian pop,christian alternative rock",Essential Records,0.618,0.591,11,-7.666,1,0.0364,0.291,0,0.121,0.451,125.969,4
spotify:track:3qXsX3mYSsD1DmAvc3PE3N,Love You Anyway,Love You Anyway,Luke Combs,2/10/2023,229424,59,FALSE,,2023-02-15T01:07:23Z,country,River House Artists/Columbia Nashville,0.532,0.489,4,-7.419,1,0.0311,0.149,0,0.237,0.32,139.807,4
spotify:track:5lF0pHbsJ0QqyIrLweHJPW,Burn,Halcyon Nights,Ellie Goulding,10/12/2012,231213,81,FALSE,,2023-02-11T15:40:45Z,,UMC (Universal Music Catalogue),0.313,0.76,10,-5.049,0,0.0616,0.3,0,0.105,0.343,86.735,4
spotify:track:5ff4h9mRnDDG84NSA4TNki,Holiday,Pawns & Kings,Alter Bridge,10/14/2022,238467,40,TRUE,,2023-02-11T15:33:56Z,"post-grunge,alternative metal,hard rock",Napalm Records Handels GmbH,0.457,0.94,8,-5.624,1,0.11,0.0000204,0,0.301,0.463,140.089,4
spotify:track:1tvwBvLun5paMzlwaW8q1q,"Mighty To Save - Live At Sydney Entertainment Centre, Sydney, Australia/2006",From The Inside Out,Hillsong Worship,1/1/2011,406774,1,FALSE,,2023-02-09T20:46:24Z,"worship,christian,pop worship,ccm,gospel",Sparrow,0.451,0.782,9,-6.92,1,0.0457,0.0757,0,0.0818,0.245,146.042,4
spotify:track:2CIsr5cqDJeWffps0vtNeq,Rain,Full Circle,Creed,1/1/2009,208240,65,FALSE,,2023-02-09T00:58:46Z,post-grunge,The Bicycle Music Company,0.538,0.925,11,-3.178,1,0.0392,0.00209,0,0.258,0.443,98.016,4
spotify:track:507bYMYfbm6sUS9iEAaeSd,Broken,Disclaimer II,Seether;Amy Lee,1/1/2004,258333,77,FALSE,,2023-02-09T00:57:44Z,"post-grunge,alternative metal,rock",Fantasy Records,0.448,0.61,3,-2.695,0,0.0342,0.0102,0.000491,0.135,0.214,123.762,4
spotify:track:4UzVcXufOhGUwF56HT7b8M,My Immortal,Fallen,Evanescence,3/4/2003,262533,80,FALSE,,2023-02-08T21:29:17Z,alternative metal,The Bicycle Music Company,0.19,0.265,9,-9.206,1,0.0356,0.863,0,0.134,0.101,79.012,4
spotify:track:7HJmJYQqBq2tn7RleFlun5,The Middle - Acoustic Version,Bleed American (Deluxe Edition),Jimmy Eat World,7/24/2001,190640,55,FALSE,,2023-02-08T21:27:55Z,"emo,pop punk",Geffen,0.787,0.316,2,-7.556,1,0.0388,0.365,0,0.0845,0.738,147.521,4
spotify:track:3Effll2C7OnP2isgbVPJje,The Good Left Undone,The Sufferer & The Witness,Rise Against,1/1/2006,181453,1,FALSE,,2023-02-08T21:24:21Z,"punk,hardcore punk",Geffen,0.179,0.979,1,-3.803,0,0.145,0.000212,0.00000172,0.131,0.524,197.022,5
spotify:track:2A6yzRGMgSQCUapR2ptm6A,True Colors,True Colors,Cyndi Lauper,10/14/1986,227590,72,FALSE,,2023-02-08T03:17:31Z,,Epic,0.397,0.207,0,-13.155,1,0.0331,0.701,0.0000307,0.116,0.268,171.282,4
spotify:track:3U4isOIWM3VvDubwSI3y7a,All of Me,Love In The Future (Expanded Edition),John Legend,8/30/2013,269556,88,FALSE,,2023-02-07T05:58:47Z,"soft pop,neo soul",G.O.O.D. Music/Columbia,0.422,0.264,8,-7.064,1,0.0322,0.922,0,0.132,0.331,119.93,4
spotify:track:6rqkwoZu5oX5hugeyiJCM8,Follow You Down,Congratulations I'm Sorry,Gin Blossoms,1/1/1996,270066,67,FALSE,,2023-02-07T05:55:04Z,,A&M,0.461,0.924,4,-7.047,0,0.0449,0.0123,0,0.0342,0.68,155.829,4
spotify:track:0gZp88SA5OcujHLDGkxtI3,Only One,Ocean Avenue,Yellowcard,1/1/2003,257399,71,FALSE,,2023-02-07T01:40:49Z,"pop punk,punk,emo",Capitol Records,0.477,0.907,1,-4.814,0,0.0899,0.00008,0.0000782,0.149,0.304,81.291,4
spotify:track:0NpjAPnOKmOU7AvquLRgKP,Jesus or a Gun,Sunburn,Fuel,3/31/1998,238800,38,FALSE,,2023-02-06T22:31:45Z,post-grunge,Epic,0.365,0.941,7,-5.591,1,0.0599,0.0000227,0.000438,0.119,0.499,162.921,4
spotify:track:2OMqSRS11ly56zg9u5za6c,Still Waiting,Does This Look Infected?,Sum 41,1/1/2002,158733,71,TRUE,,2023-02-06T22:29:20Z,"pop punk,punk,skate punk",Island Records,0.431,0.95,7,-4.918,1,0.26,0.00105,0.0000363,0.272,0.562,191.941,4
spotify:track:48RrDBpOSSl1aLVCalGl5C,The Monster,The Marshall Mathers LP2,Eminem;Rihanna,11/5/2013,250188,86,TRUE,,2023-02-03T18:45:11Z,"rap,hip hop",Eminem Catalog PS,0.781,0.853,1,-3.68,0,0.0714,0.0526,0,0.12,0.626,110.046,4
spotify:track:3cfOd4CMv2snFaKAnMdnvK,All Star,Astro Lounge,Smash Mouth,6/8/1999,200373,84,FALSE,,2023-02-03T18:45:05Z,,Interscope,0.731,0.867,11,-5.881,1,0.032,0.0394,0,0.0861,0.776,104.02,4
spotify:track:57trQKFZdJxHia4sMJioWk,Sister Christian,Midnight Madness,Night Ranger,1/1/1983,302933,67,FALSE,,2023-02-03T07:11:52Z,"glam metal,aor,arena rock,hard rock",Geffen*,0.448,0.35,5,-16.239,1,0.0393,0.147,0.00000227,0.0842,0.234,177.279,4
spotify:track:2e8F1M3b7dI2GDUDZh6c9l,This is War,Pawns & Kings,Alter Bridge,10/14/2022,243622,43,FALSE,,2023-02-02T03:23:22Z,"post-grunge,alternative metal,hard rock",Napalm Records Handels GmbH,0.376,0.932,3,-5.342,1,0.0984,0.00000499,0.0000213,0.318,0.319,163.956,4
spotify:track:4dygMGhvfENVhwRXmAscbl,Chariot,Chariot,Gavin DeGraw,7/21/2003,239173,54,FALSE,,2023-02-02T03:19:57Z,,J Records,0.28,0.779,7,-5.104,1,0.0513,0.0435,0,0.37,0.345,167.134,4
spotify:track:6Oym6t2GFmguqYfCJjQl96,Breathing,No Name Face,Lifehouse,2000,265400,45,FALSE,,2023-02-02T03:19:53Z,post-grunge,Geffen,0.503,0.816,2,-6.146,0,0.0309,0.0564,0,0.363,0.625,144.898,4
spotify:track:5IMtdHjJ1OtkxbGe4zfUxQ,Escape (The Pina Colada Song),Partners In Crime,Rupert Holmes,1/1/1979,276493,79,FALSE,,2023-02-02T03:14:53Z,yacht rock,Geffen*,0.835,0.509,0,-13.668,1,0.0548,0.469,0.00000411,0.0436,0.949,138.711,4
spotify:track:6UwxHDz7vGUhbDSevNUUcj,Hymn Of Heaven,Hymn Of Heaven,Phil Wickham,6/25/2021,267773,60,FALSE,,2023-02-02T00:52:55Z,"worship,christian,ccm",Fair Trade/Columbia,0.455,0.46,4,-6.661,1,0.0315,0.32,0,0.0996,0.211,70.942,4
spotify:track:2EoOZnxNgtmZaD8uUmz2nD,Black Hole Sun,Superunknown (Deluxe Edition),Soundgarden,3/9/1994,318586,80,FALSE,,2023-02-01T21:04:02Z,"grunge,post-grunge,hard rock",Geffen,0.35,0.828,6,-5.373,1,0.041,0.000217,0.000161,0.0774,0.147,105.435,4
spotify:track:3cHyrEgdyYRjgJKSOiOtcS,Timber,Global Warming: Meltdown (Deluxe Version),Pitbull;Kesha,2012,204134,88,FALSE,,2023-02-01T03:43:06Z,,Mr.305/Polo Grounds Music/RCA Records,0.581,0.963,11,-4.087,1,0.0981,0.0295,0,0.139,0.788,129.992,4
spotify:track:0BQp2g79dvZwnoJooY3XmT,The Difference,More Than You Think You Are,Matchbox Twenty,11/1/2002,249390,42,FALSE,,2023-01-31T06:14:09Z,post-grunge,Atlantic Records,0.495,0.808,7,-4.733,1,0.029,0.0187,0,0.107,0.351,101.818,4
spotify:track:64XSAtXpCJUmadm3fkpH4z,Back 2 Good,Yourself or Someone Like You,Matchbox Twenty,10/1/1996,340173,65,FALSE,,2023-01-31T06:13:49Z,post-grunge,Lava/Atlantic,0.559,0.504,7,-9.455,1,0.0246,0.106,0,0.13,0.479,89.051,4
spotify:track:0hu4ZK2oYSUnvIzo8JZscj,These Hard Times,The Matchbox Twenty Collection,Matchbox Twenty,11/8/2013,229973,33,FALSE,,2023-01-31T06:13:41Z,post-grunge,Emblem / Atlantic,0.539,0.682,2,-7.355,1,0.0246,0.035,0,0.106,0.563,94.02,4
spotify:track:5WnNUwPQgpMxdCuuU15TSX,Sleeping at the Wheel,North (Deluxe Edition),Matchbox Twenty,8/28/2012,228480,42,FALSE,,2023-01-31T06:13:09Z,post-grunge,Emblem/Atlantic,0.637,0.575,11,-9.615,1,0.0407,0.104,0.00479,0.115,0.345,111.957,4
spotify:track:5kDJvxVwV5JY1DpCrQRhRk,English Town,North (Deluxe Edition),Matchbox Twenty,8/28/2012,277013,31,FALSE,,2023-01-31T06:12:55Z,post-grunge,Emblem/Atlantic,0.619,0.699,9,-6.862,0,0.034,0.141,0.00213,0.107,0.339,115.029,4
spotify:track:5CssLKLCmxLkxgmnv6rYDr,Put Your Hands Up,North (Deluxe Edition),Matchbox Twenty,8/28/2012,173120,38,FALSE,,2023-01-31T06:08:55Z,post-grunge,Emblem/Atlantic,0.636,0.798,2,-4.7,1,0.0422,0.000221,0.0000103,0.0315,0.86,122.004,4
spotify:track:7GvyJGfJjNQu0veYHIm3Vq,Breathe Again,AB III,Alter Bridge,1/1/2010,261599,31,TRUE,,2023-01-31T06:03:32Z,"post-grunge,alternative metal,hard rock",Unknown,0.299,0.945,3,-3.929,1,0.0739,0.00013,0,0.0927,0.459,170.57,4
spotify:track:2m2FrjkQrHxEfFxHujRqVo,Never Be The Same,Innocence & Instinct,Red,8/25/2009,229040,43,FALSE,,2023-01-31T01:38:55Z,"christian rock,christian alternative rock",Essential Records,0.361,0.873,1,-3.914,1,0.0787,0.000224,0,0.134,0.282,155.895,4
spotify:track:3pRaLNL3b8x5uBOcsgvdqM,Hallelujah,Grace,Jeff Buckley,1994,413813,73,FALSE,,2023-01-29T17:53:55Z,,Columbia/Legacy,0.324,0.136,0,-10.33,1,0.0318,0.931,0.00117,0.176,0.0831,97.256,3
spotify:track:02ZdZqhpfrPnxwyakXgxB8,Lump,The Presidents of The United States of America: Ten Year Super Bonus Special Anniversary Edition,The Presidents Of The United States Of America,1/1/1995,134200,8,FALSE,,2023-01-29T17:28:32Z,"grunge,alternative rock",PUSA Music,0.507,0.882,6,-3.917,1,0.0337,0.0053,0,0.177,0.907,142.398,4
spotify:track:4JlKk8J0Q7IdNchS0iJRSj,Everlasting,Rising Up,Polock,1/1/2014,185477,0,FALSE,,2023-01-29T17:28:08Z,,Mushroom Pillow,0.646,0.83,2,-5.72,1,0.0317,0.00431,0.00116,0.108,0.664,112,4
spotify:track:6lSr3iZTC144PKhvbPFzMp,Blurry,Come Clean,Puddle Of Mudd,1/1/2001,304000,72,FALSE,,2023-01-28T23:52:26Z,post-grunge,Flawless Records,0.432,0.938,3,-4.507,0,0.0543,0.00805,0,0.138,0.522,157.447,4
spotify:track:5OusUgzHz6Ulb3GZT7WUo5,Watching You,If You're Going Through Hell,Rodney Atkins,7/18/2006,235426,71,FALSE,,2023-01-28T23:41:34Z,"country,acoustic country",Curb Records,0.625,0.848,2,-4.008,1,0.0314,0.105,0,0.23,0.716,137.993,4
spotify:track:3loYYWdPlLiUCq1jiSPfT6,Kiss Tomorrow Goodbye,Tailgates & Tanlines,Luke Bryan,1/1/2011,203133,73,FALSE,,2023-01-28T23:41:03Z,"country,acoustic country",Capitol Nashville,0.572,0.937,5,-3.468,0,0.0365,0.00649,0,0.316,0.578,115.012,4
spotify:track:5kNe7PE09d6Kvw5pAsx23n,Die A Happy Man,Tangled Up,Thomas Rhett,1/1/2015,227426,76,FALSE,,2023-01-28T23:40:32Z,"country,acoustic country,pop country","The Valory Music Co., LLC",0.595,0.389,2,-9.245,1,0.0349,0.418,0.00000139,0.116,0.4,166.049,4
spotify:track:2afB4eV1KWBqLqFqME6PTh,Take My Name,For You,Parmalee,7/30/2021,157906,0,FALSE,,2023-01-28T23:34:45Z,country,Stoney Creek Records,0.559,0.66,7,-4.143,1,0.0512,0.222,0,0.193,0.574,163.957,4
spotify:track:00KyYtT6NaXwbPecina5Pj,Famous Friends,Famous Friends,Chris Young;Kane Brown,8/6/2021,166506,65,FALSE,,2023-01-28T23:31:31Z,"country,acoustic country,pop country",RCA Records Label Nashville,0.535,0.859,6,-2.922,1,0.0344,0.0528,0,0.32,0.698,102.008,4
spotify:track:4ZF2WDTBVFihfTkxfme8JE,Kiss Tomorrow Goodbye,Tailgates & Tanlines,Luke Bryan,8/9/2011,203133,0,FALSE,,2023-01-28T23:26:41Z,"country,acoustic country",Capitol Nashville,0.571,0.937,5,-3.467,0,0.0365,0.0064,0,0.316,0.584,115.013,4
spotify:track:2PpNgmrS9mAyrkRAwn6YPq,Rainbow in the Dark,Holy Diver,Dio,1983,256933,67,FALSE,,2023-01-28T23:17:27Z,"heavy metal,metal,hard rock,glam metal",Rhino/Warner Records,0.512,0.947,9,-5.659,0,0.0401,0.000692,0.114,0.0283,0.612,117.461,4
spotify:track:0cuq829zRNq4AEdmDJA4aw,Two Princes,Pocket Full Of Kryptonite (Anniversary Edition),Spin Doctors,1991,256946,80,FALSE,,2023-01-28T23:14:50Z,,Epic/Legacy,0.544,0.905,7,-10.732,1,0.0646,0.00165,0.00000197,0.0532,0.825,103.594,4
spotify:track:54DH1W2U8xk5I3d6aEdXLM,Don't Fight It,Feeding The Wolves (Deluxe Version),10 Years,1/1/2010,221653,49,FALSE,,2023-01-28T23:09:04Z,"post-grunge,alternative metal",Universal Records,0.409,0.738,4,-4.582,0,0.0353,0.0204,0,0.34,0.359,153.955,4
spotify:track:12C6ufD5zOWsQGHQY7aXRM,The Violence,Wolves,Rise Against,6/9/2017,228720,59,FALSE,,2023-01-28T17:25:28Z,"punk,hardcore punk",Virgin Records (US1A),0.294,0.92,10,-2.471,0,0.0635,0.0000411,0.000232,0.0804,0.582,184.007,4
spotify:track:62rlxI6g2PNaWsHoiRryto,Haunted - Acoustic Version,Speak Now (Deluxe Edition),Taylor Swift,10/25/2010,217613,46,FALSE,,2023-01-28T02:40:44Z,,Taylor Swift,0.563,0.443,5,-5.078,1,0.0247,0.842,0,0.293,0.313,80.962,4
spotify:track:28M2gifMU282QBM3fKajIS,Haunted,Speak Now,Taylor Swift,10/25/2010,242080,54,FALSE,,2023-01-28T02:36:23Z,,Taylor Swift,0.436,0.95,5,-2.627,1,0.057,0.0826,0.00000108,0.149,0.352,162.088,4
spotify:track:44wXefe8WB9Fd6xwtmAwbR,Monkey Wrench,The Colour And The Shape,Foo Fighters,5/20/1997,231480,72,FALSE,,2023-01-27T00:50:57Z,"post-grunge,rock,alternative rock,grunge",RCA Records Label,0.401,0.953,4,-4.276,1,0.0752,0.0000183,0.0000256,0.149,0.555,174.217,4
spotify:track:5cxp9kjCFyJwzv3lzeX7ku,Inside the Fire,Indestructible (Deluxe Edition),Disturbed,4/29/2008,231573,71,FALSE,,2023-01-27T00:44:50Z,"metal,nu metal,alternative metal,rap metal,hard rock",Reprise,0.463,0.962,7,-6.43,1,0.0704,0.000233,0.109,0.0906,0.66,94.003,4
spotify:track:6WYHJTCeO3kyRfRmQW9enw,Requiem,Dear Evan Hansen (Original Broadway Cast Recording),Laura Dreyfuss;Michael Park;Jennifer Laura Thompson,2/3/2017,259693,57,FALSE,,2023-01-25T18:19:13Z,musicals,Atlantic Records,0.409,0.404,4,-6.517,1,0.0285,0.446,0,0.132,0.288,80.356,4
spotify:track:7EsSVPxaYoAZjQwhspJBs2,"Who Lives, Who Dies, Who Tells Your Story",Hamilton (Original Broadway Cast Recording),Original Broadway Cast of Hamilton,9/25/2015,217229,70,FALSE,,2023-01-25T18:12:25Z,musicals,Atlantic Records,0.353,0.326,2,-9.687,1,0.0901,0.777,0,0.0904,0.156,75.5,4
spotify:track:1TRr8Pp2uOqL24fMHpJyV3,Sound of Madness,The Sound of Madness,Shinedown,6/23/2008,233986,39,FALSE,,2023-01-25T02:02:17Z,"post-grunge,alternative metal,rock",Atlantic Records,0.328,0.939,2,-1.654,0,0.0423,0.0000493,0.0065,0.337,0.329,185.971,4
spotify:track:1vcxF91pWs9uNwDROuiCPB,Savior,Appeal To Reason,Rise Against,1/1/2008,242280,81,FALSE,,2023-01-24T02:38:04Z,"punk,hardcore punk",Geffen,0.554,0.932,5,-3.424,0,0.0485,0.00154,0.000139,0.425,0.478,112.488,4
spotify:track:4w1lzcaoZ1IC2K5TwjalRP,A Thousand Miles,Be Not Nobody,Vanessa Carlton,4/30/2002,237493,86,FALSE,,2023-01-23T03:19:51Z,,A&M,0.56,0.825,11,-3.862,1,0.0379,0.323,0,0.161,0.268,94.931,4
spotify:track:0eEa7ypuz6CbpmIoPKiBZ5,Push (feat. Andrew Wyatt),Push,A-Trak;Andrew Wyatt,5/18/2015,213511,0,FALSE,,2023-01-23T03:15:32Z,disco house,Fool's Gold Records,0.643,0.874,7,-2.82,1,0.0466,0.00197,0.00192,0.0914,0.454,126.054,4
spotify:track:4mHWWcXf14vbHl19HgJq3W,See You Again (feat. Richard Rogers),See You Again (feat. Richard Rogers),The Animal In Me;Richard Rogers,4/19/2016,240000,36,FALSE,,2023-01-21T04:36:23Z,chicago house,The Animal In Me,0.491,0.878,10,-5.373,1,0.0575,0.0218,0,0.0886,0.364,160.067,4
spotify:track:1OYOLWqKmhkFIx2KC9ek1a,Colors of the Wind,Pocahontas,Judy Kuhn,1/1/1995,214400,71,FALSE,,2023-01-20T16:46:20Z,,Walt Disney Records,0.307,0.164,1,-17.04,1,0.0457,0.929,0.00111,0.109,0.229,79.101,3
spotify:track:3IPnBzGRMg6BfViFxxa0Gq,"Love Is an Open Door - From ""Frozen""/Soundtrack Version",Frozen (Original Motion Picture Soundtrack / Deluxe Edition),Kristen Bell;Santino Fontana,1/1/2013,124733,72,FALSE,,2023-01-20T16:42:20Z,,Walt Disney Records,0.737,0.636,6,-6.308,0,0.0737,0.262,0,0.319,0.537,100.033,4
spotify:track:77YKoNCjP5hWqiXMRG2839,Shine,"Hints, Allegations & Things Left Unsaid",Collective Soul,3/22/1994,306040,78,FALSE,,2023-01-19T19:25:45Z,post-grunge,Craft Recordings,0.543,0.423,6,-8.797,1,0.0282,0.295,0.0862,0.152,0.355,150.132,4
spotify:track:3fH4KjXFYMmljxrcGrbPj9,Don't You (Forget About Me),Once Upon A Time (Super Deluxe),Simple Minds,1985,263040,81,FALSE,,2023-01-19T19:25:28Z,new wave,UMC (Universal Music Catalogue),0.66,0.816,2,-6.61,1,0.0299,0.168,0.0181,0.0608,0.678,111.346,4
spotify:track:31H6au3jhblhr6MMJiXnCq,"Hungry Eyes - From ""Dirty Dancing"" Soundtrack",The Definitive Collection,Eric Carmen,1997,251066,81,FALSE,,2023-01-19T19:25:27Z,yacht rock,Arista,0.712,0.549,5,-9.484,1,0.0254,0.011,0,0.118,0.552,109.882,4
spotify:track:6DEaND0SHv3sC11xobZLiy,Take Your Time,Montevallo,Sam Hunt,10/24/2014,243706,68,FALSE,,2023-01-19T19:24:22Z,"country,pop country",MCA Nashville,0.558,0.719,11,-5.603,1,0.0419,0.101,0,0.212,0.483,158.031,4
spotify:track:6YsiSzHiDppaMXN3KjyMYl,Take Your Time / House Party / Leave the Night On,"We Got You Covered, Vol. 1",Anthem Lights,7/29/2016,154493,0,FALSE,,2023-01-19T19:24:06Z,hymns,Anthem Lights,0.43,0.476,6,-5.26,1,0.0305,0.763,0,0.237,0.383,78.709,3
spotify:track:5duZVZ4m1TaJDTCbeHG8TG,Raiders March,Indiana Jones and the Kingdom of the Crystal Skull (Original Motion Picture Soundtrack),John Williams,5/20/2008,305640,57,FALSE,,2023-01-19T19:12:23Z,"soundtrack,score",Walt Disney Records,0.422,0.351,0,-13.002,1,0.0352,0.73,0.904,0.0784,0.168,132.317,4
spotify:track:0SMkzFGJOBFDI9KfYD55L0,There She Goes,The La's (Deluxe Edition),The La's,1990,162160,70,FALSE,,2023-01-19T03:41:43Z,"britpop,madchester,jangle pop",UMC (Universal Music Catalogue),0.536,0.854,7,-6.907,1,0.0298,0.0129,0.743,0.156,0.905,122.733,4
spotify:track:4KqTGPPmXowMPEoShSVOta,Here Is Gone,Gutterflower,The Goo Goo Dolls,4/8/2002,238173,68,FALSE,,2023-01-19T03:40:34Z,,Warner Records,0.338,0.685,1,-5.178,1,0.0322,0.00052,0.000512,0.109,0.221,102.192,4
spotify:track:3z07mTLpA01Wmasb0pRmQV,Isolation - Live,Live at the O2 Arena,Alter Bridge,9/8/2017,293400,19,FALSE,,2023-01-19T03:28:29Z,"post-grunge,alternative metal,hard rock",Napalm Records Handels GmbH,0.421,0.976,8,-4.496,1,0.101,0.0000341,0.000219,0.953,0.161,96.992,4
spotify:track:5d6nTdahyEnH1TILFC0Tp3,Just The Way You Are,"Punk Goes Pop, Vol. 4",Pierce The Veil,11/21/2011,223346,60,FALSE,,2023-01-19T03:27:14Z,"emo,screamo,post-hardcore",Fearless Records,0.45,0.907,5,-3.73,1,0.073,0.000878,0,0.256,0.344,108.135,4
spotify:track:5LxvwujISqiB8vpRYv887S,I Want You Back,Diana Ross Presents The Jackson 5,The Jackson 5,12/18/1969,176333,87,FALSE,,2023-01-18T18:38:19Z,"motown,christmas",UNI/MOTOWN,0.469,0.538,8,-13.559,1,0.0575,0.305,0.000114,0.37,0.885,196.606,4
spotify:track:2Nz6aF1umHh5Et6I5H581L,Hooked On A Feeling,Hooked On A Feeling - 40th Anniversary Collection,Blue Swede;Björn Skifs,9/30/2014,172866,67,FALSE,,2023-01-18T18:35:42Z,,Parlophone Sweden,0.547,0.82,8,-6.728,1,0.0805,0.261,0,0.3,0.933,118.208,4
spotify:track:2aEeghgUcnu75tzcolFMfs,La Bamba - Single Version,Ritchie Valens,Ritchie Valens,1959,126960,71,FALSE,,2023-01-18T18:33:18Z,"doo-wop,rock and roll",Rhino/Del-Fi,0.516,0.809,0,-6.419,1,0.0545,0.787,0.000331,0.303,0.939,75.099,4
spotify:track:2CGDxXXYbkPOyRXHzQbqkT,Click Click Boom,Every Six Seconds,Saliva,3/27/2001,252400,78,FALSE,,2023-01-18T02:47:08Z,"nu metal,rap metal",Mercury Records,0.609,0.935,6,-2.941,1,0.0478,0.00289,0.000359,0.188,0.498,95.966,4
spotify:track:5topOIcCwU391xE5Oyhh62,Little Things - 2014 Remastered,Sixteen Stone (2014 Remastered),Bush,10/14/2014,264226,0,FALSE,,2023-01-18T01:42:54Z,"grunge,post-grunge",Round Hill Music,0.343,0.936,7,-3.316,1,0.0758,0.000134,0,0.169,0.211,112.628,4
spotify:track:4vl2zwXsTmAxgu9iY0g6UK,I Don't Want to Be,Chariot,Gavin DeGraw,7/21/2003,217760,69,FALSE,,2023-01-16T18:50:45Z,,J Records,0.423,0.862,0,-5.13,0,0.0695,0.00806,0,0.133,0.462,154.756,4
spotify:track:2d3VSTjHWR5jU2PZoKEU2G,House Of The Lord,House Of The Lord,Phil Wickham,4/2/2021,256133,48,FALSE,,2023-01-15T14:39:25Z,"worship,christian,ccm",Fair Trade/Columbia,0.501,0.788,10,-4.137,1,0.0323,0.0199,0,0.135,0.292,86.034,4
spotify:track:5EiQ1UzsmOOtIIlPGa2xuk,Ghost of Days Gone By - Live,Live at the O2 Arena,Alter Bridge,9/8/2017,310013,23,FALSE,,2023-01-15T03:38:36Z,"post-grunge,alternative metal,hard rock",Napalm Records Handels GmbH,0.272,0.954,1,-5.307,1,0.104,0.000403,0.0043,0.97,0.193,139.107,4
spotify:track:4aT4Yfjc3Xsrdn7CBYaahh,Open Your Eyes - Live,Live at the O2 Arena,Alter Bridge,9/8/2017,406666,27,FALSE,,2023-01-14T14:33:41Z,"post-grunge,alternative metal,hard rock",Napalm Records Handels GmbH,0.122,0.905,2,-5.031,1,0.0778,0.000219,0.00654,0.945,0.159,82.782,4
spotify:track:2joYeIfZMyUU7nJg0sDPFL,My Champion - Live,Live at the O2 Arena,Alter Bridge,9/8/2017,298053,15,FALSE,,2023-01-14T14:28:32Z,"post-grunge,alternative metal,hard rock",Napalm Records Handels GmbH,0.458,0.962,5,-4.4,1,0.0707,0.0000921,0.0000293,0.98,0.346,115.985,4
spotify:track:56sk7jBpZV0CD31G9hEU3b,Animal I Have Become,One-X,Three Days Grace,6/25/2006,231400,81,FALSE,,2023-01-13T01:53:36Z,"post-grunge,rock",Jive,0.553,0.853,8,-3.668,1,0.0339,0.000684,0,0.126,0.506,122.023,4
spotify:track:1m4IGb9cH8cHyQSmNwbXTo,How Sweet the Sound,Love Is the Evidence,Citizen Way,4/23/2013,221026,44,FALSE,,2023-01-13T01:53:18Z,"christian,ccm,christian pop,pop worship,worship",Fair Trade/Columbia,0.424,0.671,9,-6.995,1,0.0294,0.112,0,0.105,0.391,151.883,4
spotify:track:7qEHsqek33rTcFNT9PFqLf,Someone You Loved,Divinely Uninspired To A Hellish Extent,Lewis Capaldi,5/17/2019,182160,89,FALSE,,2023-01-12T01:59:38Z,soft pop,Vertigo Berlin,0.501,0.405,1,-5.679,1,0.0319,0.751,0,0.105,0.446,109.891,4
spotify:track:2gE95JskwQ1pCACTpGe1Db,Down On The Corner,Willy And The Poor Boys (Expanded Edition),Creedence Clearwater Revival,11/2/1969,166280,75,FALSE,,2023-01-12T01:59:16Z,"classic rock,southern rock,country rock",Craft Recordings,0.858,0.544,0,-9.289,1,0.0751,0.583,0.00109,0.0707,0.874,108.217,4
spotify:track:2ubsKugLwqDM8xUYsvIpDd,Dorothy,This Addiction,Alkaline Trio,2010,211560,0,FALSE,,2023-01-11T03:53:38Z,"pop punk,punk,emo,skate punk",Hassle Records,0.471,0.927,7,-3.885,1,0.107,0.000926,0,0.139,0.532,169.951,4
spotify:track:7bR99GKoXRAYT5XM4DvNHR,Lead Poisoning,This Addiction,Alkaline Trio,2010,157440,0,FALSE,,2023-01-11T03:47:10Z,"pop punk,punk,emo,skate punk",Hassle Records,0.479,0.925,7,-3.812,1,0.158,0.00549,0,0.159,0.92,198.217,4
spotify:track:4WbOgZ7NyHHGF5Pikss4bt,Draculina,This Addiction (Deluxe Edition),Alkaline Trio,2/23/2010,213773,24,FALSE,,2023-01-11T03:43:09Z,"pop punk,punk,emo,skate punk",Epitaph,0.559,0.909,4,-4.298,1,0.0345,0.00339,0.00000488,0.119,0.654,130.997,4
spotify:track:20OFwXhEXf12DzwXmaV7fj,Bad Moon Rising,Green River (Expanded Edition),Creedence Clearwater Revival,8/3/1969,141600,83,FALSE,,2023-01-11T03:35:51Z,"classic rock,southern rock,country rock",Craft Recordings,0.508,0.774,2,-5.973,1,0.0321,0.0586,0.00000487,0.063,0.942,178.946,4
spotify:track:3x80T4dEFK7tDFzpxA6Dml,What About Now,Daughtry (Deluxe Edition),Daughtry,2006,253293,58,FALSE,,2023-01-08T23:49:56Z,post-grunge,RCA Records Label,0.358,0.836,9,-2.821,0,0.0419,0.0724,0,0.15,0.252,162.007,4
spotify:track:5sG3G54H21hNfd5etlheoe,Satellite,Endgame,Rise Against,1/1/2011,238573,72,FALSE,,2023-01-08T17:11:19Z,"punk,hardcore punk",Geffen,0.387,0.94,5,-4.16,0,0.0528,0.00369,0,0.0759,0.444,134.876,4
spotify:track:1rkGytnje8oF8Ek13ZodT5,Our House,Our House,American Hi-Fi,6/26/2020,212365,33,FALSE,,2023-01-07T23:05:31Z,"pop punk,punk",Rude Records,0.56,0.852,7,-5.754,0,0.0366,0.000975,0.00000375,0.158,0.257,124.052,4
spotify:track:4wFUdSCer8bdQsrp1M90sa,Highway Don't Care,Two Lanes Of Freedom,Tim McGraw;Taylor Swift;Keith Urban,1/1/2013,276880,67,FALSE,,2023-01-07T23:00:49Z,"country,classic country","Big Machine Records, LLC",0.47,0.79,2,-5.352,1,0.039,0.0216,0,0.0863,0.495,158.061,4
spotify:track:6W5RmgWh46p9RQ4LDezHKE,"Flashlight (Sweet Life Mix) - From ""Pitch Perfect 2"" Soundtrack",Pitch Perfect 2 - Special Edition (Original Motion Picture Soundtrack),Hailee Steinfeld,5/12/2015,178320,57,FALSE,,2023-01-07T22:41:18Z,,UME – PP2 OST,0.517,0.623,3,-6.35,1,0.0715,0.327,0,0.127,0.278,148.045,4
spotify:track:5y9ivD2g37FSCEJpfhG7d5,Selling The Drama,Throwing Copper,Live,1/1/1994,205693,63,FALSE,,2023-01-07T22:33:19Z,"post-grunge,grunge",Radioactive Records 40%,0.452,0.907,6,-6.705,1,0.0647,0.0109,0.000334,0.14,0.366,124.375,4
spotify:track:5dePpbamNezj1qhHKJPViS,All In,Smoke & Mirrors (Deluxe),Lifehouse,2010,236280,55,FALSE,,2023-01-07T22:26:06Z,post-grunge,Geffen,0.547,0.878,1,-4.65,1,0.0431,0.000931,0,0.191,0.536,140.07,4
spotify:track:61XMx0k6ZkvO5j0mB74Wqp,Overture,Aladdin Original Broadway Cast Recording,Alan Menken,1/1/2014,76653,31,FALSE,,2023-01-07T16:02:36Z,,Walt Disney Records,0.625,0.397,6,-7.181,1,0.068,0.114,0.0209,0.0701,0.704,94.803,4
spotify:track:204FRaXJ77a1NbkQmQRhn5,Zero,AB III,Alter Bridge,1/1/2010,279483,34,TRUE,,2023-01-07T16:00:50Z,"post-grunge,alternative metal,hard rock",Unknown,0.122,0.876,1,-4.44,1,0.0683,0.000158,0,0.341,0.508,185.14,3
spotify:track:7MW1YzseA4CGfrZMBLqQWK,Welcome To Jurassic Park,Jurassic Park,John Williams,5/25/1993,474933,57,FALSE,,2023-01-07T13:28:15Z,"soundtrack,score",Geffen*,0.117,0.0843,7,-20.023,1,0.038,0.902,0.882,0.0764,0.0529,81.659,4
spotify:track:0T8P86fvSK8kCUJFYPZbIH,All Signs Point To Lauderdale,What Separates Me From You,A Day To Remember,11/16/2010,197200,69,TRUE,,2023-01-05T21:49:54Z,"metalcore,pop punk,post-hardcore,screamo,emo",Victory Records,0.425,0.983,10,-3.437,1,0.114,0.000263,0,0.114,0.513,149.95,4
spotify:track:31UlICHKsBQSbldTLuzrDu,Higher - Live Acoustic,With Arms Wide Open: A Retrospective,Creed,1/1/2015,268893,32,FALSE,,2023-01-05T21:45:47Z,post-grunge,The Bicycle Music Company,0.389,0.651,2,-6.614,1,0.0284,0.0608,0.00000114,0.122,0.513,153.782,3
spotify:track:3MrFdLOtfV8ZnXPHUCy5VV,My Sacrifice - Live Acoustic,With Arms Wide Open: A Retrospective,Creed,1/1/2015,286266,51,FALSE,,2023-01-05T21:40:37Z,post-grunge,The Bicycle Music Company,0.342,0.489,1,-9.147,1,0.0337,0.58,0.00000521,0.23,0.348,171.654,3
spotify:track:0GdUpGP22jboEMoH1l8MF5,With Arms Wide Open - New Version With Strings,With Arms Wide Open: A Retrospective,Creed,1/1/2015,235426,42,FALSE,,2023-01-05T21:36:00Z,post-grunge,The Bicycle Music Company,0.323,0.683,0,-5.739,1,0.0378,0.0311,0,0.189,0.19,140.266,4
spotify:track:525xF77XDk2Ikh2Tx0hM1G,My Own Prison - Acoustic Version / Extended,With Arms Wide Open: A Retrospective,Creed,1/1/2015,301893,49,FALSE,,2023-01-05T21:35:03Z,post-grunge,The Bicycle Music Company,0.623,0.496,5,-8.71,1,0.0279,0.52,0,0.107,0.344,138.653,4
spotify:track:2CEgGE6aESpnmtfiZwYlbV,Dynamite,The Rokstarr Hits Collection,Taio Cruz,1/1/2010,202613,78,FALSE,,2023-01-05T21:09:23Z,,Universal-Island Records Ltd.,0.751,0.781,4,-3.724,1,0.0862,0.0039,0,0.036,0.814,119.977,4
spotify:track:2D9BrlpeyjXF0vli2dYQ5V,Angels Fall,Dark Before Dawn,Breaking Benjamin,6/23/2015,228866,71,FALSE,,2023-01-05T19:25:04Z,"alternative metal,post-grunge,rock",Hollywood Records,0.4,0.886,7,-5.078,1,0.0521,0.000868,0.000211,0.122,0.406,195.958,4
spotify:track:7yWCstlfqJwCYZFdycrFQe,On Our Way,Goldrushed,The Royal Concept,1/29/2021,194186,51,FALSE,,2023-01-04T20:27:46Z,,Republic Records,0.604,0.822,6,-5.498,1,0.111,0.00433,0,0.157,0.341,130.944,4
spotify:track:7B5nuJ3GhcJRsXU48g5Qhu,Tounge Tied,Seven Second Surgery,Faber Drive,1/1/2007,210653,6,FALSE,,2023-01-04T20:20:15Z,,Universal (MT),0.395,0.94,1,-4.32,1,0.0451,0.00328,0,0.153,0.564,166.045,4
spotify:track:0vUxr7xRF0wLEF9TyzNHH6,Time,Full Circle,Creed,1/1/2009,355213,54,FALSE,,2023-01-04T19:59:11Z,post-grunge,The Bicycle Music Company,0.242,0.79,4,-4.583,0,0.041,0.0016,0,0.166,0.201,183.843,3
spotify:track:1wVUjggKup9hP2jd24gLSg,Injection,The Sufferer & The Witness,Rise Against,1/1/2006,199213,0,FALSE,,2023-01-04T19:36:49Z,"punk,hardcore punk",Geffen,0.42,0.996,8,-2.961,0,0.0804,0.000229,0.00042,0.0897,0.433,105.686,4
spotify:track:6Q2R6ZvhHui2QbHCFv3dUE,Attention Please,Attention Please,Caroline's Spine,1/1/1999,186226,25,FALSE,,2023-01-04T19:33:38Z,post-grunge,Hollywood Records,0.568,0.981,8,-3.526,1,0.0952,0.00143,0.0000155,0.402,0.283,129.862,4
spotify:track:2yOp9Q7yF0NbuZzUUHqNLR,You Happened,You Happened,Caitlin Kinnunen;The Prom Ensemble,10/19/2018,194046,29,FALSE,,2023-01-04T13:19:12Z,musicals,Masterworks,0.787,0.714,0,-5.697,1,0.0477,0.239,0,0.0668,0.887,129.997,4
spotify:track:20iv6eIFgXokinSmgAkVxS,Down To My Last,One Day Remains,Alter Bridge,8/10/2004,286466,50,FALSE,,2023-01-04T12:58:33Z,"post-grunge,alternative metal,hard rock",The Bicycle Music Company,0.326,0.871,8,-3.626,1,0.0552,0.000111,0,0.281,0.39,150.172,4
spotify:track:3rEwGRmPVVudVjqdgv0tRR,If It Means A Lot To You,Homesick,A Day To Remember,2/3/2009,243226,72,FALSE,,2023-01-04T12:36:04Z,"metalcore,pop punk,post-hardcore,screamo,emo",Victory Records,0.584,0.536,10,-8.158,1,0.0279,0.112,0,0.456,0.441,127.001,4
spotify:track:6AioOohg4bQZFA4jIYQQ2r,Forty Six & 2,Ænima,TOOL,9/17/1996,364520,78,FALSE,,2023-01-04T12:30:38Z,"progressive metal,alternative metal,progressive rock,metal",RCA Records Label,0.375,0.682,0,-6.898,0,0.0364,0.00152,0.598,0.0897,0.396,159.23,4
spotify:track:5Nm9ERjJZ5oyfXZTECKmRt,Stay With Me,In The Lonely Hour,Sam Smith,5/26/2014,172723,84,FALSE,,2023-01-03T17:45:31Z,soft pop,PLG - Capitol,0.413,0.42,0,-6.444,1,0.0416,0.588,0.0000639,0.11,0.185,84.126,4
spotify:track:7CIzpZaeeNCtJDi1nqEDXb,Falls On Me,Natural Selection,Fuel,9/23/2003,254026,58,FALSE,,2023-01-03T17:21:01Z,post-grunge,Epic,0.317,0.804,9,-6.504,0,0.0379,0.0000808,0.109,0.0995,0.181,164.185,4
spotify:track:5lWRaa0fBxDE5yU91npPq7,Just A Girl,Tragic Kingdom,No Doubt,10/10/1995,209200,80,FALSE,,2023-01-03T13:09:33Z,,Trauma,0.638,0.906,2,-4.824,1,0.0504,0.0662,0.0000688,0.142,0.767,107.991,4
spotify:track:48f7LOHWir3VQoO06yoc95,Song About You,The Band CAMINO,The Band CAMINO,9/10/2021,158948,55,FALSE,,2023-01-02T19:54:05Z,,DBLBLK Records/Elektra,0.617,0.801,8,-5.766,1,0.0336,0.0254,0.00000207,0.105,0.426,119.003,4
spotify:track:1ynmMEK1fkyiZ6Z6F3ThEt,Centerfold,Freeze Frame,The J. Geils Band,1981,216533,74,FALSE,,2023-01-02T19:12:57Z,classic rock,EMI/EMI Records (USA),0.653,0.677,0,-12.244,1,0.0396,0.249,0,0.403,0.888,114.374,4
spotify:track:6urCAbunOQI4bLhmGpX7iS,Don't Speak,Tragic Kingdom,No Doubt,10/10/1995,263560,85,FALSE,,2023-01-02T19:12:48Z,,Trauma,0.52,0.709,5,-7.125,0,0.0352,0.247,0.0000178,0.18,0.536,76.039,4
spotify:track:7u93rCmIM9mBoT4mvfUBTZ,Had Enough,Phobia (Explicit Version),Breaking Benjamin,1/1/2006,228213,66,FALSE,,2023-01-02T19:12:45Z,"alternative metal,post-grunge,rock",Hollywood Records,0.313,0.948,0,-2.772,0,0.0762,0.00001,0.0000352,0.105,0.242,163.881,4
spotify:track:2hmX7OquuyHXFphptTW68R,I Just Can't Wait To Be King,The Lion King: Original Broadway Cast Recording,Scott Irby-Ranniar;Ensemble - The Lion King;Geoff Hoyle;Kajuana Shuford,1/1/1997,182400,46,FALSE,,2023-01-02T18:42:47Z,musicals,Walt Disney Records,0.546,0.62,0,-7.858,1,0.139,0.46,0.00000917,0.132,0.829,103.266,4
spotify:track:3DrjZArsPsoqbLzUZZV1Id,Back To December,Speak Now,Taylor Swift,10/25/2010,293026,65,FALSE,,2023-01-02T15:34:15Z,,Taylor Swift,0.529,0.67,2,-4.663,1,0.0303,0.117,0,0.334,0.286,141.893,4
spotify:track:7A2cNLRT0YJc1yjxHlKihs,Starlight (Taylor's Version),Red (Taylor's Version),Taylor Swift,11/12/2021,220413,63,FALSE,,2022-12-29T17:08:42Z,,Taylor Swift,0.628,0.685,4,-5.864,1,0.0358,0.00324,0,0.18,0.605,126.014,4
spotify:track:273dCMFseLcVsoSWx59IoE,Bad Blood,1989,Taylor Swift,10/27/2014,211933,70,FALSE,,2022-12-29T17:06:11Z,,Taylor Swift,0.65,0.802,7,-6.114,1,0.181,0.0871,0.00000654,0.148,0.295,170.146,4
spotify:track:16nCYYc1lCxCyvaR1lgo0i,Could Have Been Me,Sing 2 (Original Motion Picture Soundtrack),Halsey,12/17/2021,148732,75,FALSE,,2022-12-29T17:04:44Z,,Sing 2 Soundtrack Album,0.552,0.662,6,-6.225,0,0.0548,0.0000918,0,0.143,0.572,79.973,4
spotify:track:78Qk1m8zbvvvrmWH2M1yxT,Me Myself & I,5SOS5,5 Seconds of Summer,9/23/2022,177879,0,TRUE,,2022-12-29T15:24:01Z,,BMG Rights Management (US) LLC,0.575,0.556,4,-5.107,1,0.0283,0.0303,0,0.0903,0.44,87.991,4
spotify:track:6D60klaHqbCl9ySc8VcRss,Stronger (What Doesn't Kill You),Stronger (Deluxe Version),Kelly Clarkson,10/24/2011,221946,71,FALSE,,2022-12-29T15:18:30Z,christmas,RCA Records Label,0.562,0.939,0,-4.282,1,0.0475,0.046,0,0.112,0.684,116.044,4
spotify:track:3TGRqZ0a2l1LRblBkJoaDx,Call Me Maybe,Kiss (Deluxe),Carly Rae Jepsen,1/1/2012,193400,79,FALSE,,2022-12-29T15:07:11Z,,Silent Records IGA,0.782,0.58,7,-6.548,1,0.0407,0.0114,0.00000228,0.108,0.66,120.021,4
spotify:track:6AtZLIzUINvExIUy4QhdjP,I Knew You Were Trouble (Taylor's Version),Red (Taylor's Version),Taylor Swift,11/12/2021,219760,73,FALSE,,2022-12-29T15:03:32Z,,Taylor Swift,0.584,0.557,6,-6.371,1,0.0342,0.0129,0,0.0576,0.767,154.008,4
spotify:track:59HjlYCeBsxdI0fcm3zglw,Wildest Dreams,1989,Taylor Swift,10/27/2014,220440,75,FALSE,,2022-12-29T00:02:27Z,,Taylor Swift,0.554,0.666,8,-7.414,1,0.0747,0.0702,0.00593,0.106,0.472,140.056,4
spotify:track:0wavGRldH0AWyu2zvTz8zb,Sweet Nothing,Midnights,Taylor Swift,10/21/2022,188496,69,FALSE,,2022-12-28T23:57:14Z,,Taylor Swift,0.336,0.161,0,-14.973,1,0.0456,0.968,0.00011,0.115,0.407,176.48,4
spotify:track:22bPsP2jCgbLUvh82U0Z3M,The Way I Loved You (Taylor’s Version),Fearless (Taylor's Version),Taylor Swift,4/9/2021,243136,77,FALSE,,2022-12-28T23:49:37Z,,Taylor Swift,0.402,0.732,5,-4.665,1,0.0484,0.0033,0,0.108,0.472,161.032,4
spotify:track:0aV5uARAknQgYhBaK944FP,"Would've, Could've, Should've",Midnights (3am Edition),Taylor Swift,10/22/2022,260361,66,FALSE,,2022-12-28T23:46:32Z,,Taylor Swift,0.485,0.846,0,-6.557,1,0.117,0.393,0.00115,0.124,0.548,157.918,4
spotify:track:3eX0NZfLtGzoLUxPNvRfqm,Maroon,Midnights,Taylor Swift,10/21/2022,218270,74,TRUE,,2022-12-28T23:40:53Z,,Taylor Swift,0.655,0.384,7,-8.29,1,0.0349,0.0634,0.00000145,0.0973,0.0384,108.058,4
spotify:track:5xTtaWoae3wi06K5WfVUUH,Shake It Off,1989,Taylor Swift,10/27/2014,219200,77,FALSE,,2022-12-28T23:39:30Z,,Taylor Swift,0.647,0.785,7,-5.414,1,0.165,0.0561,0,0.148,0.943,160.015,4
spotify:track:0cITLOYn1Sv4q27zZPqlNK,Red,Red,Taylor Swift,10/22/2012,220826,66,FALSE,,2022-12-28T23:35:37Z,,Taylor Swift,0.602,0.896,1,-4.267,0,0.0437,0.0773,0.0000887,0.091,0.641,124.978,4
spotify:track:1p80LdxRV74UKvL8gnD7ky,Blank Space,1989,Taylor Swift,10/27/2014,231826,79,FALSE,,2022-12-28T23:35:09Z,,Taylor Swift,0.753,0.678,5,-5.421,1,0.0644,0.085,0.00000164,0.13,0.583,96.006,4
spotify:track:3CeCwYWvdfXbZLXFhBrbnf,Love Story (Taylor’s Version),Love Story (Taylor’s Version),Taylor Swift,2/12/2021,235766,80,FALSE,,2022-12-28T23:35:08Z,,Taylor Swift,0.626,0.79,2,-4.302,1,0.0311,0.135,0.00000397,0.0989,0.416,119.082,4
spotify:track:0V3wPSX9ygBnCm8psDIegu,Anti-Hero,Midnights,Taylor Swift,10/21/2022,200690,82,FALSE,,2022-12-28T23:35:05Z,,Taylor Swift,0.633,0.648,4,-6.645,1,0.062,0.121,0.00000262,0.161,0.49,96.888,4
spotify:track:2T9WeqSMJJb8YBDHPYGU4p,22 (Taylor's Version),Red (Taylor's Version),Taylor Swift,11/12/2021,230960,63,FALSE,,2022-12-28T20:40:31Z,,Taylor Swift,0.642,0.695,7,-5.62,1,0.0281,0.000443,0.0000102,0.0753,0.642,103.984,4
spotify:track:1qrpoAMXodY6895hGKoUpA,You Belong With Me (Taylor’s Version),Fearless (Taylor's Version),Taylor Swift,4/9/2021,231124,83,FALSE,,2022-12-28T20:35:02Z,,Taylor Swift,0.632,0.773,6,-4.856,1,0.0346,0.0623,0,0.0885,0.474,130.033,4
spotify:track:1PotmRJ9g0y6zLVbJMKeV2,Find The Real,One Day Remains,Alter Bridge,8/10/2004,283826,48,FALSE,,2022-12-28T15:53:29Z,"post-grunge,alternative metal,hard rock",The Bicycle Music Company,0.345,0.936,1,-2.986,1,0.0939,0.0000212,0.00000768,0.119,0.317,75.683,4
spotify:track:05SBRd4fXgn8FX7bf8BCAE,I Need Your Love (feat. Ellie Goulding),18 Months,Calvin Harris;Ellie Goulding,10/29/2012,234506,84,FALSE,,2022-12-27T15:33:00Z,edm,Columbia,0.695,0.869,8,-5.066,1,0.0483,0.41,0,0.237,0.58,124.989,4
spotify:track:5XcZRgJv3zMhTqCyESjQrF,Poison,Trash,Alice Cooper,7/25/1989,269712,77,FALSE,,2022-12-27T15:26:00Z,"glam rock,hard rock,glam metal,proto-punk,classic rock",Epic,0.28,0.908,2,-5.509,0,0.109,0.0327,0.00000885,0.18,0.26,118.698,4
spotify:track:0OkoFxzb616mT2znU5aENH,Johnny B. Goode - From “Back To The Future” Soundtrack,Back To The Future (Original Motion Picture Soundtrack),Marty McFly;The Starlighters,1/1/1985,185800,52,FALSE,,2022-12-26T15:09:57Z,,Geffen*,0.647,0.46,10,-14.711,1,0.0392,0.623,0.0000854,0.482,0.935,84.666,4
spotify:track:2QfiRTz5Yc8DdShCxG1tB2,Johnny B. Goode,Berry Is On Top,Chuck Berry,7/1/1959,161560,78,FALSE,,2022-12-26T15:05:38Z,"rockabilly,rock and roll",Geffen,0.534,0.803,10,-9.129,1,0.0743,0.741,0.0000607,0.307,0.969,167.983,4
spotify:track:6pOp190Velj9UdfdfCiqlI,Crazy Rolling,Moulin Rouge! The Musical (Original Broadway Cast Recording),Aaron Tveit;Karen Olivo;Original Broadway Cast of Moulin Rouge! The Musical,8/30/2019,313933,49,FALSE,,2022-12-25T12:32:59Z,musicals,House of Iona/RCA Records,0.702,0.686,0,-5.812,0,0.0744,0.273,0.00000114,0.0813,0.164,110.987,4
spotify:track:3Lkk3DbtKNu3A5yEaio6IE,Your Song Reprise,Moulin Rouge! The Musical (Original Broadway Cast Recording),Karen Olivo;Sahr Ngaujah;Aaron Tveit;Original Broadway Cast of Moulin Rouge! The Musical,8/30/2019,158133,43,FALSE,,2022-12-25T12:30:21Z,musicals,House of Iona/RCA Records,0.36,0.255,2,-11.475,1,0.0375,0.855,0.00000256,0.213,0.237,123.505,4
spotify:track:4zDm0Olw94w1JUUKdcdKSR,The Sparkling Diamond,Moulin Rouge! The Musical (Original Broadway Cast Recording),Danny Burstein;Karen Olivo;Jacqueline B. Arnold;Original Broadway Cast of Moulin Rouge! The Musical;Robyn Hurder;Holly James;Jeigh Madjus;Tam Mutu;Aaron Tveit;Sahr Ngaujah,8/30/2019,278946,49,FALSE,,2022-12-22T16:11:55Z,musicals,House of Iona/RCA Records,0.459,0.799,6,-5.356,0,0.134,0.0305,0.00000125,0.318,0.368,109.111,4
spotify:track:6uMPJ3NmW8FfqqNwqjUHrB,When You're Young,Time Of My Life,3 Doors Down,1/1/2011,256013,63,FALSE,,2022-12-22T14:02:07Z,post-grunge,Universal Records,0.462,0.778,9,-4.365,0,0.0313,0.0226,0,0.108,0.219,77.004,4
spotify:track:4tK4ARuilOrBzwVQK73E0Y,The Remedy (I Won't Worry),Waiting for My Rocket to Come,Jason Mraz,2002,256440,66,FALSE,,2022-12-22T13:53:14Z,"soft pop,acoustic pop",Elektra Records,0.589,0.867,10,-4.523,1,0.0385,0.041,0,0.306,0.795,94.52,4
spotify:track:1VyiUi0mRnSKgtHa5dBoUd,Spirits,Hope,The Strumbellas,4/22/2016,203653,2,FALSE,,2022-12-22T13:47:13Z,folk pop,Glassnote Entertainment Group LLC,0.556,0.657,0,-6.075,1,0.0265,0.17,0,0.113,0.79,80.529,4
spotify:track:1uGht4m9AVY641N2DzoPpi,Misery,Let Your Dim Light Shine,Soul Asylum,6/6/1995,264360,45,FALSE,,2022-12-22T13:45:53Z,alternative rock,Columbia,0.38,0.643,0,-8.304,1,0.0287,0.0000486,0.0000267,0.244,0.297,113.674,4
spotify:track:1MrNveiYvWyKNAMiqn8xS8,Thunder,Boys Like Girls,BOYS LIKE GIRLS,8/31/2007,236680,61,FALSE,,2022-12-20T19:54:29Z,"pop punk,emo",Columbia,0.508,0.821,2,-5.279,1,0.0395,0.223,0,0.316,0.463,75.057,4
spotify:track:36UVZPoK8a1Oxh13cY8kOp,I Don't Wanna Be In Love (Dance Floor Anthem),Good Morning Revival,Good Charlotte,3/27/2007,244000,69,FALSE,,2022-12-20T19:53:24Z,"pop punk,punk,emo",Epic/Daylight,0.64,0.884,6,-2.609,1,0.0428,0.0226,0,0.187,0.573,124.968,4
spotify:track:6JvEDa0gyoQ6XkmUrLpMwU,Fading,Crash,Decyfer Down,5/5/2009,251200,48,FALSE,,2022-12-20T19:36:55Z,"christian rock,christian alternative rock,chinese rock",Ino/Columbia,0.477,0.704,7,-6.282,1,0.0276,0.000112,0,0.0951,0.399,88.011,4
spotify:track:7cDzJyC95jtGO9zAeZsWOg,Kiss on My List,Voices,Daryl Hall & John Oates,1980,264986,68,FALSE,,2022-12-20T18:53:07Z,"yacht rock,soft rock",RCA/BMG Heritage,0.815,0.741,0,-9.478,1,0.031,0.434,0.115,0.0689,0.965,121.221,4
spotify:track:6FE2iI43OZnszFLuLtvvmg,Classic,MKTO,MKTO,2012,175426,83,FALSE,,2022-12-20T18:37:07Z,,Columbia/M2V,0.72,0.791,1,-4.689,1,0.124,0.0384,0,0.157,0.756,102.071,4
spotify:track:0XbNKiLVi5NnQ8sKvmoj14,I Feel Good About This,I Was Starting to Wonder,The Mowgli's,8/17/2018,201527,8,FALSE,,2022-12-20T18:32:15Z,,CandyShop Recordings,0.525,0.841,7,-6.049,1,0.0418,0.00431,0,0.146,0.493,119.856,4
spotify:track:4x5e8hKzHBJOcE81wqRY3h,Dead Among the Living,Pawns & Kings,Alter Bridge,10/14/2022,292338,36,FALSE,,2022-12-20T16:59:38Z,"post-grunge,alternative metal,hard rock",Napalm Records Handels GmbH,0.284,0.935,10,-5.555,0,0.13,0.00000506,0.000153,0.268,0.307,103.92,4
spotify:track:3HE50TVRquwXe9yv2HFoNL,Never Too Late,One-X,Three Days Grace,6/25/2006,209333,73,FALSE,,2022-12-20T16:58:01Z,"post-grunge,rock",Jive,0.433,0.778,2,-4.68,0,0.0371,0.00838,0,0.163,0.217,149.864,4
spotify:track:2hx4ptqsE8dboLH3NCLmaN,Father Of Mine,So Much For The Afterglow,Everclear,10/7/1997,231400,73,FALSE,,2022-12-20T16:54:33Z,"post-grunge,alternative rock",Capitol Records,0.568,0.94,1,-5.401,1,0.0411,0.000431,0.0000496,0.0779,0.738,97.096,4
spotify:track:71qNRlNDnPahvATE7Zl4Nw,"Never Seen Anything ""Quite Like You""",No Sound Without Silence,The Script,9/15/2014,202586,55,FALSE,,2022-12-20T15:42:49Z,,Columbia,0.317,0.464,6,-7.37,1,0.0274,0.429,0.00000127,0.103,0.414,159.906,3
spotify:track:33MnSYLvtOrbj5zwfioEiH,Be Somebody,The End Is Where We Begin,Thousand Foot Krutch,4/17/2012,222435,66,FALSE,,2022-12-20T15:40:16Z,"christian rock,christian alternative rock,rap metal",Endurance Music Group / The Fuel Music,0.457,0.669,6,-5.792,0,0.0288,0.0296,0,0.142,0.312,93.987,4
spotify:track:5O2P9iiztwhomNh8xkR9lJ,Night Changes,FOUR (Deluxe),One Direction,11/17/2014,226597,90,FALSE,,2022-12-19T20:44:12Z,,Syco Music,0.672,0.52,8,-7.747,1,0.0353,0.859,0,0.115,0.37,120.001,4
spotify:track:5GzpstdtupjJcu0JR5j3v6,2011,2011,5 Seconds of Summer,12/3/2021,197447,0,FALSE,,2022-12-19T20:40:33Z,,BMG Rights Management (US) LLC,0.571,0.839,9,-5.49,0,0.0558,0.0244,0,0.268,0.436,156.887,4
spotify:track:5YqltLsjdqFtvqE7Nrysvs,We Are Never Ever Getting Back Together (Taylor's Version),Red (Taylor's Version),Taylor Swift,11/12/2021,193146,74,FALSE,,2022-12-19T20:36:48Z,,Taylor Swift,0.567,0.686,7,-6.139,1,0.175,0.0317,0.00000186,0.0732,0.716,172.014,4
spotify:track:3SXXFIZel1VQQ4ENiqozxi,Still into You,Paramore (Deluxe Edition),Paramore,4/9/2013,216013,68,FALSE,,2022-12-19T20:32:52Z,"pop punk,emo",Fueled By Ramen,0.602,0.923,5,-3.763,1,0.044,0.0098,0,0.0561,0.765,136.01,4
spotify:track:2VFetGqLYq0Pc8ZtRYCaeL,In The Kitchen,Everything To Everyone,Reneé Rapp,11/11/2022,227749,69,FALSE,,2022-12-19T20:20:42Z,,Interscope Records,0.546,0.287,0,-6.613,0,0.0359,0.841,0,0.254,0.141,84.613,1
spotify:track:7B5Npv8NjjTCzk8PLpU66h,Love In The Dark,25,Adele,11/20/2015,285935,77,FALSE,,2022-12-19T20:10:53Z,soft pop,XL Recordings,0.331,0.341,9,-6.057,0,0.0309,0.528,0,0.109,0.152,109.821,4
spotify:track:6YvqWjhGD8mB5QXcbcUKtx,Love Story (Taylor’s Version),Fearless (Taylor's Version),Taylor Swift,4/9/2021,235766,79,FALSE,,2022-12-19T19:55:05Z,,Taylor Swift,0.627,0.792,2,-4.311,1,0.031,0.13,0.00000397,0.0845,0.415,119.054,4
spotify:track:74kqTZLnGoPtCwGecA37Xi,Breakaway,Let Go (20th Anniversary Edition),Avril Lavigne,6/3/2022,223717,58,FALSE,,2022-12-19T19:49:22Z,,Arista/Legacy,0.346,0.741,0,-5.578,1,0.0365,0.0035,0.00000291,0.347,0.359,168.902,3
spotify:track:4cluDES4hQEUhmXj6TXkSo,What Makes You Beautiful,Up All Night,One Direction,5/25/2012,199986,89,FALSE,,2022-12-19T19:44:59Z,,Syco Music UK,0.726,0.787,4,-2.494,1,0.0737,0.009,0,0.0596,0.888,124.99,4
spotify:track:7qEUFOVcxRI19tbT68JcYK,Everything Has Changed (feat. Ed Sheeran) (Taylor’s Version),Red (Taylor's Version),Taylor Swift;Ed Sheeran,11/12/2021,245426,73,FALSE,,2022-12-19T19:40:22Z,soft pop,Taylor Swift,0.498,0.61,6,-5.098,1,0.0363,0.271,0,0.223,0.474,79.918,4
spotify:track:4IQkfUsrwXol38VV3U7t7T,Run (feat. Ed Sheeran) (Taylor’s Version) (From The Vault),Red (Taylor's Version),Taylor Swift;Ed Sheeran,11/12/2021,240226,64,FALSE,,2022-12-19T19:30:48Z,soft pop,Taylor Swift,0.61,0.488,3,-6.918,1,0.0293,0.817,0,0.312,0.443,125.039,4
spotify:track:3yII7UwgLF6K5zW3xad3MP,22 (Taylor's Version),Red (Taylor's Version),Taylor Swift,11/12/2021,230960,72,FALSE,,2022-12-19T19:22:50Z,,Taylor Swift,0.642,0.695,7,-5.62,1,0.0281,0.000443,0.0000102,0.0753,0.642,103.984,4
spotify:track:4OAuvHryIVv4kMDNSLuPt6,Red (Taylor's Version),Red (Taylor's Version),Taylor Swift,11/12/2021,223093,77,FALSE,,2022-12-19T19:17:05Z,,Taylor Swift,0.516,0.777,1,-4.908,0,0.0375,0.00108,0.00000162,0.0761,0.408,125.047,4
spotify:track:0Cz3LgsBXYwe0vM42614Gn,Going Home,ATLAS (Deluxe),The Score,10/13/2017,198480,47,FALSE,,2022-12-19T17:14:04Z,,Universal Records,0.615,0.848,2,-3.928,1,0.0273,0.00563,0,0.126,0.547,90.03,4
spotify:track:37OI3jA1ts5U0nmuk2qBXR,Sadie Hawkins Dance,The Anatomy of the Tongue in Cheek,Relient K,8/28/2001,177600,54,FALSE,,2022-12-19T17:06:17Z,"christian rock,christian alternative rock,pop punk",Gotee Records,0.382,0.82,10,-5.269,1,0.109,0.023,0,0.115,0.475,166.862,4
spotify:track:5eK5xQl8EGzR5zYkxaDCAn,Be My Escape,Mmhmm,Relient K,11/2/2004,240453,63,FALSE,,2022-12-19T17:06:14Z,"christian rock,christian alternative rock,pop punk",Gotee Records,0.553,0.864,9,-5.062,1,0.0396,0.00605,0,0.132,0.298,112.51,4
spotify:track:3oQLJ4CkXlnrFE13CTsk68,Falling In,Smoke & Mirrors (Deluxe),Lifehouse,2010,226280,53,FALSE,,2022-12-19T17:04:43Z,post-grunge,Geffen,0.653,0.85,7,-5.071,1,0.0283,0.000679,0,0.0895,0.496,122.735,4
spotify:track:5oQcOu1omDykbIPSdSQQNJ,1985,A Hangover You Don't Deserve,Bowling For Soup,2004,193000,77,FALSE,,2022-12-19T17:03:14Z,"pop punk,punk",Jive,0.606,0.887,4,-4.404,1,0.0598,0.000242,0,0.337,0.903,119.974,4
spotify:track:64UioB4Nmwgn2f4cbIpAkl,It's Still Rock and Roll to Me,Glass Houses,Billy Joel,3/12/1980,177597,73,FALSE,,2022-12-19T17:02:53Z,soft rock,Columbia,0.752,0.684,0,-7.599,1,0.15,0.0994,0,0.0897,0.539,141.075,4
spotify:track:2pX4FpOgwItRVPPUFdRcxA,Smooth (feat. Rob Thomas),Supernatural (Legacy Edition),Santana;Rob Thomas,1999,294986,78,FALSE,,2022-12-19T16:50:40Z,,Columbia/Legacy,0.609,0.923,9,-3.908,1,0.0338,0.16,0.00000473,0.295,0.961,115.996,4
spotify:track:5BrxQCdse2b424hlurCvGz,Breathe Into Me,End Of Silence,Red,6/6/2006,214373,59,FALSE,,2022-12-19T15:03:53Z,"christian rock,christian alternative rock",Essential Records,0.32,0.91,9,-5.321,1,0.114,0.000997,0,0.16,0.22,165.943,4
spotify:track:1VpTwecl7EbQiGyVsvwFQE,When Your Heart Stops Beating,When Your Heart Stops Beating,44,1/1/2006,192786,61,TRUE,,2022-12-19T15:00:49Z,"pop punk,punk,skate punk",Interscope,0.416,0.967,9,-2.289,0,0.109,0.000367,0,0.0632,0.431,171.032,4
spotify:track:0snPJPxkk0MbTc0xeUvAPt,Dancing On The Ceiling,Dancing On The Ceiling (Expanded Edition),Lionel Richie,1986,270720,69,FALSE,,2022-12-19T14:40:52Z,motown,UNI/MOTOWN,0.698,0.774,0,-8.642,1,0.048,0.12,0.00000226,0.394,0.731,133.197,4
spotify:track:0bt22Pke8uyTr7az9pseW9,We Found Love,In2ition,2CELLOS;HAUSER;Luka Sulic,1/11/2013,213600,52,FALSE,,2022-12-19T14:35:58Z,"classical crossover,classical",Masterworks,0.332,0.399,2,-11.316,1,0.0447,0.797,0.886,0.501,0.589,129.9,4
spotify:track:3TW48DvQ7ChwY1Yy1tkMaP,Runaway Train (2022 Remaster),Grave Dancers Union (2022 Remaster),Soul Asylum,10/6/1992,266573,74,FALSE,,2022-12-19T14:24:33Z,alternative rock,Columbia,0.605,0.764,0,-5.833,1,0.0395,0.00588,0.00000124,0.109,0.487,117.293,4
spotify:track:6JV3DyXgHVMPVVDsvjcM1s,Isolation,AB III,Alter Bridge,1/1/2010,253167,48,FALSE,,2022-12-16T22:27:49Z,"post-grunge,alternative metal,hard rock",Unknown,0.431,0.964,8,-3.34,1,0.0745,0.00000653,0.00000162,0.0941,0.34,96.962,4
spotify:track:0SjjcXfArhzePhEzDNkY8z,Anybody Have a Map?,Dear Evan Hansen (Original Broadway Cast Recording),Rachel Bay Jones;Jennifer Laura Thompson,2/3/2017,146853,60,FALSE,,2022-12-16T22:27:42Z,musicals,Atlantic Records,0.634,0.603,7,-6.374,1,0.258,0.234,0,0.536,0.744,107.768,4
spotify:track:5uRsBdLhn91AYcsTCOGNOC,Sunglasses At Night,First Offense,Corey Hart,1983,320000,66,FALSE,,2022-12-16T19:12:19Z,synthpop,CAPITOL CATALOG MKT (C92),0.665,0.624,10,-11.106,0,0.049,0.505,0.0104,0.518,0.717,127.083,4
spotify:track:3MrWxJaD2AT0W9DjWF64Vm,Come On Eileen,Too Rye Ay,Dexys Midnight Runners,7/22/1982,287306,84,FALSE,,2022-12-16T19:03:09Z,,Mercury Nashville,0.45,0.656,2,-7.049,1,0.0472,0.664,0.00000302,0.259,0.782,106.61,4
spotify:track:0479siHWJpKiu8e71PVBWP,God Only Knows,I May Not Always Love You,Ron Pope,11/12/2021,155762,26,FALSE,,2022-12-16T19:02:46Z,,Brooklyn Basement Records,0.478,0.101,7,-10.808,1,0.0391,0.96,0,0.321,0.299,111.005,4
spotify:track:3yawCOFKiw8TVVdCubX4hu,Would It Matter,Awake (Deluxe Edition),Skillet,8/21/2009,252280,44,FALSE,,2022-12-16T19:01:50Z,"christian rock,christian alternative rock,christian",Atlantic Records,0.497,0.819,8,-4.352,1,0.0424,0.151,0,0.108,0.276,126.002,4
spotify:track:4MoVvVkDGFNtQPHciZgG3w,Never Surrender,Awake,Skillet,8/21/2009,210520,57,FALSE,,2022-12-16T19:01:23Z,"christian rock,christian alternative rock,christian",Atlantic Records,0.387,0.828,1,-3.955,0,0.0382,0.0439,0,0.301,0.306,161.922,4
spotify:track:2UREu1Y8CO4jXkbvqAtP7g,Monster,Awake,Skillet,8/21/2009,178013,85,FALSE,,2022-12-16T19:01:00Z,"christian rock,christian alternative rock,christian",Atlantic Records,0.64,0.957,8,-2.336,1,0.0741,0.0431,0,0.0789,0.692,134.992,4
spotify:track:6YyizHBnH22hpC4R3CwJK5,One Thing Remains - Radio Version,Passion Collection,Passion;Kristian Stanfill,7/31/2020,239628,49,FALSE,,2022-12-16T08:26:17Z,"worship,christian,ccm,pop worship",SixSteps (SIX),0.425,0.728,11,-4.492,1,0.0286,0.00468,0.00000262,0.172,0.164,147.986,4
spotify:track:6ZRKMJ7x5WGHuyUjoZjNEu,Blessed Be Your Name,The Answer To The Question,Tree63,2004,229266,7,FALSE,,2022-12-16T08:25:50Z,"christian,christian rock,ccm,christian alternative rock,worship",InPop Records (POP),0.707,0.592,1,-7.719,1,0.0304,0.0709,0,0.147,0.484,120.026,4
spotify:track:17GmwQ9Q3MTAz05OokmNNB,Chain Breaker,Chain Breaker (Deluxe Edition),Zach Williams,9/15/2017,196466,65,FALSE,,2022-12-16T08:25:34Z,"country christian,christian,worship,ccm,christian pop",Essential Records,0.467,0.715,0,-5.076,1,0.0348,0.0231,0,0.144,0.367,156.074,4
spotify:track:3rXoaocGAOEq6CorwCiI4J,Washed by the Water,The Heat,NEEDTOBREATHE,8/27/2007,208253,54,FALSE,,2022-12-16T08:25:14Z,"christian,christian alternative rock,christian folk,ccm,christian rock,worship",Lava/Atlantic,0.458,0.751,11,-4.681,1,0.032,0.0708,0.0105,0.169,0.387,140.895,4
spotify:track:3CJZVGg64NKFXU4wYbKzXs,Oceans (Where Feet May Fail) - Radio Version,Oceans,Hillsong UNITED,9/10/2013,249640,0,FALSE,,2022-12-16T08:20:38Z,"worship,christian,ccm,pop worship,gospel",Hillsong (HIL),0.495,0.608,2,-9.378,1,0.0305,0.2,0,0.289,0.23,131.966,4
spotify:track:6QbbxQtijqLfUV90Vlm1Xh,Live Like That,Live Like That,Sidewalk Prophets,3/26/2012,237198,55,FALSE,,2022-12-16T08:20:25Z,"christian,ccm,worship,christian rock,christian pop",Curb | Word,0.479,0.893,3,-4.134,1,0.0476,0.053,0,0.0791,0.398,124.062,4
spotify:track:6jAAYLKxXPyeEoddXu6Gf7,Worn,The Struggle,Tenth Avenue North,8/17/2012,244120,52,FALSE,,2022-12-16T08:19:55Z,"christian,ccm,worship,christian rock,christian pop,christian alternative rock",Reunion Records,0.51,0.42,6,-8.014,1,0.0312,0.384,0,0.102,0.19,125.898,4
spotify:track:4jdQaEDZ4y3x54FzxnfYAQ,Start a Fire,Unspoken,Unspoken,4/1/2014,184733,58,FALSE,,2022-12-16T08:19:29Z,"christian,ccm,christian pop,worship",Centricity Music,0.513,0.875,1,-5.377,1,0.0495,0.00197,0,0.165,0.604,82.002,4
spotify:track:2aMb1asq5acm7cDYlFsYhY,Home,Never Lose Sight (Deluxe Edition),Chris Tomlin,10/21/2016,219720,57,FALSE,,2022-12-16T08:13:12Z,"christian,worship,ccm,pop worship,country christian",SixSteps (SIX),0.506,0.791,4,-2.788,1,0.0328,0.035,0,0.345,0.488,84.973,4
spotify:track:2MxWMPW8E1p8B0Wcc5ypfU,Resurrection Power,Holy Roar,Chris Tomlin,10/26/2018,250800,43,FALSE,,2022-12-16T08:12:57Z,"christian,worship,ccm,pop worship,country christian",Sparrow (SPR),0.387,0.715,1,-4.246,1,0.044,0.0098,0,0.0908,0.306,150.079,4
spotify:track:1kQRahBqpKWMAhsoqfEETp,Because He Lives (Amen),Saints and Sinners,Matt Maher,3/13/2015,200120,56,FALSE,,2022-12-16T08:02:13Z,"christian,worship,catholic music,ccm,pop worship",Essential Records,0.35,0.731,1,-4.525,1,0.0346,0.282,0,0.0927,0.25,167.821,4
spotify:track:3XsaSIPWvM61RIFfeb0BBR,White Christmas - 1947 Version,White Christmas,Bing Crosby;Ken Darby Singers;John Scott Trotter & His Orchestra,1/1/1945,183613,60,FALSE,,2022-12-16T07:59:43Z,christmas,Geffen,0.234,0.202,9,-16.222,1,0.0332,0.906,0.0000555,0.387,0.187,96.593,4
spotify:track:3wyuggaVL4sRzb6qtKGG6G,Another Heart,Cauterize,Tremonti,6/9/2015,236570,41,FALSE,,2022-12-15T17:45:55Z,"alternative metal,post-grunge,hard rock",FRET12 Records,0.329,0.963,1,-4.629,0,0.113,0.000101,0.111,0.163,0.3,94.668,4
spotify:track:0zufJqCwu8g5dWTMwlOStR,The Things I've Seen,All I Was,Tremonti,7/17/2012,277788,48,FALSE,,2022-12-15T17:45:52Z,"alternative metal,post-grunge,hard rock",FRET12 Records,0.268,0.908,2,-4.796,0,0.0579,0.00109,0.000422,0.0502,0.158,78.24,4
spotify:track:4XO3X95gLwkSrRq7qwUT7a,If Not for You,Marching in Time,Tremonti,9/24/2021,250598,0,FALSE,,2022-12-15T17:45:49Z,"alternative metal,post-grunge,hard rock",Napalm Records,0.371,0.927,4,-5.1,1,0.0744,0.0000419,0.0671,0.32,0.373,145.099,4
spotify:track:0pcOZfr5OWZ5lvwNcPhjtU,Dust,Dust,Tremonti,4/29/2016,321953,46,FALSE,,2022-12-15T17:38:58Z,"alternative metal,post-grunge,hard rock",FRET12 Records,0.322,0.851,6,-6.299,0,0.0602,0.000858,0.0252,0.239,0.259,81.493,4
spotify:track:6FOpPA0a80RuBqqgDozvja,So Far Away,14 Shades of Grey,Staind,5/13/2003,243573,78,FALSE,,2022-12-15T17:29:30Z,"post-grunge,nu metal,alternative metal",Elektra Records,0.407,0.896,6,-2.935,1,0.063,0.012,0,0.196,0.156,138.697,3
spotify:track:61N3CssJfDd8d4JJlGtqGL,The Older I Get,Comatose,Skillet,10/4/2006,218346,48,FALSE,,2022-12-15T05:10:53Z,"christian rock,christian alternative rock,christian",Lava/Atlantic,0.393,0.936,0,-3.39,1,0.0366,0.0273,0.000322,0.329,0.554,161.904,4
spotify:track:4QJLKU75Rg4558f4LbDBRi,If Today Was Your Last Day,Dark Horse,Nickelback,11/14/2008,249066,75,FALSE,,2022-12-15T05:10:03Z,"post-grunge,rock",Roadrunner Records,0.485,0.911,3,-5.749,1,0.0355,0.0000867,0,0.092,0.568,89.956,4
spotify:track:1CT25rnbU0woqZ68F6dAxh,Hide,Weathered,Creed,1/1/2001,267226,60,FALSE,,2022-12-15T05:05:51Z,post-grunge,The Bicycle Music Company,0.279,0.832,10,-4.349,1,0.0406,0.000568,0,0.228,0.447,147.093,4
spotify:track:0wXEohIdexKOuHDCXhydkM,Right Here,What I've Become,Ashes Remain,8/23/2011,171360,54,FALSE,,2022-12-15T05:04:45Z,"christian rock,christian alternative rock",Fair Trade/Columbia,0.329,0.59,1,-5.453,0,0.0304,0.00823,0,0.0949,0.235,72.416,4
spotify:track:6Hds2C1vZS4EiQeDOujwQR,Change My Life,What I've Become,Ashes Remain,8/23/2011,179453,48,FALSE,,2022-12-15T04:59:59Z,"christian rock,christian alternative rock",Fair Trade/Columbia,0.341,0.772,6,-4.448,1,0.0371,0.0183,0,0.0804,0.587,174.088,4
spotify:track:1ZWEsoqJSrtZA1qjlG02Hp,Those Nights,Comatose,Skillet,10/4/2006,226506,56,FALSE,,2022-12-15T04:59:42Z,"christian rock,christian alternative rock,christian",Lava/Atlantic,0.365,0.951,0,-3.34,1,0.079,0.023,0,0.147,0.455,174.096,4
spotify:track:0VmBlp1AM3B8IxQnuBLQJ6,Control (Acoustic),Control (Acoustic),Tenth Avenue North,3/16/2018,228999,43,FALSE,,2022-12-14T17:32:14Z,"christian,ccm,worship,christian rock,christian pop,christian alternative rock",Reunion Records,0.666,0.408,11,-7.756,1,0.0285,0.743,0,0.11,0.324,119.955,4
spotify:track:5ELZpvTDGorz9BIE9zaBoZ,I Have This Hope,Followers,Tenth Avenue North,10/14/2016,204803,52,FALSE,,2022-12-14T17:31:00Z,"christian,ccm,worship,christian rock,christian pop,christian alternative rock",Reunion Records,0.422,0.336,0,-7.199,1,0.0306,0.199,0,0.189,0.11,108.009,4
spotify:track:0pAPFaE1Iwfvex9EVJuQlG,Control (Somehow You Want Me),Followers,Tenth Avenue North,10/14/2016,248735,59,FALSE,,2022-12-14T17:26:27Z,"christian,ccm,worship,christian rock,christian pop,christian alternative rock",Reunion Records,0.509,0.75,11,-5.884,1,0.0397,0.00208,0,0.182,0.131,120.001,4
spotify:track:1OG0QQa2zZe4QeFwVhCiiA,Rebirthing,Comatose,Skillet,10/4/2006,233293,64,FALSE,,2022-12-14T17:24:18Z,"christian rock,christian alternative rock,christian",Lava/Atlantic,0.373,0.939,1,-3.153,0,0.0603,0.00677,0,0.137,0.429,176.022,4
spotify:track:2cKovq3l6OJjhVVDbVKOsr,The Other Side,The Greatest Showman (Original Motion Picture Soundtrack),Hugh Jackman;Zac Efron,12/8/2017,214373,76,FALSE,,2022-12-13T23:41:17Z,musicals,Atlantic Records,0.638,0.795,0,-8.45,1,0.302,0.00433,0.00139,0.153,0.31,153.99,4
spotify:track:62troaVmvCO86yLjFNCkH2,King Of New York,Newsies (Original Broadway Cast Recording),Ben Fankhauser;Kara Lindsay;Lewis Grosso;Newsies Original Broadway Cast,4/10/2012,249275,54,FALSE,,2022-12-13T23:40:29Z,musicals,Walt Disney Records,0.665,0.555,0,-8.164,1,0.211,0.374,0,0.231,0.72,168.245,4
spotify:track:0RoA7ObU6phWpqhlC9zH4Z,A Million Dreams,The Greatest Showman (Original Motion Picture Soundtrack),Ziv Zaifman;Hugh Jackman;Michelle Williams,12/8/2017,269453,79,FALSE,,2022-12-13T23:34:56Z,musicals,Atlantic Records,0.265,0.312,7,-11.689,1,0.0569,0.243,0,0.0893,0.0998,54.747,3
spotify:track:334fDDhU6DdtO77lv705LI,Sorrow - Acoustic,New Maps of Hell (Deluxe Edition),Bad Religion,7/10/2007,192066,41,FALSE,,2022-12-13T19:58:13Z,"punk,skate punk,hardcore punk,melodic hardcore,ska punk,ska",Epitaph,0.628,0.487,2,-9.413,1,0.0275,0.817,0.00000162,0.322,0.835,115.942,4
spotify:track:5vPQOKhAhgV7dAIUSdagE2,Like The Angel - Ghost Note Symphonies,"The Ghost Note Symphonies, Vol.1",Rise Against,7/27/2018,195994,43,FALSE,,2022-12-13T19:47:01Z,"punk,hardcore punk",Virgin Records (US1A),0.333,0.454,8,-5.501,0,0.0408,0.651,0,0.0878,0.224,78.549,4
spotify:track:5SXsXjVJCWeJuf7FHvgBYR,The Avengers,The Avengers (Original Motion Picture Soundtrack),Alan Silvestri,1/1/2012,123360,66,FALSE,,2022-12-12T23:03:33Z,"soundtrack,score",Hollywood Records,0.25,0.553,7,-8.188,1,0.0429,0.606,0.673,0.145,0.226,118.985,4
spotify:track:0OVtnS3l4vThGxkdqCxN6K,Portals,Avengers: Endgame (Original Motion Picture Soundtrack),Alan Silvestri,4/26/2019,197213,61,FALSE,,2022-12-12T23:00:50Z,"soundtrack,score",Hollywood Records,0.171,0.505,7,-10.525,1,0.0521,0.431,0.962,0.262,0.0796,92.613,4
spotify:track:08QaHlMPWuO5PUxjl61bXn,He's a Pirate,Pirates of the Caribbean: The Curse of the Black Pearl (Original Motion Picture Soundtrack),Klaus Badelt,7/22/2003,90426,68,FALSE,,2022-12-12T22:58:09Z,soundtrack,Walt Disney Records,0.465,0.687,10,-10.964,1,0.0495,0.0206,0.929,0.121,0.13,70.507,4
spotify:track:1ghlpxVfPbFH2jenrv9vVw,Duel of the Fates,Star Wars: The Phantom Menace (Original Motion Picture Soundtrack),John Williams;London Symphony Orchestra,5/4/1999,254346,65,FALSE,,2022-12-12T22:57:36Z,"soundtrack,score,classical,orchestral,ballet,opera",Walt Disney Records,0.471,0.411,2,-15.755,1,0.041,0.733,0.853,0.28,0.282,79.986,4
spotify:track:2TZbQZXOuR8osP2AK8yYMN,Theme From Jurassic Park,Jurassic Park,John Williams,5/25/1993,207426,66,FALSE,,2022-12-12T22:52:47Z,"soundtrack,score",Geffen*,0.144,0.132,10,-19.115,1,0.0333,0.946,0.779,0.115,0.0627,102.283,3
spotify:track:7a9UUo3zfID7Ik2fTQjRLi,Star Wars (Main Theme),Star Wars: The Empire Strikes Back (Original Motion Picture Soundtrack),John Williams;London Symphony Orchestra,1/1/1980,346933,59,FALSE,,2022-12-12T22:39:23Z,"soundtrack,score,classical,orchestral,ballet,opera",Walt Disney Records,0.177,0.295,5,-14.581,1,0.061,0.39,0.591,0.0684,0.0825,83.409,4
spotify:track:4lg0h4AJhPMxbO3VMpbUqS,Harry's Wondrous World - Extended Version,Harry Potter and The Sorcerer's Stone Original Motion Picture Soundtrack,John Williams,10/30/2001,321066,61,FALSE,,2022-12-12T22:34:42Z,"soundtrack,score",Atlantic Records,0.227,0.264,0,-14.905,1,0.0325,0.881,0.9,0.114,0.228,84.986,4
spotify:track:644es5aYPJghtZLjM1rmSP,Concerning Hobbits,The Lord of the Rings: The Fellowship of the Ring (Original Motion Picture Soundtrack),Howard Shore,11/19/2001,175040,69,FALSE,,2022-12-12T22:30:25Z,"soundtrack,score",Reprise,0.488,0.0629,2,-21.524,1,0.0342,0.843,0.406,0.133,0.175,104.311,4
spotify:track:2w4EpqGasrz9qdTwocx54t,Open Arms,Escape (Bonus Track Version),Journey,1981,202173,2,FALSE,,2022-12-12T22:27:30Z,"aor,classic rock",Columbia,0.405,0.21,2,-13.214,1,0.0279,0.584,0,0.139,0.174,100.577,3
spotify:track:54b8qPFqYqIndfdxiLApea,Alone,Bad Animals,Heart,6/6/1987,218733,80,FALSE,,2022-12-12T22:23:14Z,"classic rock,aor,rock",Capitol Records,0.418,0.452,1,-13.099,1,0.0355,0.638,0.000252,0.0959,0.168,175.124,4
spotify:track:5DH7nDryMhpixm4G4B7RP9,The Longest Time,An Innocent Man,Billy Joel,8/8/1983,223176,69,FALSE,,2022-12-12T22:22:44Z,soft rock,Columbia,0.637,0.333,3,-9.603,1,0.0262,0.181,0,0.147,0.588,84.347,4
spotify:track:6iX1f3r7oUJnMbGgQ2gx1j,867-5309 / Jenny,Tommy Tutone - 2,Tommy Tutone,12/4/1981,226200,70,FALSE,,2022-12-12T22:22:17Z,,Columbia,0.584,0.708,5,-10.039,1,0.0593,0.0264,0.00364,0.112,0.564,137.657,4
spotify:track:2kFCYlFRuC7YqM5stlM9fH,Invincible,Seven The Hard Way,Pat Benatar,1/1/1985,268866,57,FALSE,,2022-12-12T22:21:57Z,aor,Capitol Records,0.558,0.828,6,-10.69,0,0.0524,0.0427,0.0101,0.331,0.724,124.852,4
spotify:track:4wYqPn3Kg3vZrkVgW2oqAG,Love Is A Battlefield,The Collection,Pat Benatar,1/1/2001,245400,3,FALSE,,2022-12-12T22:21:29Z,aor,CAPITOL CATALOG MKT (C92),0.669,0.634,2,-11.903,0,0.0488,0.0137,0.0178,0.0979,0.863,90.626,4
spotify:track:4ZExvJvQXPEeYzGU0N3THi,Higher Love,Back In The High Life,Steve Winwood,6/30/1986,351506,73,FALSE,,2022-12-12T22:18:24Z,"yacht rock,soft rock",UMC (Universal Music Catalogue),0.695,0.78,5,-12.159,1,0.0414,0.0426,0.146,0.298,0.954,98.699,4
spotify:track:5gys5nzVQIYhgHIfiOJYva,Take It On the Run,Hi Infidelity (30th Anniversary Edition),REO Speedwagon,1980,239680,75,FALSE,,2022-12-12T22:15:29Z,"soft rock,aor,classic rock",Epic/Legacy,0.371,0.758,7,-5.679,1,0.036,0.0958,0,0.116,0.452,77.81,4
spotify:track:71SvEDmsOwIWw1IozsZoMA,Any Way You Want It,Departure,Journey,1980,201693,75,FALSE,,2022-12-12T06:43:08Z,"aor,classic rock",Columbia/Legacy,0.529,0.932,7,-7.501,1,0.0488,0.00251,0.00109,0.136,0.571,138.158,4
spotify:track:3q9npStSssk7sZWotiNQLK,November Rain - 2022 Version,Use Your Illusion I (Deluxe Edition),Guns N' Roses,9/17/1991,535733,65,FALSE,,2022-12-12T04:37:13Z,"rock,glam metal,hard rock,classic rock",Guns N Roses P&D,0.252,0.797,11,-3.877,1,0.0328,0.00458,0.424,0.344,0.199,77.972,4
spotify:track:58Zar0dzhXiZyfJd0cNSys,How Long,North (Deluxe Edition),Matchbox Twenty,8/28/2012,164706,34,FALSE,,2022-12-12T04:27:15Z,post-grunge,Emblem/Atlantic,0.615,0.747,7,-5.435,0,0.024,0.0308,0,0.242,0.761,92.066,4
spotify:track:1JQXYtYM4YSjOjDyudju8J,Bed of Lies,Mad Season,Matchbox Twenty,5/23/2000,322066,46,FALSE,,2022-12-12T04:21:36Z,post-grunge,Atlantic Records,0.467,0.642,5,-7.239,1,0.0301,0.426,0.000281,0.232,0.303,91.029,4
spotify:track:1gkICzTJqeUeVPthBHg83e,Hand Me Down,The Matchbox Twenty Collection,Matchbox Twenty,11/8/2013,302826,46,FALSE,,2022-12-12T04:15:15Z,post-grunge,Emblem / Atlantic,0.501,0.789,1,-5.372,1,0.044,0.368,0.00000152,0.16,0.238,134.026,4
spotify:track:2pO4aemPoZMyY0M5M0wIdY,I'll Believe You When,Exile on Mainstream,Matchbox Twenty,10/2/2007,196413,37,FALSE,,2022-12-12T04:09:59Z,post-grunge,Atlantic Records,0.541,0.963,11,-4.319,0,0.0429,0.0101,0,0.236,0.865,103.509,4
spotify:track:5ef3mAxAAjk93V6IpriOrz,From Where You Are,Smoke & Mirrors,Lifehouse,2010,181280,54,FALSE,,2022-12-12T03:41:51Z,post-grunge,Geffen,0.363,0.408,9,-10.861,0,0.0273,0.185,0.00000294,0.113,0.271,87.335,4
spotify:track:2sP6Ne0hozVjqZAhTzvjgi,Who I Am Hates Who I've Been - Acoustic,The Bird and the Bee Sides,Relient K,7/1/2008,205413,38,FALSE,,2022-12-12T03:40:47Z,"christian rock,christian alternative rock,pop punk",Gotee Records,0.594,0.547,3,-8.352,1,0.0283,0.0561,0,0.083,0.46,145.09,4
spotify:track:23uyMJ9g32A7teBBqrh0c2,Fall For You,A Twist In My Story (Deluxe),Secondhand Serenade,2008,183773,22,TRUE,,2022-12-12T03:36:50Z,emo,About Music,0.404,0.469,0,-6.903,1,0.0342,0.198,0,0.0989,0.421,169.241,4
spotify:track:6lanRgr6wXibZr8KgzXxBl,a thousand years,a thousand years,Christina Perri,10/18/2011,285120,88,FALSE,,2022-12-12T03:14:54Z,soft pop,Atlantic Records,0.421,0.407,10,-7.445,1,0.0267,0.309,0.000961,0.11,0.161,139.028,3
spotify:track:2kFp8AIWJXpn5SuwU4hv4z,Umbrella,"Cover Sessions, Vol. 5",Boyce Avenue,1/24/2020,230578,38,FALSE,,2022-12-11T23:08:23Z,acoustic pop,3 Peace Records,0.589,0.412,8,-5.117,1,0.025,0.739,0,0.105,0.279,86.962,4
spotify:track:4Qg2PKNifKhK0zUfSp5AF3,Shimmer,"Cover Sessions, Vol. 2",Boyce Avenue;Tyler Ward,7/24/2012,200894,31,FALSE,,2022-12-11T22:49:30Z,acoustic pop,3 Peace Records,0.625,0.595,6,-7.52,1,0.0341,0.376,0,0.218,0.367,114.698,4
spotify:track:6bJYcW6Oechsia9VQkVxDg,Don't Look Back in Anger,Don't Look Back in Anger,Boyce Avenue,6/4/2021,299615,36,FALSE,,2022-12-11T22:33:08Z,acoustic pop,3 Peace Records,0.546,0.451,0,-5.072,1,0.03,0.787,0,0.119,0.382,159.651,4
spotify:track:2NLu5wwfHlB4rGTxDYCRk7,Memories,"Cover Sessions, Vol. 6",Boyce Avenue,5/15/2020,197170,47,FALSE,,2022-12-11T22:14:17Z,acoustic pop,3 Peace Records,0.46,0.195,10,-12.093,1,0.0459,0.867,0.0000165,0.112,0.384,176.119,4
spotify:track:2XrAxZLDhh9d4m9SVFvOat,Coming Home,Blackbird,Alter Bridge,10/5/2007,259959,36,FALSE,,2022-12-11T19:41:14Z,"post-grunge,alternative metal,hard rock",AB2/Universal Records,0.249,0.965,11,-5.175,0,0.103,0.00129,0.0000369,0.108,0.331,102.153,3
spotify:track:0KAiuUOrLTIkzkpfpn9jb9,Drive By,California 37,Train,4/17/2012,195973,82,FALSE,,2022-12-11T19:29:08Z,soft pop,Columbia,0.765,0.837,1,-3.113,0,0.032,0.00107,0.0000106,0.0801,0.721,122.028,4
spotify:track:1pNlZQeoPnlxqf1Mjgm0H2,Ruby Soho,...And Out Come The Wolves,Rancid,8/15/1995,157533,1,FALSE,,2022-12-10T00:45:59Z,"punk,ska punk,ska,skate punk,hardcore punk",Epitaph,0.505,0.938,7,-5.381,1,0.0432,0.0201,0.00218,0.177,0.961,161.842,4
spotify:track:0DKNNR9iDjwfCEpMiFXMJq,Until the Day I Die,Page Avenue,Story Of The Year,9/16/2003,235560,70,FALSE,,2022-12-10T00:45:06Z,"emo,screamo,post-hardcore,pop punk",Maverick,0.597,0.931,11,-4.591,0,0.0984,0.127,0,0.0504,0.534,92.003,4
spotify:track:3C0f4W0lQSgMARICJF3KLh,The Rock Show,Take Off Your Pants And Jacket,blink-182,1/1/2001,171093,48,FALSE,,2022-12-10T00:43:00Z,"pop punk,punk,skate punk,rock,emo",Geffen*,0.394,0.96,9,-3.75,1,0.0936,0.000348,0,0.0602,0.855,193.141,4
spotify:track:7dN52YlyGl6c9tmxdv6zMp,Welcome to the Black Parade,The Black Parade / Living with Ghosts (The 10th Anniversary Edition),My Chemical Romance,9/23/2016,311106,48,FALSE,,2022-12-10T00:32:27Z,"emo,pop punk",Reprise,0.217,0.905,2,-4.103,1,0.0752,0.000289,0.00011,0.222,0.236,96.95,4
spotify:track:7KT088cs0FVVQum6IyT0X9,You Love Me Anyway,These Simple Truths,Sidewalk Prophets,8/25/2009,260613,57,FALSE,,2022-12-10T00:23:18Z,"christian,ccm,worship,christian rock,christian pop",Curb | Word,0.401,0.549,4,-4.841,1,0.0284,0.0854,0,0.103,0.19,140.731,3
spotify:track:1GWqIqTchxGaectAU24poN,From Heads Unworthy,Appeal To Reason,Rise Against,1/1/2008,222373,58,FALSE,,2022-12-10T00:22:05Z,"punk,hardcore punk",Geffen,0.28,0.91,6,-3.369,1,0.0662,0.00163,0.0000216,0.355,0.602,133.463,4
spotify:track:0304Y3lXclcRh5N50KJ3sE,This Is Letting Go,Endgame,Rise Against,1/1/2011,221200,52,FALSE,,2022-12-10T00:18:10Z,"punk,hardcore punk",Geffen,0.281,0.976,8,-3.471,1,0.0738,0.000641,0.00000231,0.0517,0.421,99.383,4
spotify:track:6JLnc7pF4WUzQ6BWONpc7j,One Day Too Late,Awake,Skillet,8/21/2009,220080,55,FALSE,,2022-12-10T00:17:47Z,"christian rock,christian alternative rock,christian",Atlantic Records,0.482,0.873,0,-4.73,1,0.0348,0.106,0,0.108,0.441,143.941,4
spotify:track:1rHSevD1PWSnLvhckJIVsx,Battle Cry,Rise (Deluxe Edition),Skillet,6/21/2013,225786,46,FALSE,,2022-12-09T23:33:59Z,"christian rock,christian alternative rock,christian",Atlantic Records,0.433,0.902,2,-4.415,1,0.0853,0.0613,0,0.251,0.54,169.987,4
spotify:track:4X54FzF8cMJVMdMTpg79zE,Titanium - David Guetta,Electric Air,Eklipse,9/3/2013,226626,0,FALSE,,2022-12-09T23:18:57Z,classical crossover,The End Records,0.541,0.333,7,-8.56,0,0.0339,0.789,0.463,0.153,0.466,124.008,4
spotify:track:3hz0FkSMzk9lvBqmYwiOIC,"Never Enough (From ""The Greatest Showman"")",Epic,Justin Paul;Jenny Oaks Baker;The Shadow Mountain Symphony,3/6/2020,213286,46,FALSE,,2022-12-09T23:01:15Z,,Shadow Mountain Records,0.186,0.358,9,-12.673,1,0.0373,0.678,0.885,0.114,0.0712,108.018,4
spotify:track:6bdy5pGNFPIvWpLIJklKaj,Something Just Like This / Hungarian Rhapsody,Limitless,The Piano Guys,11/9/2018,233841,47,FALSE,,2022-12-09T22:56:21Z,classical crossover,Masterworks,0.489,0.597,1,-9.129,1,0.0278,0.96,0.905,0.144,0.235,102.96,4
spotify:track:2sindV5MPoBIkAW02OFtHF,Someone You Loved,10,The Piano Guys,11/20/2020,203142,54,FALSE,,2022-12-09T22:48:35Z,classical crossover,Masterworks,0.456,0.144,1,-16.759,1,0.0358,0.982,0.931,0.106,0.116,104.993,4
spotify:track:1t4NUQuv33szmm8jeLzsZW,Rewrite the Stars,Limitless,The Piano Guys,11/9/2018,211533,54,FALSE,,2022-12-09T22:46:40Z,classical crossover,Masterworks,0.505,0.523,10,-7.838,1,0.0348,0.952,0.272,0.141,0.173,125.018,4
spotify:track:2pR4qxDdRpHfQduAg1NDS1,Stay with Me - Piano Version,Stay with Me (Piano Version),Andrea Carri,4/9/2021,171000,40,FALSE,,2022-12-09T22:44:16Z,,Halidon,0.446,0.2,0,-14.341,1,0.0521,0.99,0.901,0.136,0.0788,86.319,4
spotify:track:3PbHle8KhJp6GuO1jLdEmQ,Be Like That,The Better Life,3 Doors Down,2000,265906,69,FALSE,,2022-12-09T22:40:55Z,post-grunge,Universal Records,0.487,0.702,7,-6.043,1,0.0238,0.00528,0.00000497,0.129,0.306,95.982,4
spotify:track:2JAECj9kBYQHb8AqJ2rsxt,Walk On the Ocean,fear,Toad The Wet Sprocket,8/27/1991,178773,57,FALSE,,2022-12-09T19:23:17Z,,Columbia,0.395,0.502,6,-8.328,1,0.0309,0.236,0.00000579,0.332,0.323,183.237,3
spotify:track:1612JQ4JxS8bm5ky53N3bH,Superman's Dead,Clumsy,Our Lady Peace,4/15/1997,255400,51,FALSE,,2022-12-09T19:08:36Z,post-grunge,Columbia,0.247,0.869,1,-8.382,1,0.0542,0.0104,0.00000859,0.0954,0.601,175.26,4
spotify:track:3enGDkTT43WDkJoOP4S8Jl,Rise Today,Blackbird,Alter Bridge,10/5/2007,261399,45,FALSE,,2022-12-09T19:07:43Z,"post-grunge,alternative metal,hard rock",AB2/Universal Records,0.315,0.964,7,-4.034,1,0.16,0.00254,0.00000477,0.13,0.15,159.386,4
spotify:track:4CbKVDZkYKdv69I4bCaKUq,Hero,Awake,Skillet,8/21/2009,186813,79,FALSE,,2022-12-09T18:59:44Z,"christian rock,christian alternative rock,christian",Atlantic Records,0.533,0.967,1,-2.543,1,0.0995,0.00791,0,0.336,0.782,142.018,4
spotify:track:0z5DrefyW29FNsnJyI4fZf,Don't Wake Me,Awake,Skillet,8/21/2009,235453,49,FALSE,,2022-12-09T18:59:24Z,"christian rock,christian alternative rock,christian",Atlantic Records,0.508,0.822,0,-4.577,1,0.0338,0.0314,0,0.109,0.351,131.078,4
spotify:track:7DBT18q9jePmp9d9J9PKJN,Forgiven,Awake,Skillet,8/21/2009,218533,48,FALSE,,2022-12-09T18:59:04Z,"christian rock,christian alternative rock,christian",Atlantic Records,0.43,0.883,0,-3.342,1,0.0384,0.136,0,0.0967,0.39,154.094,4
spotify:track:3h4JgBHcWM7A4CBVI6csau,Believe,Awake,Skillet,8/21/2009,230520,47,FALSE,,2022-12-08T20:38:37Z,"christian rock,christian alternative rock,christian",Atlantic Records,0.47,0.836,9,-4.348,0,0.0349,0.0217,0,0.331,0.412,135.955,4
spotify:track:4P3szOfvcaRQcERvg7e8CD,Say You Like Me,Sunshine State of Mind,We The Kings,7/12/2011,210645,0,FALSE,,2022-12-06T20:10:21Z,pop punk,S-Curve Records,0.412,0.744,9,-4.301,1,0.0651,0.0265,0,0.21,0.342,176.171,4
spotify:track:1kPpge9JDLpcj15qgrPbYX,Good Time,The Midsummer Station,Owl City;Carly Rae Jepsen,8/17/2012,205933,80,FALSE,,2022-12-06T19:53:13Z,,Universal Records,0.56,0.872,3,-4.269,1,0.14,0.0239,0.00000698,0.371,0.682,126.05,4
spotify:track:1GqlvSEtMx5xbGptxOTTyk,Peace of Mind,Boston,Boston,1976,303586,71,FALSE,,2022-12-06T16:26:29Z,"classic rock,aor",Epic/Legacy,0.419,0.677,4,-6.183,1,0.0343,0.00101,0.0000999,0.211,0.684,127.678,4
spotify:track:2dpaYNEQHiRxtZbfNsse99,Happier,Happier,Marshmello;Bastille,8/17/2018,214289,12,FALSE,,2022-12-06T05:58:21Z,edm,Astralwerks,0.687,0.792,5,-2.749,1,0.0452,0.191,0,0.167,0.671,100.011,4
spotify:track:7EqpEBPOohgk7NnKvBGFWo,Wait for It,Hamilton (Original Broadway Cast Recording),Leslie Odom Jr.;Original Broadway Cast of Hamilton,9/25/2015,193749,77,FALSE,,2022-12-06T05:55:14Z,musicals,Atlantic Records,0.543,0.473,6,-9.638,1,0.157,0.124,0.00000404,0.0922,0.519,86.534,4
spotify:track:5nN1jGnCadYk1jYm6oV5zN,What About Love?,Heart,Heart,7/6/1985,221670,69,FALSE,,2022-12-06T05:31:07Z,"classic rock,aor,rock",CAPITOL CATALOG MKT (C92),0.245,0.63,2,-7.065,0,0.038,0.29,0,0.323,0.3,160.652,4
spotify:track:6GtX0jaNL8IjVQfrDBx81z,Bullet With Butterfly Wings - Remastered 2012,Mellon Collie And The Infinite Sadness (Deluxe Edition),The Smashing Pumpkins,1995,258466,81,FALSE,,2022-12-06T05:30:57Z,"alternative rock,rock",Virgin Records,0.404,0.72,10,-9.18,0,0.0623,0.0000559,0.836,0.0466,0.475,121.864,4
spotify:track:08y0DwLJ7gAs5yCpZfu9pN,Run,Through Yourself & Back Again,Thriving Ivory,9/14/2010,262026,32,FALSE,,2022-12-05T21:50:00Z,,The Bicycle Music Company,0.449,0.864,11,-3.161,1,0.053,0.0353,0.00000406,0.0873,0.354,122.008,4
spotify:track:2aIB1CdRRG7YLBu9hNw9nR,The Beautiful People,Antichrist Superstar,Marilyn Manson,1996,218826,77,TRUE,,2022-12-04T18:25:00Z,"industrial metal,industrial rock,industrial,metal,nu metal",Marilyn Manson / Interscope,0.621,0.834,10,-10.068,0,0.0557,0.000779,0.456,0.0611,0.937,143.973,4
spotify:track:22IlP1Sz7UCe5fr6I97RoM,Hanging By a Moment,"Cover Sessions, Vol. 4",Boyce Avenue,12/19/2017,207165,41,FALSE,,2022-12-03T03:01:31Z,acoustic pop,3 Peace Records,0.669,0.404,2,-5.571,1,0.0313,0.611,0,0.109,0.333,122.697,4
spotify:track:1jseyXx3Q0Vfjr5Z6jiUnU,What Makes You Beautiful,"Cover Sessions, Vol. 2",Boyce Avenue,7/24/2012,208893,47,FALSE,,2022-12-03T02:58:03Z,acoustic pop,3 Peace Records,0.458,0.275,5,-8.241,1,0.0365,0.827,0,0.174,0.2,114.158,4
spotify:track:5qCAMmVToq2m3snrMX9mKO,Chasing Cars,Chasing Cars,The Wind and The Wave,5/1/2015,268893,53,FALSE,,2022-12-03T02:54:02Z,folk pop,RCA Records Label,0.467,0.307,0,-9.712,1,0.0284,0.556,0.00153,0.0968,0.119,103.808,4
spotify:track:05Pe2omHaIQtDAehonNlMX,Boulevard of Broken Dreams,Boulevard of Broken Dreams,Roses & Revolutions,11/22/2021,190937,51,FALSE,,2022-12-03T02:40:01Z,,Nettwerk Music Group,0.526,0.128,7,-11.874,1,0.0361,0.913,0.00000783,0.107,0.365,145.698,4
spotify:track:00utEhrTFR6V4HEuLh2ncI,Someone You Loved,Someone You Loved,Love Falk,2/28/2020,185845,17,FALSE,,2022-12-03T02:29:22Z,,Catfish Records / Peace Force Rec,0.481,0.0686,1,-24.577,1,0.0655,0.993,0.95,0.101,0.0799,73.739,4
spotify:track:4lu6zYkghmAlCnDcgKqJcY,Halo,Halo,Mia Carrera,9/20/2020,210583,52,FALSE,,2022-12-03T02:24:32Z,,Mia Carrera,0.407,0.114,9,-25.778,1,0.0499,0.989,0.943,0.0985,0.0614,114.752,4
spotify:track:04z54hp55CLR6XLqhSjctF,A Sky Full Of Stars - Piano Version,Famous Songs on Piano 1,Arden Brooks,11/3/2022,215968,40,FALSE,,2022-12-02T22:29:56Z,,Arden Brooks,0.412,0.0598,6,-24.965,1,0.0645,0.994,0.959,0.103,0.0634,72.157,4
spotify:track:5HabmTUtwyVMz56hoyLupX,Just Give Me A Reason,Just Give Me A Reason,Moonsong,8/26/2022,222810,45,FALSE,,2022-12-02T22:20:24Z,,Moonsong,0.469,0.0441,7,-24.792,1,0.0387,0.995,0.94,0.099,0.249,73.541,4
spotify:track:2F05YYG6v1eYXMRlJrPBLX,You Are The Reason - Piano Version,Famous Songs on Piano 1,Arden Brooks,11/3/2022,239026,40,FALSE,,2022-12-02T22:15:21Z,,Arden Brooks,0.656,0.0671,1,-26.43,1,0.0559,0.99,0.936,0.102,0.37,140.065,3
spotify:track:047B5xypjW3iozKNgJgHMK,True Colors - Piano Version,Timeless Classics On Piano - Part I,Alec Dufner,11/1/2020,175118,53,FALSE,,2022-12-02T22:11:58Z,,Firefly Entertainment AB,0.49,0.0456,0,-26.862,1,0.0514,0.992,0.948,0.111,0.233,65.426,4
spotify:track:4B3pEmqb4yCdmYnG7IW410,Let Her Go,Let Her Go,Diego Dumas,12/2/2022,197250,41,FALSE,,2022-12-02T22:08:40Z,,Gunn-R Rotation,0.363,0.0677,5,-27.37,0,0.0455,0.989,0.929,0.106,0.233,117.03,4
spotify:track:6KxkRGtEspbhee18M3BrHd,Stay,Blinding Lights,Center of Jupiter,10/10/2022,171428,14,FALSE,,2022-12-02T21:55:28Z,,Center of Jupiter,0.441,0.0884,10,-27.644,0,0.042,0.992,0.929,0.107,0.227,154.001,4
spotify:track:2lG2X9PnlwLOD55NPHnI3r,Metalingus - Live,Live at the O2 Arena,Alter Bridge,9/8/2017,318866,21,FALSE,,2022-12-02T18:17:30Z,"post-grunge,alternative metal,hard rock",Napalm Records Handels GmbH,0.515,0.99,1,-4.936,1,0.142,0.000125,0.00105,0.807,0.165,113.951,4
spotify:track:74ODL6xFR2erTu2mvXFIDz,Addicted To Pain,Fortress,Alter Bridge,1/1/2013,256872,51,FALSE,,2022-12-02T18:12:10Z,"post-grunge,alternative metal,hard rock",ALTER BRIDGE (AB2),0.518,0.991,1,-3.806,0,0.101,0.0000241,0.000176,0.181,0.275,118.026,4
spotify:track:2cD03wNP6eU8pwyRI2eXWA,Wonderful Life,AB III,Alter Bridge,1/1/2010,319355,39,TRUE,,2022-12-02T18:02:45Z,"post-grunge,alternative metal,hard rock",Unknown,0.333,0.806,7,-4.1,1,0.036,0.00206,0,0.222,0.343,152.121,3
spotify:track:0ZsA61BVAlJoiyIFOlpU0c,Before Tomorrow Comes,Blackbird,Alter Bridge,10/5/2007,246786,42,FALSE,,2022-12-02T17:37:23Z,"post-grunge,alternative metal,hard rock",AB2/Universal Records,0.345,0.975,3,-3.243,1,0.132,0.0000833,0.0000103,0.217,0.264,160.093,4
spotify:track:0r1rBQTPGRK44UZCclkv8q,In the Deep,Walk The Sky,Alter Bridge,10/18/2019,230037,32,FALSE,,2022-12-02T17:17:35Z,"post-grunge,alternative metal,hard rock",Napalm Records Handels GmbH,0.456,0.961,1,-5.992,1,0.0632,0.0000214,0.0136,0.216,0.294,89.012,4
spotify:track:6fwsIa7fZlKGuYdJxRIDAf,Slip To The Void,AB III,Alter Bridge,1/1/2010,292450,38,FALSE,,2022-12-02T17:16:46Z,"post-grunge,alternative metal,hard rock",Unknown,0.151,0.757,6,-5.728,1,0.0472,0.000392,0.0000045,0.107,0.0831,162.342,4
spotify:track:5f2KE1PrTIhURCyR5cVTkf,Cradle To The Grave,The Last Hero,Alter Bridge,10/7/2016,340584,32,FALSE,,2022-12-02T17:16:37Z,"post-grunge,alternative metal,hard rock",Alter Bridge,0.315,0.863,6,-5.154,0,0.0489,0.0000468,0.0000423,0.114,0.288,161.172,4
spotify:track:7ePjtuqKqa0ZbzznCNqiEf,Broken Wings,One Day Remains,Alter Bridge,8/10/2004,306600,58,FALSE,,2022-12-02T17:16:00Z,"post-grunge,alternative metal,hard rock",The Bicycle Music Company,0.449,0.72,10,-5.382,0,0.0355,0.00656,0.0000684,0.127,0.114,138.482,4
spotify:track:3iIxdHdkq3Z6t7SJNKUQf5,Your Song,Moulin Rouge! The Musical (Original Broadway Cast Recording),Aaron Tveit;Karen Olivo;Original Broadway Cast of Moulin Rouge! The Musical,8/30/2019,188693,49,FALSE,,2022-12-02T01:40:33Z,musicals,House of Iona/RCA Records,0.458,0.325,4,-8.419,1,0.0391,0.602,0.0000152,0.308,0.223,134.694,4
spotify:track:2ggMaRfyC8Sb2tUV1miHqT,Only Girl In A Material World,Moulin Rouge! The Musical (Original Broadway Cast Recording),Tam Mutu;Karen Olivo;Original Broadway Cast of Moulin Rouge! The Musical,8/30/2019,180480,46,FALSE,,2022-12-02T01:36:10Z,musicals,House of Iona/RCA Records,0.671,0.731,11,-5.546,0,0.0769,0.075,0,0.132,0.405,124.986,4
spotify:track:4IyuHQTwR5dfmElZfDHNV6,The Ides of March,The Ides of March,Myles Kennedy,5/14/2021,459195,33,TRUE,,2022-12-01T21:41:48Z,,Napalm Records Handels GmbH,0.512,0.835,11,-5.748,0,0.0526,0.00335,0.0000793,0.118,0.351,148.089,4
spotify:track:5uw1yHb6Do9b57youUUOFr,The Greatest Showman Medley: The Greatest Show / A Million Dreams / Never Enough / Rewrite the Stars / This Is Me,"We Got You Covered, Vol. 3",Anthem Lights,8/31/2018,246020,2,FALSE,,2022-12-01T05:05:43Z,hymns,Anthem Lights,0.311,0.408,10,-7.092,1,0.0302,0.734,0,0.0918,0.375,78.206,4
spotify:track:0HjGVxjhjTf6QhPst1YUyE,King of Kings,Glorious Day: Worship & Hymns,Caleb and Kelsey,2020,224571,34,FALSE,,2022-12-01T04:47:05Z,"worship,christian,hymns",Rhodes Records/The Fuel Music,0.36,0.403,2,-6.197,1,0.0295,0.567,0,0.218,0.417,133.401,4
spotify:track:7Bgn80DUh5Ghjq0INyzviP,Above All / You Are My King,Timeless Worship,Caleb and Kelsey,8/3/2018,217361,0,FALSE,,2022-12-01T04:44:24Z,"worship,christian,hymns",Caleb and Kelsey,0.498,0.238,4,-7.273,1,0.036,0.762,0,0.111,0.416,72.112,4
spotify:track:4vhKRjmiboAhfunCabpXap,Because He Lives (Amen),Saints and Sinners,Matt Maher,3/16/2015,199866,49,FALSE,,2022-12-01T04:32:15Z,"christian,worship,catholic music,ccm,pop worship",Essential Records,0.426,0.767,1,-4.521,1,0.0316,0.269,0,0.0996,0.153,83.97,4
spotify:track:1KyNtJYwtvgVuygpSQ8huF,In Christ Alone / Cornerstone / The Solid Rock,Worship,Caleb and Kelsey,1/19/2018,206495,0,FALSE,,2022-12-01T04:27:23Z,"worship,christian,hymns",Caleb and Kelsey,0.451,0.162,0,-11.462,1,0.0386,0.81,0,0.0655,0.46,136.533,1
spotify:track:2NKLM0Vs8GPJN4Fl1lQFoA,Reckless Love / Death Was Arrested,Reckless Love / Death Was Arrested,Caleb and Kelsey,6/1/2018,210001,0,FALSE,,2022-12-01T04:27:13Z,"worship,christian,hymns",Caleb and Kelsey,0.448,0.332,10,-4.534,1,0.0331,0.662,0,0.14,0.368,64.859,4
spotify:track:6vFwZS3wxjj0N9JyPhNVXg,Oceans / You Make Me Brave,Worship,Caleb and Kelsey,1/19/2018,210419,0,FALSE,,2022-12-01T04:25:24Z,"worship,christian,hymns",Caleb and Kelsey,0.367,0.233,2,-8.777,1,0.0346,0.862,0,0.103,0.327,90.872,5
spotify:track:33Ush8XeSGoH1qivkTF8ED,"10,000 Reasons / What a Beautiful Name",Worship,Caleb and Kelsey,1/19/2018,178189,0,FALSE,,2022-12-01T04:18:27Z,"worship,christian,hymns",Caleb and Kelsey,0.512,0.261,2,-6.422,1,0.0293,0.87,0,0.128,0.209,71.781,4
spotify:track:2HKBDRRBt8NPX5wjrV5q64,Wicked Medley,Wicked Medley,Anthem Lights,10/22/2021,191076,19,FALSE,,2022-11-30T00:14:46Z,hymns,Wavy Records / 1010 Alliance,0.457,0.386,10,-5.72,1,0.0387,0.6,0,0.12,0.629,125.179,3
spotify:track:5rQQaAUU86ulQ4uZIyS1hp,Stitches,"Punk Goes Pop, Vol. 7",State Champs,7/14/2017,183440,52,FALSE,,2022-11-29T04:44:14Z,"pop punk,acoustic pop,punk",Fearless Records,0.443,0.876,1,-4.488,1,0.0979,0.000558,0.00000335,0.227,0.569,157.053,4
spotify:track:5E2nxuWoB99yASXGoeZ89y,Good Riddance (Time Of Your Life),"Punk Goes 90's, Vol. 2",Ice Nine Kills,4/1/2014,183360,42,FALSE,,2022-11-29T04:39:55Z,"metalcore,metal",Fearless Records,0.374,0.959,7,-4.611,1,0.102,0.000114,0.000567,0.359,0.42,169.951,4
spotify:track:4mBJUbN4VLcpT36O4uf8t3,Torn,"Punk Goes 90's, Vol. 2",Hands Like Houses,4/1/2014,225920,57,FALSE,,2022-11-29T04:33:47Z,"post-hardcore,metalcore",Fearless Records,0.503,0.758,4,-5.354,1,0.0303,0.00118,0,0.223,0.356,96.549,4
spotify:track:1HykUKaVU0CEUvv1vLKkXj,Since U Been Gone,For Those Who Have Heart Re-Issue,A Day To Remember,2008,198266,1,FALSE,,2022-11-29T04:32:15Z,"metalcore,pop punk,post-hardcore,screamo,emo",Victory,0.625,0.951,3,-5.209,1,0.0494,0.00497,0,0.106,0.721,128.01,4
spotify:track:4iXDn9pu5Q9sxv45vE8Lak,Famous Friends,Famous Friends,Chris Young;Kane Brown,11/20/2020,165569,60,FALSE,,2022-11-29T03:34:48Z,"country,acoustic country,pop country",RCA Records Label Nashville,0.533,0.855,6,-2.901,1,0.0356,0.0553,0,0.335,0.64,102.017,4
spotify:track:4eHbdreAnSOrDDsFfc4Fpm,I Will Always Love You,The Bodyguard - Original Soundtrack Album,Whitney Houston,11/17/1992,271093,83,FALSE,,2022-11-27T14:01:02Z,,Arista,0.332,0.214,4,-12.518,1,0.0349,0.845,0.00000562,0.0839,0.11,67.531,4
spotify:track:6jrrgGRMdOiUrrf0MZeKfU,Since U Been Gone,Since U Been Gone,Miriam-Teak Lee;Original London Cast of & Juliet,11/8/2019,158432,36,FALSE,,2022-11-26T21:28:05Z,musicals,Atlantic Records,0.671,0.79,0,-6.871,1,0.0325,0.0076,0.00000164,0.0684,0.674,137.009,4
spotify:track:6qnM0XXPZOINWA778uNqQ9,Welcome To New York,1989,Taylor Swift,10/27/2014,212600,64,FALSE,,2022-11-19T00:44:37Z,,Taylor Swift,0.793,0.634,7,-4.807,1,0.0324,0.038,0.00000176,0.304,0.615,117.024,4
spotify:track:0NJWhm3hUwIZSy5s0TGJ8q,The Story of Tonight,Hamilton (Original Broadway Cast Recording),Lin-Manuel Miranda;Okieriete Onaodowan;Daveed Diggs;Original Broadway Cast of Hamilton,9/25/2015,91980,70,FALSE,,2022-11-19T00:30:11Z,musicals,Atlantic Records,0.494,0.237,4,-10.579,1,0.0517,0.835,0,0.648,0.625,95.219,3
spotify:track:1AD6IcfzMTyQGrNsH37SMV,Something To Believe In,Newsies (Original Broadway Cast Recording),Jeremy Jordan;Kara Lindsay,4/10/2012,211704,48,FALSE,,2022-11-19T00:30:09Z,musicals,Walt Disney Records,0.463,0.302,7,-10.565,1,0.0296,0.423,0.00000662,0.0996,0.273,131.734,4
spotify:track:7FIrk5lA1IalpZ3OtieeC8,Good For You,Dear Evan Hansen (Original Broadway Cast Recording),Rachel Bay Jones;Kristolyn Lloyd;Will Roland;Ben Platt,2/3/2017,185146,58,FALSE,,2022-11-19T00:30:07Z,musicals,Atlantic Records,0.627,0.709,3,-4.692,1,0.0726,0.175,0,0.242,0.791,107.802,4
spotify:track:3D4J0o9w44QKFrBrYrSVJY,What Comes Next?,Hamilton (Original Broadway Cast Recording),Jonathan Groff,9/25/2015,99343,69,FALSE,,2022-11-19T00:29:52Z,musicals,Atlantic Records,0.515,0.302,7,-10.882,1,0.079,0.603,0,0.199,0.277,114.972,4
spotify:track:50WeOnXhM1H7AZEeIDoWfZ,Show Yourself,Frozen 2 (Original Motion Picture Soundtrack/Deluxe Edition),Idina Menzel;Evan Rachel Wood,11/15/2019,260906,74,FALSE,,2022-11-19T00:29:50Z,musicals,Walt Disney Records,0.321,0.432,6,-7.071,1,0.03,0.726,0.0000908,0.0607,0.172,123.304,4
spotify:track:1mGO8rwCE9zk7H06OxcU5m,History Has Its Eyes on You,Hamilton (Original Broadway Cast Recording),Christopher Jackson;Lin-Manuel Miranda;Original Broadway Cast of Hamilton,9/25/2015,97050,69,FALSE,,2022-11-19T00:29:42Z,musicals,Atlantic Records,0.438,0.373,0,-9.769,0,0.0291,0.803,0,0.123,0.274,77.415,4
spotify:track:6nkcPGa0sr24NFCc5l5UjE,If I Could Tell Her,Dear Evan Hansen (Original Broadway Cast Recording),Ben Platt;Laura Dreyfuss,2/3/2017,248653,59,FALSE,,2022-11-19T00:29:37Z,musicals,Atlantic Records,0.584,0.312,4,-8.249,1,0.0405,0.647,0,0.152,0.455,96.026,4
spotify:track:3dP0pLbg9OfVwssDjp9aT0,Satisfied,Hamilton (Original Broadway Cast Recording),Renée Elise Goldsberry;Original Broadway Cast of Hamilton,9/25/2015,329228,77,FALSE,,2022-11-19T00:29:32Z,musicals,Atlantic Records,0.707,0.593,5,-8.581,0,0.0949,0.287,0,0.15,0.478,123.772,4
spotify:track:4BoTrCdVPZHU4iBC0kcid7,Requiem,Requiem [from Dear Evan Hansen (Original Broadway Cast Recording)],Laura Dreyfuss;Michael Park;Jennifer Laura Thompson,1/27/2017,259693,56,FALSE,,2022-11-19T00:29:29Z,musicals,Atlantic Records,0.409,0.404,4,-6.517,1,0.0285,0.446,0,0.132,0.288,80.356,4
spotify:track:2xGjteMU3E1tkEPVFBO08U,This Is Me,This Is Me,Keala Settle;The Greatest Showman Ensemble,10/27/2017,234706,74,FALSE,,2022-11-19T00:29:28Z,musicals,Atlantic Records,0.284,0.704,2,-7.276,1,0.186,0.00583,0.000115,0.0424,0.1,191.702,4
spotify:track:6OG1S805gIrH5nAQbEOPY3,You'll Be Back,Hamilton (Original Broadway Cast Recording),Jonathan Groff;Original Broadway Cast of Hamilton,9/25/2015,208321,74,FALSE,,2022-11-19T00:29:21Z,musicals,Atlantic Records,0.607,0.466,0,-7.562,1,0.0578,0.39,0,0.135,0.434,121.741,4
spotify:track:0Gl5s8IhMmQE5YQwM8Qx1J,Never Enough,The Greatest Showman (Original Motion Picture Soundtrack),Loren Allred,12/8/2017,207786,79,FALSE,,2022-11-19T00:29:18Z,,Atlantic Records,0.277,0.394,8,-8.903,1,0.0336,0.423,0,0.0952,0.227,86.777,3
spotify:track:5JRgVMONxTRjC1g1d0XsvX,Elephant Love Medley,Moulin Rouge! The Musical (Original Broadway Cast Recording),Aaron Tveit;Karen Olivo;Original Broadway Cast of Moulin Rouge! The Musical,8/30/2019,325293,50,FALSE,,2022-11-19T00:24:17Z,musicals,House of Iona/RCA Records,0.397,0.62,3,-4.904,1,0.0726,0.349,0,0.108,0.378,143.53,4
spotify:track:70f9b6hWRsl3zchFyXzSzG,Firework,Moulin Rouge! The Musical (Original Broadway Cast Recording),Karen Olivo;Original Broadway Cast of Moulin Rouge! The Musical,8/30/2019,163773,47,FALSE,,2022-11-19T00:12:24Z,musicals,House of Iona/RCA Records,0.474,0.358,7,-8.103,1,0.0623,0.463,0,0.146,0.11,113.597,4
spotify:track:0Wf6n5vnawBcIsqehqUkeT,Shut Up And Raise Your Glass,Moulin Rouge! The Musical (Original Broadway Cast Recording),Aaron Tveit;Karen Olivo;Sahr Ngaujah;Ricky Rojas;Original Broadway Cast of Moulin Rouge! The Musical,8/30/2019,162093,51,FALSE,,2022-11-19T00:07:10Z,musicals,House of Iona/RCA Records,0.693,0.799,0,-4.971,1,0.0373,0.00769,0.000002,0.14,0.595,128.032,4
spotify:track:1WZdToQ3vpfpgKD9jPlFOS,Since U Been Gone - Juliet’s Version,Since U Been Gone (Juliet’s Version),Kelly Clarkson;Lorna Courtney,11/16/2022,169670,33,FALSE,,2022-11-19T00:04:28Z,christmas,Atlantic Records,0.627,0.871,6,-4.193,1,0.0631,0.00202,0.00000388,0.077,0.666,137.01,4
spotify:track:3gJOi9ALP9LHb5QLi7QWkw,Go the Distance,Right Where I Belong,Adam Jacobs,12/13/2015,206493,32,FALSE,,2022-11-19T00:04:11Z,musicals,ASD Music Company and Jalex Records,0.356,0.495,10,-6.739,1,0.0326,0.824,0,0.0859,0.292,143.271,4
spotify:track:4ZMgzWx00u4HoIXTaGccI2,As Long as You Love Me,& Juliet (Original London Cast Recording),Tim Mahendran,11/22/2019,80232,33,FALSE,,2022-11-19T00:02:59Z,musicals,Atlantic Records,0.647,0.221,9,-13.754,1,0.0306,0.804,0,0.241,0.667,95.171,4
spotify:track:5uESKziLEmtPh3RSdQi9jz,Larger Than Life,& Juliet (Original London Cast Recording),Oliver Tompsett;Original London Cast of & Juliet,11/22/2019,130038,43,FALSE,,2022-11-19T00:01:27Z,musicals,Atlantic Records,0.656,0.717,10,-7.277,0,0.0356,0.0032,0.00000933,0.065,0.8,120.012,4
spotify:track:5o1HqOWxAj2sJORw5yP05m,Since U Been Gone,& Juliet (Original London Cast Recording),Miriam-Teak Lee;Original London Cast of & Juliet,11/22/2019,158432,35,FALSE,,2022-11-19T00:00:17Z,musicals,Atlantic Records,0.671,0.79,0,-6.871,1,0.0325,0.0076,0.00000164,0.0684,0.674,137.009,4
spotify:track:5HYMDv682Ygf9iYEjI0DpV,Roar,& Juliet (Original London Cast Recording),Miriam-Teak Lee;Original London Cast of & Juliet,11/22/2019,217148,34,FALSE,,2022-11-18T23:58:13Z,musicals,Atlantic Records,0.585,0.688,0,-6.317,0,0.026,0.00163,0,0.153,0.35,90.045,4
spotify:track:71X7bPDljJHrmEGYCe7kQ8,The Schuyler Sisters,Hamilton (Original Broadway Cast Recording),Renée Elise Goldsberry;Phillipa Soo;Jasmine Cephas-Jones;Leslie Odom Jr.;Original Broadway Cast of Hamilton,9/25/2015,186542,75,FALSE,,2022-11-18T23:51:08Z,musicals,Atlantic Records,0.74,0.727,2,-6.253,1,0.278,0.187,0,0.627,0.792,101.409,4
spotify:track:07Ikb6oVQ5bddOktyquwFL,Beyond My Wildest Dreams,The Little Mermaid: Original Broadway Cast Recording,Sierra Boggess as Ariel,2/26/2008,183760,44,FALSE,,2022-11-18T23:50:58Z,musicals,Walt Disney Records,0.521,0.0804,5,-20.009,1,0.0614,0.827,0,0.0785,0.583,121.079,4
spotify:track:6aWJOPC5gpjTpRiyvrFOQm,Santa Fe,Newsies (Original Broadway Cast Recording),Jeremy Jordan,4/10/2012,192148,58,FALSE,,2022-11-18T23:50:47Z,musicals,Walt Disney Records,0.408,0.302,7,-11.699,1,0.0456,0.76,0,0.0832,0.283,96.457,3
spotify:track:2oMCHQh9SuyzGPl4Qw6jwl,The World Will Know,Newsies (Original Broadway Cast Recording),Jeremy Jordan;Newsies Original Broadway Cast,4/10/2012,248765,53,FALSE,,2022-11-18T23:44:14Z,musicals,Walt Disney Records,0.679,0.534,7,-7.71,1,0.0341,0.418,0,0.0557,0.548,93.964,4
spotify:track:1T0OMgJ1bSqlMDD8cWbvnL,Journey to the Past,Anastasia (Original Broadway Cast Recording),Christy Altomare,6/9/2017,196120,0,FALSE,,2022-11-18T23:38:38Z,musicals,Broadway Records,0.335,0.292,3,-9.738,1,0.0298,0.841,0.0000015,0.0872,0.201,80.841,4
spotify:track:1Gh2ARZyCVF2QZk32UrdbX,Strangers Like Me - Broadway Cast Recording,Tarzan: The Broadway Musical,Josh Strickland;Jenn Gambatese,1/1/2006,226640,26,FALSE,,2022-11-18T23:32:29Z,musicals,Walt Disney Records,0.679,0.768,1,-6.533,1,0.0525,0.554,0.00000197,0.223,0.442,119.997,4
spotify:track:4MimthDKiYVMCqDBJEiw1U,Under the Sea,The Little Mermaid: Original Broadway Cast Recording,Sea Creatures - The Little Mermaid Original Broadway Cast;Tituss Burgess as Sebastian,2/26/2008,246093,41,FALSE,,2022-11-18T23:29:44Z,musicals,Walt Disney Records,0.695,0.42,2,-13.754,1,0.056,0.65,0,0.19,0.856,99.146,4
spotify:track:2JEQiyNx2BuERPuQG6qNT4,Under the Sea (Reprise),The Little Mermaid: Original Broadway Cast Recording,Sea Creatures - The Little Mermaid Original Broadway Cast;Tituss Burgess as Sebastian,2/26/2008,74826,33,FALSE,,2022-11-18T23:06:37Z,musicals,Walt Disney Records,0.487,0.381,3,-15.228,1,0.479,0.794,0,0.186,0.78,99.834,4
spotify:track:1vBnxw4QenvKadQIn1n7TK,Finale Ultimo,Aladdin Original Broadway Cast Recording,Aladdin Original Broadway Cast,1/1/2014,166573,29,FALSE,,2022-11-17T03:41:47Z,musicals,Walt Disney Records,0.485,0.436,0,-5.636,0,0.037,0.304,0,0.0396,0.689,145.647,4
spotify:track:5o5Ku4PQ3y1PjtldS0PNrI,Proud of Your Boy (Reprise),Aladdin Original Broadway Cast Recording,Adam Jacobs,1/1/2014,65160,27,FALSE,,2022-11-16T23:22:08Z,musicals,Walt Disney Records,0.435,0.188,6,-12.534,1,0.0355,0.971,0.0000212,0.108,0.336,109.458,3
spotify:track:7tmtOEDxPN7CWaQWBsG1DY,Hold Back The River,Chaos And The Calm,James Bay,3/23/2015,238746,59,FALSE,,2022-11-16T16:16:16Z,,Mercury Records/Republic Owned,0.715,0.715,5,-7.364,1,0.0902,0.0526,0,0.0936,0.507,134.922,4
spotify:track:3ekNuTF3UpOvIZCfiejpnC,Stubborn Love,The Lumineers,The Lumineers,4/3/2012,279000,3,FALSE,,2022-11-16T16:14:06Z,"folk pop,indie folk",Dualtone Music Group,0.598,0.561,0,-11.676,1,0.0376,0.611,0.0417,0.196,0.231,115.011,4
spotify:track:4B4vB3oB8csotplfoQcAd6,Little Lion Man,Sigh No More,Mumford & Sons,10/2/2009,247002,3,TRUE,,2022-11-16T02:16:04Z,"folk,indie folk,folk rock",Glassnote Entertainment Group LLC,0.52,0.496,5,-8.121,1,0.0271,0.0234,0.0000205,0.0905,0.496,138.81,4
spotify:track:6iZqLLZaIXFbU2zeTWSwmT,Parade,North (Deluxe Edition),Matchbox Twenty,8/28/2012,251746,48,FALSE,,2022-11-16T01:49:38Z,post-grunge,Emblem/Atlantic,0.544,0.938,0,-4.432,1,0.0401,0.00178,0.000586,0.311,0.237,129.987,4
spotify:track:0kr6d8wHDQPlzuET33NVn6,All You Wanted,The Spirit Room,Michelle Branch,7/31/2001,217680,70,FALSE,,2022-11-16T01:38:56Z,,Maverick,0.499,0.72,8,-9.101,1,0.0286,0.00466,0.00303,0.122,0.652,96.103,4
spotify:track:7oc2wH81jpU45L5H2JnThI,Dead Inside,Awake (Deluxe Edition),Skillet,8/21/2009,176706,53,FALSE,,2022-11-16T00:30:54Z,"christian rock,christian alternative rock,christian",Atlantic Records,0.384,0.909,11,-3.706,0,0.0568,0.00151,0,0.331,0.457,159.999,4
spotify:track:2UfKuGYONPAuopJtpGfZyA,Open Wounds,Collide,Skillet,11/18/2003,194773,50,FALSE,,2022-11-16T00:26:16Z,"christian rock,christian alternative rock,christian",Lava,0.573,0.922,0,-4.013,1,0.0695,0.0595,0,0.414,0.503,101.099,4
spotify:track:0i8JFpqe9cKwnrcvoNgl1L,Feel Invincible,Unleashed,Skillet,8/5/2016,229933,78,FALSE,,2022-11-16T00:26:03Z,"christian rock,christian alternative rock,christian",Atlantic Records,0.603,0.886,5,-3.777,0,0.0837,0.00045,0,0.26,0.395,126.025,4
spotify:track:37CMjUAU8fL6YqZVTplZqZ,The Last Night,Comatose,Skillet,10/4/2006,210786,58,FALSE,,2022-11-16T00:23:59Z,"christian rock,christian alternative rock,christian",Lava/Atlantic,0.358,0.856,2,-2.934,1,0.0471,0.0253,0,0.233,0.542,169.81,4
spotify:track:4emQrNiz37OidY7SoXXQls,Victorious,Victorious,Skillet,8/2/2019,245715,56,FALSE,,2022-11-16T00:20:30Z,"christian rock,christian alternative rock,christian",Atlantic Records,0.217,0.763,10,-4.024,1,0.0426,0.00144,0.0000159,0.238,0.342,86.7,3
spotify:track:1W0YS64vF9qgMVLuN76aqg,Rise,Rise (Deluxe Edition),Skillet,6/21/2013,260786,68,FALSE,,2022-11-16T00:16:25Z,"christian rock,christian alternative rock,christian",Atlantic Records,0.57,0.921,4,-3.892,0,0.0724,0.0127,0,0.818,0.381,87.938,4
spotify:track:6qYTL4IxHaHTfum39X62tr,Salvation,Rise (Deluxe Edition),Skillet,6/21/2013,225400,54,FALSE,,2022-11-16T00:16:04Z,"christian rock,christian alternative rock,christian",Atlantic Records,0.479,0.941,1,-3.453,0,0.0652,0.049,0,0.0291,0.554,158.031,4
spotify:track:5pRElcsPZrgZXkoON2o5Go,Comatose,Comatose,Skillet,10/4/2006,230426,74,FALSE,,2022-11-16T00:03:50Z,"christian rock,christian alternative rock,christian",Lava/Atlantic,0.359,0.955,4,-2.323,0,0.12,0.00116,0,0.349,0.446,170.033,4
spotify:track:3UygY7qW2cvG9Llkay6i1i,Going Under,Fallen,Evanescence,3/4/2003,214946,83,FALSE,,2022-11-16T00:00:52Z,alternative metal,The Bicycle Music Company,0.37,0.858,11,-4.885,0,0.0545,0.00815,0.0000212,0.229,0.464,175.077,4
spotify:track:1sxUaLi0G2vB7dl4ogtCxH,Never Let You Go - 2008 Remaster,Blue,Third Eye Blind,1999,237240,73,FALSE,,2022-11-15T23:54:52Z,,Elektra Records,0.728,0.94,4,-5.034,1,0.0368,0.0814,0.000162,0.109,0.967,113.76,4
spotify:track:714Lw0m2SmCEhKSPw0Dn8J,Welcome to My Life,Still Not Getting Any...,Simple Plan,10/25/2004,206773,64,FALSE,,2022-11-15T23:47:28Z,"pop punk,punk,emo",Atlantic Records,0.421,0.858,1,-4.535,1,0.0963,0.0134,0,0.067,0.491,173.255,4
spotify:track:3354J49VpkbZJho7Ztdzpw,Jumper - 1998 Edit,Third Eye Blind,Third Eye Blind,4/8/1997,272973,76,FALSE,,2022-11-15T23:37:42Z,,Rhino/Elektra,0.599,0.543,0,-9.226,1,0.0302,0.0129,0.00204,0.291,0.624,91.105,4
spotify:track:2YrB3vM3H7TcXZ0rAq4X8Y,Mercy Me,Crimson,Alkaline Trio,5/24/2005,169497,1,FALSE,,2022-11-15T23:25:25Z,"pop punk,punk,emo,skate punk",Vagrant Records,0.472,0.88,9,-5.354,1,0.0495,0.0207,0,0.354,0.805,162.171,4
spotify:track:4uVjbl6daCwjhDur7qLddu,I'd Do Anything,"No Pads, No Helmets...Just Balls (15th Anniversary Tour Edition)",Simple Plan,3/19/2002,197640,70,FALSE,,2022-11-15T23:08:48Z,"pop punk,punk,emo",Rhino Atlantic,0.395,0.917,8,-6.86,1,0.133,0.00143,0,0.261,0.563,169.088,4
spotify:track:4oL4ShpnvaF8dJrYgcsbPM,Fighting,Paper Walls,Yellowcard,1/1/2007,180826,52,FALSE,,2022-11-15T22:57:41Z,"pop punk,punk,emo",Capitol Records,0.415,0.964,7,-4.689,1,0.109,0.000568,0,0.0525,0.355,179.977,4
spotify:track:3csfgU4Bbcy4Jm3hUTgikP,All You Did Was Save My Life,Burn Burn,Our Lady Peace,7/21/2009,229040,40,FALSE,,2022-11-15T22:54:21Z,post-grunge,Coalition Music (Records),0.434,0.948,11,-4.116,1,0.16,0.000152,0,0.23,0.477,144.071,4
spotify:track:7r6KgeFLSGJqbu90KJg1Bv,Believe,Ocean Avenue,Yellowcard,1/1/2003,271133,54,FALSE,,2022-11-15T22:49:56Z,"pop punk,punk,emo",Capitol Records,0.348,0.939,9,-4.659,1,0.0726,0.0000385,0.00000148,0.426,0.585,175.843,4
spotify:track:3WHpwJNsw6GAc6L3o2Cfwj,The Best Thing,Five Score and Seven Years Ago,Relient K,3/6/2007,208146,41,FALSE,,2022-11-15T22:45:24Z,"christian rock,christian alternative rock,pop punk",Gotee Records,0.495,0.962,11,-3.513,1,0.0415,0.000981,0.00000739,0.0847,0.443,120.013,4
spotify:track:4hnNT1qx5OpLgdMVDochHI,King Of Wishful Thinking,"From The Screen To Your Stereo, Pt. II",New Found Glory,1/1/2007,220653,56,FALSE,,2022-11-15T22:34:57Z,"pop punk,punk,emo",Drive Thru Records,0.562,0.938,0,-3.053,1,0.0592,0.0024,0,0.0797,0.684,116.998,4
spotify:track:087iMBgZpCw2BE9gyPHDKh,The Fortunate,Cartel,Cartel,8/21/2007,173573,45,FALSE,,2022-11-15T22:23:59Z,"pop punk,emo",Epic,0.608,0.803,1,-3.596,1,0.0356,0.0011,0,0.13,0.922,138.993,4
spotify:track:4NaPX1b3NsQqJrrAwkkvVc,The Mixed Tape - 2015 Remastered,Everything In Transit,Jack's Mannequin,2005,194440,56,FALSE,,2022-11-15T22:14:06Z,pop punk,Rhino/Warner Records,0.412,0.879,1,-4.219,1,0.0563,0.0684,0,0.143,0.357,101.083,4
spotify:track:0JJP0IS4w0fJx01EcrfkDe,"Dear Maria, Count Me In","So Wrong, It's Right",All Time Low,9/25/2007,182826,83,FALSE,,2022-11-15T22:09:48Z,"pop punk,emo,punk",Hopeless Records,0.459,0.895,2,-3.126,1,0.0805,0.00725,0,0.206,0.572,181.04,4
spotify:track:3l9CW99AHtExIRV4hW2N5m,Misery Business,Riot!,Paramore,6/12/2007,211520,80,FALSE,,2022-11-15T18:43:00Z,"pop punk,emo",Atlantic Records UK,0.517,0.906,1,-3.677,1,0.0735,0.00272,0.00000926,0.113,0.731,172.977,4
spotify:track:3W1O4FiAir9YhqMTFGsBIY,Arabian Nights,Aladdin Original Broadway Cast Recording,James Monroe Iglehart;Aladdin Original Broadway Cast,1/1/2014,376760,42,FALSE,,2022-11-15T18:36:02Z,musicals,Walt Disney Records,0.391,0.357,6,-8.562,1,0.097,0.412,0.00000212,0.575,0.494,66.727,4
spotify:track:6dr7ekfhlbquvsVY8D7gyk,"Aaron Burr, Sir",Hamilton (Original Broadway Cast Recording),Lin-Manuel Miranda;Leslie Odom Jr.;Daveed Diggs;Okieriete Onaodowan,9/25/2015,156630,74,FALSE,,2022-11-15T05:31:30Z,musicals,Atlantic Records,0.646,0.439,7,-10.837,1,0.818,0.272,0,0.0945,0.528,160.387,4
spotify:track:4nna9JONFIwr98bcX6tlta,"Sincerely, Me",Dear Evan Hansen (Original Broadway Cast Recording),Mike Faist;Ben Platt;Will Roland,2/3/2017,222960,64,FALSE,,2022-11-15T04:47:13Z,musicals,Atlantic Records,0.677,0.731,7,-5.708,1,0.12,0.168,0,0.103,0.603,97.864,4
spotify:track:32bZDrurIGh2Cts0l2tRtL,Words Fail,Dear Evan Hansen (Original Broadway Cast Recording),Ben Platt,2/3/2017,351920,54,FALSE,,2022-11-15T04:32:37Z,musicals,Atlantic Records,0.368,0.237,0,-9.49,1,0.0389,0.792,0,0.122,0.328,95.871,3
spotify:track:0ZWW07BD8W85lUbgx2sn7E,For Forever,Dear Evan Hansen (Original Broadway Cast Recording),Ben Platt,2/3/2017,301013,60,FALSE,,2022-11-15T03:50:45Z,musicals,Atlantic Records,0.371,0.457,5,-7.674,1,0.0407,0.222,0,0.0882,0.166,96.269,4
spotify:track:5aUl2cPg4O7yXXdzWQVTYO,What I Believe,Rise (Deluxe Edition),Skillet,6/21/2013,199480,58,FALSE,,2022-11-15T02:40:40Z,"christian rock,christian alternative rock,christian",Atlantic Records,0.466,0.928,9,-2.59,0,0.0657,0.0518,0.00000116,0.0629,0.711,168.026,4
spotify:track:1Kmqs7p26K1tii7ISro8J4,"It's Not Me, It's You",Awake (Deluxe Edition),Skillet,8/21/2009,204786,45,FALSE,,2022-11-15T02:40:33Z,"christian rock,christian alternative rock,christian",Atlantic Records,0.431,0.908,11,-3.732,0,0.0388,0.00466,0,0.0693,0.317,172.164,4
spotify:track:3PwUxOBMBkwILa7Y0s6h8S,Savior,Collide,Skillet,11/18/2003,273626,46,FALSE,,2022-11-15T02:36:24Z,"christian rock,christian alternative rock,christian",Lava,0.508,0.92,5,-3.264,1,0.045,0.000589,0.00000271,0.107,0.301,102.989,4
spotify:track:4VqkhvOP0FkcVrDxgJXtxM,Lucy,Awake,Skillet,8/21/2009,218386,51,FALSE,,2022-11-15T02:33:36Z,"christian rock,christian alternative rock,christian",Atlantic Records,0.481,0.71,7,-4.785,1,0.0298,0.183,0,0.147,0.188,140.062,4
spotify:track:6rSuL1ViLO7Aljn2WD09s4,Whispers in the Dark,Comatose,Skillet,10/4/2006,204346,73,FALSE,,2022-11-15T02:33:30Z,"christian rock,christian alternative rock,christian",Lava/Atlantic,0.509,0.938,11,-3.883,0,0.0715,0.000644,0.00246,0.14,0.335,94.019,4
spotify:track:3AhEF2J0fy33PdGYEkzqm2,Circus for a Psycho,Rise (Deluxe Edition),Skillet,6/21/2013,271933,55,FALSE,,2022-11-15T02:33:13Z,"christian rock,christian alternative rock,christian",Atlantic Records,0.519,0.971,7,-3.403,1,0.0977,0.00424,0.00000626,0.651,0.49,138.059,4
spotify:track:2jfk3m8nq5IvB35s2xIs1O,Not Gonna Die,Rise (Deluxe Edition),Skillet,6/21/2013,225280,72,FALSE,,2022-11-15T02:33:05Z,"christian rock,christian alternative rock,christian",Atlantic Records,0.445,0.953,5,-2.463,0,0.0704,0.0106,0,0.281,0.475,172.063,4
spotify:track:0nkzd3yNniB767zSDDdLZ3,Awake and Alive,Awake,Skillet,8/21/2009,209493,77,FALSE,,2022-11-15T02:28:04Z,"christian rock,christian alternative rock,christian",Atlantic Records,0.434,0.939,4,-2.983,0,0.0593,0.0425,0,0.491,0.569,159.932,4
spotify:track:6qtg4gz3DhqOHL5BHtSQw8,I Don’t Want To Be Here Anymore,The Black Market,Rise Against,1/1/2014,239960,58,FALSE,,2022-11-15T02:28:00Z,"punk,hardcore punk",Geffen,0.236,0.971,6,-3.98,0,0.0987,0.000759,0.0000387,0.172,0.403,159.001,4
spotify:track:5hkgrWxkobGtg30I7DsfVu,Ten Thousand Fists,Ten Thousand Fists,Disturbed,9/19/2005,212040,68,FALSE,,2022-11-15T02:23:51Z,"metal,nu metal,alternative metal,rap metal,hard rock",Reprise,0.54,0.977,1,-3.409,1,0.0876,0.0000255,0.0588,0.0533,0.211,106.907,4
spotify:track:4OSbctVD37ycS0H3rwRm72,Prayer Of The Refugee,The Sufferer & The Witness,Rise Against,1/1/2006,199386,6,FALSE,,2022-11-15T02:23:43Z,"punk,hardcore punk",Geffen,0.2,0.977,3,-3.494,0,0.159,0.00165,0.000011,0.259,0.39,195.711,4
spotify:track:1jYhVwOj06aYm3QeXi3j0L,Worth Dying For,The Sufferer & The Witness,Rise Against,1/1/2006,200000,0,FALSE,,2022-11-15T02:21:46Z,"punk,hardcore punk",Geffen,0.212,0.985,1,-3.786,0,0.231,0.000181,0.0000148,0.349,0.387,172.352,4
spotify:track:42ZVk59gT4tMlrZmd8Ijxf,Indestructible,Indestructible (Deluxe Edition),Disturbed,4/29/2008,278026,73,FALSE,,2022-11-15T02:05:01Z,"metal,nu metal,alternative metal,rap metal,hard rock",Reprise,0.429,0.966,8,-4.605,1,0.0733,0.000209,0.124,0.371,0.525,179.956,4
spotify:track:2yXyz4NLTZx9CLdXfLTp5E,I Will Not Bow,Dear Agony,Breaking Benjamin,1/1/2009,216733,76,FALSE,,2022-11-15T02:04:52Z,"alternative metal,post-grunge,rock",Hollywood Records,0.533,0.955,8,-3.708,1,0.0653,0.000165,0.0000136,0.38,0.55,107.984,4
spotify:track:7HjNOz8Y7H7uSySXuHNg1Y,Ashes of Eden,Dark Before Dawn,Breaking Benjamin,6/23/2015,293640,64,FALSE,,2022-11-15T01:55:27Z,"alternative metal,post-grunge,rock",Hollywood Records,0.241,0.534,3,-7.207,1,0.0321,0.0561,0.00000213,0.103,0.277,159.974,4
spotify:track:2busyK7jKVJaZN4Q6gZqKw,Follow - Radio Edit,We Are Not Alone,Breaking Benjamin,1/1/2004,197040,63,FALSE,,2022-11-15T01:53:38Z,"alternative metal,post-grunge,rock",Hollywood Records,0.582,0.929,8,-3.582,1,0.0668,0.00134,0.0365,0.0371,0.58,106.003,4
spotify:track:10ASBwZsp7oUUDsJEYz3uS,Dance With The Devil,Phobia (Explicit Version),Breaking Benjamin,1/1/2006,227106,74,FALSE,,2022-11-15T01:27:56Z,"alternative metal,post-grunge,rock",Hollywood Records,0.345,0.929,3,-4.469,0,0.142,0.00015,0.00106,0.129,0.181,155.041,3
spotify:track:0faXHILILebCGnJBPU6KJJ,The Diary of Jane - Single Version,Phobia (Clean Version),Breaking Benjamin,1/1/2006,200546,81,FALSE,,2022-11-15T01:18:38Z,"alternative metal,post-grunge,rock",Hollywood Records,0.392,0.964,10,-4.441,0,0.0644,0.0000713,0.0387,0.106,0.269,167.024,4
spotify:track:4JXfNOePhdgMOI7KZ1L25U,Breath,Phobia (Clean Version),Breaking Benjamin,1/1/2006,218466,77,FALSE,,2022-11-15T01:13:44Z,"alternative metal,post-grunge,rock",Hollywood Records,0.347,0.868,5,-4.145,0,0.0467,0.00012,0.000273,0.0845,0.313,182.851,4
spotify:track:2BfGGU1ipLwoHETns3j912,Say It,Evans|Blue,Evans Blue,7/27/2010,193720,50,FALSE,,2022-11-15T01:06:54Z,"post-grunge,alternative metal",DMG Music,0.502,0.928,5,-3.158,0,0.0457,0.0437,0,0.204,0.465,91.01,4
spotify:track:4P0osvTXoSYZZC2n8IFH3c,Payphone,Overexposed (Deluxe),Maroon 5;Wiz Khalifa,1/1/2012,231386,79,TRUE,,2022-11-15T00:35:07Z,pop,Interscope Records*,0.739,0.756,4,-4.828,1,0.0394,0.0136,0,0.37,0.523,110.028,4
spotify:track:5EOoMWIB9iK4ZpcSex9Ec7,Old Time Rock & Roll,Stranger In Town,Bob Seger,5/5/1978,194146,80,FALSE,,2022-11-15T00:34:51Z,classic rock,Bob Seger,0.714,0.937,6,-2.947,1,0.0399,0.206,0,0.0731,0.964,124.13,4
spotify:track:524rLPtr6oUW2Q733GvOuo,"Babkak, Omar, Aladdin, Kassim",Aladdin Original Broadway Cast Recording,Adam Jacobs;Brian Gonzales;Jonathan Schwartz;Brandon O'Neill;Aladdin Original Broadway Cast,1/1/2014,228840,38,FALSE,,2022-11-15T00:32:50Z,musicals,Walt Disney Records,0.486,0.527,0,-5.985,1,0.209,0.337,0.0000107,0.668,0.455,199.89,4
spotify:track:6CDzDgIUqeDY5g8ujExx2f,Heat Waves,Heat Waves,Glass Animals,6/29/2020,238805,9,FALSE,,2022-11-15T00:31:56Z,,Polydor Records,0.761,0.525,11,-6.9,1,0.0944,0.44,0.0000067,0.0921,0.531,80.87,4
spotify:track:1EzrEOXmMH3G43AXT1y7pA,I'm Yours,We Sing. We Dance. We Steal Things.,Jason Mraz,5/1/2008,242946,87,FALSE,,2022-11-14T04:50:32Z,"soft pop,acoustic pop",Atlantic Records/ATG,0.703,0.444,11,-9.331,1,0.0417,0.559,0,0.0973,0.712,150.96,4
spotify:track:1oTo3ijRbaDAtrjJrGAPSw,I Miss You,blink-182,blink-182,1/1/2003,227240,82,FALSE,,2022-11-14T03:48:22Z,"pop punk,punk,skate punk,rock,emo",Geffen*,0.655,0.781,11,-6.547,1,0.034,0.00103,0.00000533,0.0867,0.584,110.024,4
spotify:track:1fXiYSWmkKJfRKMegCkI11,I Will Wait,Babel (Deluxe Version),Mumford & Sons,9/25/2012,276720,2,FALSE,,2022-11-14T03:24:47Z,"folk,indie folk,folk rock",Glassnote Entertainment Group LLC,0.478,0.758,1,-5.4,1,0.0331,0.00974,0.00717,0.312,0.452,131.109,4
spotify:track:4gLWIGr23YLNwzIoG2wfKm,"American Idiot (feat. John Gallagher Jr., Stark Sands, Michael Esper, Rebecca Naomi Jones, Christina Sajous, Mary Faber, Tony Vincent, The American Idiot Broadway Company)",American Idiot - The Original Broadway Cast Recording,Green Day,4/20/2010,185120,38,TRUE,,2022-11-14T03:16:27Z,"punk,pop punk",Reprise,0.4,0.944,8,-3.349,1,0.043,0.0000776,0.00000515,0.406,0.824,186.991,4
spotify:track:1y8ooe9Zr1PMIxrOwNeeOi,I Won't,I Won't,AJR,7/29/2022,168426,48,TRUE,,2022-11-14T03:12:23Z,,Mercury Records / Republic Records,0.387,0.745,9,-6.226,0,0.184,0.0186,0,0.359,0.449,161.873,4
spotify:track:4VM6WUdnRnBv6cHAjyzxcK,Disappear,Dear Evan Hansen (Original Broadway Cast Recording),Mike Faist;Ben Platt;Kristolyn Lloyd;Will Roland;Jennifer Laura Thompson;Original Broadway Cast of Dear Evan Hansen,2/3/2017,275813,54,FALSE,,2022-11-11T22:17:07Z,musicals,Atlantic Records,0.451,0.634,8,-6.65,1,0.118,0.379,0,0.226,0.298,136.643,4
spotify:track:7vU9VpbmB4ZoztAigpXLlJ,Finale,Dear Evan Hansen (Original Broadway Cast Recording),Ben Platt;Original Broadway Cast of Dear Evan Hansen,2/3/2017,95960,49,FALSE,,2022-11-11T17:49:16Z,musicals,Atlantic Records,0.423,0.0919,5,-10.343,1,0.0353,0.837,0,0.0931,0.414,112.831,4
spotify:track:4cxvludVmQxryrnx1m9FqL,My Shot,Hamilton (Original Broadway Cast Recording),Lin-Manuel Miranda;Daveed Diggs;Okieriete Onaodowan;Leslie Odom Jr.;Original Broadway Cast of Hamilton,9/25/2015,333154,74,TRUE,,2022-11-11T17:42:46Z,musicals,Atlantic Records,0.698,0.649,8,-6.764,1,0.415,0.15,0,0.0903,0.568,180.466,4
spotify:track:54Sc7mZQ1RM03STpk4SfaA,Helpless,Hamilton (Original Broadway Cast Recording),Phillipa Soo;Original Broadway Cast of Hamilton,9/25/2015,249770,74,FALSE,,2022-11-10T23:10:41Z,musicals,Atlantic Records,0.688,0.491,5,-7.494,1,0.269,0.334,0,0.0914,0.737,79.009,4
spotify:track:3IkWmgGsXbsafrunwPojXO,From Now On,The Greatest Showman (Original Motion Picture Soundtrack),Hugh Jackman;The Greatest Showman Ensemble,12/8/2017,349560,77,FALSE,,2022-11-10T23:08:43Z,musicals,Atlantic Records,0.516,0.518,4,-10.383,1,0.04,0.00483,0.00895,0.585,0.0834,108.027,4
spotify:track:7zb4dWm9K6Hr4kk1pOwSDS,Can You Feel The Love Tonight,The Lion King: Original Broadway Cast Recording,Heather Headley;Jason Raize;Max Casella;Tom Alan Robbins;Ensemble - The Lion King,1/1/1997,299213,43,FALSE,,2022-11-10T22:34:50Z,"neo soul,musicals,quiet storm",Walt Disney Records,0.186,0.163,6,-13.322,1,0.0411,0.9,0.000493,0.119,0.0906,71.138,3
spotify:track:0Q5yE7tSWIivttXFd9cMxR,"For the First Time in Forever - From ""Frozen: The Broadway Musical""",Frozen: The Broadway Musical (Original Broadway Cast Recording),Patti Murin;Caissie Levy;Original Broadway Cast of Frozen,5/11/2018,254160,49,FALSE,,2022-11-10T22:29:40Z,musicals,Walt Disney Records,0.437,0.365,6,-7.477,1,0.0314,0.564,0,0.709,0.354,99.174,4
spotify:track:3YicD1Orx2WTSg4SUbjNWb,Kiss the Girl,The Little Mermaid: Original Broadway Cast Recording,Tituss Burgess as Sebastian;Animals - The Little Mermaid Original Broadway Cast,2/26/2008,190400,37,FALSE,,2022-11-10T22:29:29Z,musicals,Walt Disney Records,0.553,0.15,5,-17.584,1,0.0453,0.869,0,0.133,0.647,123.836,4
spotify:track:3Gbq2jcKXAOAPQTz06sNAi,Prince Ali,Aladdin Original Broadway Cast Recording,Brian Gonzales;Jonathan Schwartz;Brandon O'Neill;James Monroe Iglehart;Aladdin Original Broadway Cast,5/27/2014,355413,0,FALSE,,2022-11-10T22:24:39Z,musicals,Walt Disney Records,0.424,0.592,1,-6.168,1,0.168,0.289,0,0.0801,0.603,182.189,4
spotify:track:70sqHGRr89z4SbAmpzE71X,Belle,Beauty And The Beast: The Broadway Musical,Susan Egan;Burke Moses;Sarah Solie Shannon;Paige Price;Linda Talcott;Broadway Cast of Beauty and the Beast;Kenny Raskin,6/6/2006,316973,40,FALSE,,2022-11-10T22:19:37Z,musicals,Walt Disney Records,0.538,0.236,2,-16.802,1,0.105,0.832,0,0.0598,0.469,123.546,4
spotify:track:5qdmxwRkULsZY1BxNvSGx4,Circle of Life with Nants' Ingonyama,The Lion King: Original Broadway Cast Recording,Tsidii Le Loka;Ensemble - The Lion King;Lebo M.;Faca Kulu,1/1/1997,269173,52,FALSE,,2022-11-10T22:17:19Z,musicals,Walt Disney Records,0.301,0.388,2,-11.137,1,0.0462,0.828,0.00286,0.501,0.304,82.357,4
spotify:track:6d0ZUFGujfWikLTpKghuIU,King of New York,Newsies,Newsies - Original Broadway Cast,4/10/2012,247400,0,FALSE,,2022-11-10T22:17:07Z,,Ghostlight Records,0.663,0.559,0,-8.178,1,0.242,0.392,0,0.214,0.729,168.294,4
spotify:track:3ZffCQKLFLUvYM59XKLbVm,Wake Me up When September Ends,American Idiot,Green Day,9/21/2004,285653,81,FALSE,,2022-11-10T22:11:03Z,"punk,pop punk",Reprise,0.546,0.814,7,-5.146,1,0.0314,0.023,0,0.0972,0.146,104.98,4
spotify:track:2ydUT1pFhuLDnouelIv4WH,The Rock Show,Take Off Your Pants And Jacket,blink-182,2001,171600,74,TRUE,,2022-11-10T22:07:35Z,"pop punk,punk,skate punk,rock,emo",Geffen*,0.409,0.959,9,-4.563,1,0.0869,0.000324,0,0.0766,0.83,193.144,4
spotify:track:6hwQ69v7VbPhTTR2fOtYX7,Want You Bad,Conspiracy Of One,The Offspring,11/14/2000,202573,77,FALSE,,2022-11-10T22:03:49Z,"punk,skate punk",Concord Records,0.491,0.966,4,-4.28,1,0.0538,0.0000559,0,0.307,0.614,105.544,4
spotify:track:58z0UMtAZKL7bKcTevGNfY,"Holiday (feat. John Gallagher Jr., Stark Sands, Theo Stockman, The American Idiot Broadway Company)",American Idiot - The Original Broadway Cast Recording,Green Day,4/20/2010,247600,37,FALSE,,2022-11-10T21:56:48Z,"punk,pop punk",Reprise,0.525,0.805,8,-3.589,1,0.0301,0.000481,0.0000966,0.105,0.776,147.036,4
spotify:track:2dvPnPjTjGYyRqRd7KO7jx,"21 Guns (feat. Rebecca Naomi Jones, Christina Sajous, Mary Faber, Stark Sands, John Gallagher Jr., Michael Esper, The American Idiot Broadway Company)",American Idiot - The Original Broadway Cast Recording,Green Day,4/20/2010,285040,44,FALSE,,2022-11-10T21:56:33Z,"punk,pop punk",Reprise,0.389,0.596,10,-5.104,1,0.0318,0.268,0,0.0885,0.2,162.008,4
spotify:track:1KUrTzD5tNLzPgIHcnhfRj,"Extraordinary Girl (feat. Christina Sajous, Stark Sands, The American Idiot Broadway Company)",American Idiot - The Original Broadway Cast Recording,Green Day,4/20/2010,207053,31,FALSE,,2022-11-10T21:56:26Z,"punk,pop punk",Reprise,0.512,0.953,4,-2.351,1,0.0483,0.011,0.000069,0.373,0.513,137.003,4
spotify:track:2Ey4na66OZb9csdJ8ZHbjp,"Jesus of Suburbia (I. Jesus of Suburbia / II. City of the Damned / III. I Don't Care / IV. Dearly Beloved / V. Tales of Another Broken Home (feat. John Gallagher Jr., Michael Esper, Stark Sands, Mary Faber, The American Idiot Broadway Compa",American Idiot - The Original Broadway Cast Recording,Green Day,4/20/2010,547440,36,FALSE,,2022-11-10T21:56:24Z,"punk,pop punk",Reprise,0.271,0.893,1,-3.071,1,0.0682,0.0149,0,0.106,0.694,196.148,4
spotify:track:41pFyxOpS119Pb8JEzhx0w,"Boulevard of Broken Dreams (feat. John Gallagher Jr., Rebecca Naomi Jones, Stark Sands, The American Idiot Broadway Company)",American Idiot - The Original Broadway Cast Recording,Green Day,4/20/2010,262386,54,TRUE,,2022-11-10T21:43:42Z,"punk,pop punk",Reprise,0.417,0.647,8,-5.87,1,0.0296,0.0569,0.00000167,0.0585,0.339,166.12,4
spotify:track:6WkSUgo1VdpzgtiXKlFPcY,Dammit,Dude Ranch,blink-182,1997,165373,71,TRUE,,2022-11-10T21:41:00Z,"pop punk,punk,skate punk,rock,emo",Geffen,0.429,0.972,0,-5.122,1,0.0953,0.0017,0,0.171,0.34,111.282,4
spotify:track:2bQvUkQLVBiAaEd8zKtGLs,Van Halen,Nerf Herder,Nerf Herder,12/2/1996,218733,32,FALSE,,2022-11-10T21:37:40Z,,Arista,0.454,0.778,7,-5.689,1,0.0487,0.0131,0,0.293,0.657,137.419,1
spotify:track:0M955bMOoilikPXwKLYpoi,I Hate Everything About You,Three Days Grace,Three Days Grace,4/19/2003,231480,86,FALSE,,2022-11-10T21:30:33Z,"post-grunge,rock",Jive,0.498,0.83,6,-5.157,0,0.0421,0.00461,0,0.139,0.453,89.342,4
spotify:track:7wpYSigAhQeZp3cdsMQ3Af,Glycerine - 2014 Remastered,Sixteen Stone (2014 Remastered),Bush,10/14/2014,266493,3,FALSE,,2022-11-10T21:06:16Z,"grunge,post-grunge",Round Hill Music,0.437,0.337,5,-11.439,1,0.0326,0.0371,0.000946,0.0981,0.0784,114.239,4
spotify:track:3bcVBvY42MlPQlerUfWPYA,Monster Mash,Project 1950 (Expanded Edition),Misfits;John Cafiero,2003,157000,45,FALSE,,2022-11-10T19:29:24Z,"horror punk,punk,psychobilly,hardcore punk,skate punk",Misfits Records,0.496,0.975,8,-7.777,1,0.0676,0.0034,0.0264,0.415,0.359,100.801,4
spotify:track:39MVn4QM8RVfaEWPPJW8yV,Horror Business,Collection,Misfits;Glenn Danzig,1/1/1986,165866,51,FALSE,,2022-11-10T19:19:19Z,"horror punk,punk,psychobilly,hardcore punk,skate punk",Astralwerks,0.325,0.943,5,-8.451,1,0.0542,0.588,0.0055,0.227,0.0608,90.555,4
spotify:track:5VIrpNXjaOTI4Lj6aWotrO,Forbidden Zone,Famous Monsters,Misfits,10/4/1999,142982,55,FALSE,,2022-11-10T19:14:51Z,"horror punk,punk,psychobilly,hardcore punk,skate punk",Roadrunner Records,0.487,0.988,1,-4.672,1,0.0644,0.0000541,0.000513,0.149,0.326,114.991,4
spotify:track:2uqQXl3CWniLE0Uhfb7izu,Scream,Famous Monsters,Misfits,10/4/1999,153830,59,FALSE,,2022-11-10T19:10:13Z,"horror punk,punk,psychobilly,hardcore punk,skate punk",Roadrunner Records,0.375,0.979,1,-4.945,1,0.103,0.0000635,0,0.151,0.111,106.525,4
spotify:track:51wFNWeRcxWoFqVFsNCg93,Dust to Dust,Famous Monsters,Misfits,10/4/1999,163841,54,FALSE,,2022-11-10T19:06:54Z,"horror punk,punk,psychobilly,hardcore punk,skate punk",Roadrunner Records,0.317,0.953,1,-5.88,1,0.105,0.0000789,0.00195,0.11,0.161,187.519,4
spotify:track:21VzGNYJrb70mq7eP3xdzT,The Haunting,American Psycho,Misfits,1/1/1997,85933,45,FALSE,,2022-11-10T18:56:10Z,"horror punk,punk,psychobilly,hardcore punk,skate punk",Geffen,0.447,0.986,1,-4.914,1,0.13,0.00403,0,0.0603,0.32,106.009,4
spotify:track:5LgiqEgpK54OfXC6947wbU,Where Eagles Dare,Collection,Misfits;Glenn Danzig,1/1/1986,128426,61,FALSE,,2022-11-10T18:55:36Z,"horror punk,punk,psychobilly,hardcore punk,skate punk",Astralwerks,0.282,0.943,2,-7.746,1,0.121,0.741,0.414,0.178,0.15,182.381,4
spotify:track:2GHYJ0dhVds3PODKnTdiGE,All I Want,fear,Toad The Wet Sprocket,8/27/1991,196333,62,FALSE,,2022-11-10T18:55:07Z,,Columbia,0.6,0.811,5,-7.693,1,0.0788,0.0558,0.00000682,0.109,0.622,124.303,4
spotify:track:00hVU6kDP67JHurfwG2dtq,Hero Of War,Appeal To Reason,Rise Against,1/1/2008,253080,63,FALSE,,2022-11-10T18:54:59Z,"punk,hardcore punk",Geffen,0.636,0.417,4,-7.022,1,0.0292,0.543,0,0.0982,0.255,76.964,4
spotify:track:2fhfoZqqTJ8jo4HvWseNfM,I Will Buy You A New Life,So Much For The Afterglow,Everclear,10/7/1997,238133,67,FALSE,,2022-11-10T18:54:53Z,"post-grunge,alternative rock",Capitol Records,0.518,0.87,0,-4.933,1,0.098,0.0351,0.00707,0.255,0.661,169.665,4
spotify:track:5RsUlxLto4NZbhJpqJbHfN,Jessie's Girl,Working Class Dog,Rick Springfield,3/13/1981,194120,78,FALSE,,2022-11-10T18:54:37Z,yacht rock,RCA/Legacy,0.727,0.834,2,-5.851,1,0.0496,0.165,0,0.105,0.816,131.7,4
spotify:track:49yIEhJfKKm6nurvpCCI8B,Waters Rising,Fortress,Alter Bridge,1/1/2013,339763,37,FALSE,,2022-11-10T18:54:15Z,"post-grunge,alternative metal,hard rock",ALTER BRIDGE (AB2),0.289,0.924,6,-3.26,1,0.141,0.00144,0.0000614,0.106,0.279,131.983,4
spotify:track:0fYVliAYKHuPmECRs1pbRf,Renegades,VHS,X Ambassadors,6/30/2015,195200,78,FALSE,,2022-11-10T18:52:36Z,,Kid Ina Korner / Interscope,0.526,0.862,2,-6.003,1,0.0905,0.0144,0.0597,0.229,0.528,90.052,4
spotify:track:6YIggUJW3ttAAPRdnki8RM,Disarm - 2011 Remaster,Siamese Dream (Deluxe Edition),The Smashing Pumpkins,1993,196905,74,FALSE,,2022-11-10T18:42:52Z,"alternative rock,rock",Virgin Records,0.527,0.418,4,-10.205,0,0.0277,0.142,0.775,0.139,0.218,129.516,4
spotify:track:4E6cwWJWZw2zWf7VFbH7wf,Love Song,Little Voice,Sara Bareilles,7/3/2007,258483,75,FALSE,,2022-11-10T18:42:17Z,,Epic,0.583,0.786,2,-3.142,0,0.0301,0.0208,0,0.188,0.573,123.055,4
spotify:track:7b4yGtR0rujvLi5EBfKKJ2,Take Me Home Tonight,Can't Hold Back,Eddie Money,10/15/1986,211160,78,FALSE,,2022-11-10T18:42:01Z,classic rock,Columbia,0.608,0.768,1,-9.911,1,0.0364,0.101,0.00000141,0.0942,0.748,132.699,4
spotify:track:4MflGTO2ZTcSQ12bWcyRgI,"Honey, I'm Good.",Magazines Or Novels,Andy Grammer,8/5/2014,199263,6,FALSE,,2022-11-10T18:41:38Z,,S-Curve Records,0.752,0.775,9,-7.289,1,0.0546,0.0324,0,0.351,0.595,122.014,4
spotify:track:1FkoVC85Ds3mFoK0fVqEqP,Self Esteem,Smash,The Offspring,4/8/1994,257826,82,FALSE,,2022-11-10T18:40:54Z,"punk,skate punk",Epitaph,0.488,0.862,0,-7.595,1,0.0476,0.0204,0,0.359,0.706,104.56,4
spotify:track:2TVxnKdb3tqe1nhQWwwZCO,Tiny Dancer,Madman Across The Water,Elton John,11/5/1971,377093,82,FALSE,,2022-11-10T06:58:48Z,,EMI,0.414,0.428,0,-11.097,1,0.0278,0.382,0.000243,0.148,0.282,145.075,4
spotify:track:1gihuPhrLraKYrJMAEONyc,Feel So Close - Radio Edit,18 Months,Calvin Harris,10/29/2012,206413,89,FALSE,,2022-11-10T02:53:46Z,edm,Columbia,0.707,0.924,7,-2.842,1,0.031,0.000972,0.00703,0.204,0.919,127.937,4
spotify:track:1B75hgRqe7A4fwee3g3Wmu,U Can't Touch This,Please Hammer Don't Hurt 'Em,MC Hammer,2/20/1990,257359,78,FALSE,,2022-11-10T02:48:49Z,,EMI/EMI Records (USA),0.867,0.517,11,-13.22,0,0.088,0.00449,0.000343,0.0864,0.862,133.149,4
spotify:track:7vFoFDWqTX0mHzLfrF1Cfy,Cheerleader (Felix Jaehn Remix) - Radio Edit,Me 4 U,OMI;felix jaehn,10/16/2015,180565,86,FALSE,,2022-11-10T02:44:49Z,tropical house,"Ultra Records, LLC",0.782,0.685,4,-6.237,1,0.0309,0.166,0.0000118,0.16,0.603,118.02,4
spotify:track:3ZShCgwUuSNcd3iDomFvbE,Glad You Came,The Wanted (Special Edition),The Wanted,1/1/2012,198186,49,FALSE,,2022-11-10T02:39:10Z,,Universal-Island Records Ltd.,0.611,0.841,7,-4.579,0,0.0691,0.056,0.00000985,0.118,0.431,126.888,4
spotify:track:2Foc5Q5nqNiosCNqttzHof,Get Lucky (Radio Edit) [feat. Pharrell Williams and Nile Rodgers],Get Lucky (Radio Edit) [feat. Pharrell Williams and Nile Rodgers],Daft Punk;Pharrell Williams;Nile Rodgers,4/19/2013,247632,84,FALSE,,2022-11-10T02:34:24Z,"french house,electronic,electro",Columbia,0.794,0.811,6,-8.966,0,0.038,0.0426,0.00000107,0.101,0.862,116.047,4
spotify:track:60wwxj6Dd9NJlirf84wr2c,Clarity,Clarity,Zedd;Foxes,1/1/2012,271426,85,FALSE,,2022-11-10T02:26:40Z,edm,Interscope,0.509,0.781,8,-3.48,1,0.072,0.0398,0,0.0749,0.176,128,4
spotify:track:20I6sIOMTCkB6w7ryavxtO,Call Me Maybe,Kiss,Carly Rae Jepsen,1/1/2012,193400,87,FALSE,,2022-11-10T02:14:40Z,,Silent Records IGA,0.782,0.58,7,-6.548,1,0.0407,0.0114,0.00000228,0.108,0.66,120.021,4
spotify:track:25sgk305KZfyuqVBQIahim,Sweet but Psycho,Sweet but Psycho,Ava Max,8/17/2018,187436,7,FALSE,,2022-11-10T02:03:50Z,,Atlantic Records,0.719,0.704,1,-4.724,1,0.0476,0.0691,0,0.166,0.628,133.002,4
spotify:track:5ZBeML7Lf3FMEVviTyvi8l,Twist And Shout - Remastered 2009,Please Please Me (Remastered),The Beatles,3/22/1963,155226,79,FALSE,,2022-11-10T01:50:03Z,"classic rock,psychedelic rock",EMI Catalogue,0.482,0.849,2,-9.198,1,0.0452,0.641,0.00000774,0.0414,0.937,124.631,4
spotify:track:1gv4xPanImH17bKZ9rOveR,Raise Your Glass,Raise Your Glass,P!nk,10/5/2010,202960,80,TRUE,,2022-11-10T01:40:37Z,,LaFace Records,0.7,0.709,7,-5.006,1,0.0838,0.0048,0,0.029,0.624,122.019,4
spotify:track:1ru5R5iSawvuMELqKXxLjS,The Impression That I Get,Let's Face It,The Mighty Mighty Bosstones,1/1/1997,194760,5,FALSE,,2022-11-10T01:25:45Z,"ska punk,ska,punk",Island Mercury,0.418,0.945,4,-5.406,1,0.118,0.0991,0.0123,0.23,0.696,181.174,4
spotify:track:4gbVRS8gloEluzf0GzDOFc,Maps,V,Maroon 5,9/2/2014,189960,87,FALSE,,2022-11-10T01:25:37Z,pop,Interscope Records*,0.742,0.713,1,-5.522,0,0.0303,0.0205,0,0.059,0.879,120.032,4
spotify:track:6fQJg7MdQssgZJDhTJtFtd,Somewhere Out There,Gravity,Our Lady Peace,5/17/2002,251333,59,FALSE,,2022-11-10T01:23:05Z,post-grunge,Columbia,0.388,0.746,1,-5.306,1,0.0317,0.000555,0,0.0719,0.459,159.707,4
spotify:track:3ZZq9396zv8pcn5GYVhxUi,Down Under,Business As Usual,Men At Work,11/9/1981,222320,86,FALSE,,2022-11-10T01:22:34Z,,Columbia,0.739,0.459,11,-14.42,0,0.0294,0.129,0.0194,0.0474,0.892,107.115,4
spotify:track:7ryLYKkgEzxUCZ12vp841U,Diamond in the Rough,Aladdin Original Broadway Cast Recording,Adam Jacobs;Jonathan Freeman;Don Darryl Rivera,1/1/2014,258839,32,FALSE,,2022-11-10T01:22:14Z,musicals,Walt Disney Records,0.536,0.434,3,-7.799,1,0.248,0.43,0,0.162,0.427,133.16,4
spotify:track:0LWINYMC4s8QTdDSb1B3Q3,Hanginaround,This Desert Life,Counting Crows,1999,247333,67,FALSE,,2022-11-10T00:51:50Z,,Geffen,0.503,0.785,0,-6.571,1,0.0743,0.295,0,0.744,0.734,91.464,4
spotify:track:6j7hih15xG2cdYwIJnQXsq,Not Over You,Sweeter,Gavin DeGraw,9/19/2011,218520,66,FALSE,,2022-11-09T23:29:33Z,,RCA Records Label,0.63,0.894,10,-4.592,1,0.0544,0.255,0,0.181,0.364,142.051,4
spotify:track:5NnYhHDo5BxDkAXEerswYD,A Thousand Faces,Full Circle,Creed,1/1/2009,294720,58,FALSE,,2022-11-09T22:45:29Z,post-grunge,The Bicycle Music Company,0.249,0.914,2,-3.434,1,0.0599,0.0113,0.00000955,0.318,0.209,150.052,4
spotify:track:25TQBBKOrtTfnH6QBM9He1,Overcome,Full Circle,Creed,1/1/2009,226826,61,FALSE,,2022-11-09T18:00:39Z,post-grunge,The Bicycle Music Company,0.328,0.926,9,-3.187,1,0.0756,0.00123,0,0.127,0.392,194.877,4
spotify:track:5rqV8nkm4TM1AtuByswVKa,On My Sleeve,Full Circle,Creed,1/1/2009,254386,62,FALSE,,2022-11-09T17:47:55Z,post-grunge,The Bicycle Music Company,0.452,0.911,4,-3.859,1,0.0592,0.00198,0,0.108,0.221,144.028,4
spotify:track:0eKyHwckh9vQb8ncZ2DXCs,With Arms Wide Open,Human Clay,Creed,1/1/1999,274800,80,FALSE,,2022-11-09T17:46:27Z,post-grunge,The Bicycle Music Company,0.41,0.539,0,-8.412,1,0.0302,0.00425,0.00089,0.117,0.141,138.852,4
spotify:track:2VSbEXqs6NbNiZSTcHlIDR,My Sacrifice,Weathered,Creed,1/1/2001,294600,80,FALSE,,2022-11-09T17:46:25Z,post-grunge,The Bicycle Music Company,0.32,0.88,2,-6.035,1,0.0504,0.000101,0.00000431,0.076,0.257,146.349,4
spotify:track:1gnSosKDAUGYPTkTLiG5DW,Smells Like Teen Spirit,Smells Like Teen Spirit,Malia J,7/2/2021,239000,63,FALSE,,2022-11-09T05:06:24Z,,Think Up Anger Music,0.193,0.391,4,-9.343,0,0.0382,0.113,0,0.191,0.0956,79.508,4
spotify:track:42T2QQv3xgBlpQxaSP7lnK,One Last Breath,Weathered,Creed,1/1/2001,238240,87,FALSE,,2022-11-08T19:55:35Z,post-grunge,The Bicycle Music Company,0.386,0.677,2,-5.83,1,0.0346,0.00841,0.00366,0.341,0.195,126.602,4
spotify:track:37K07PsEPk3SuYpAvjTbJO,Let Me Be Myself,3 Doors Down,3 Doors Down,1/1/2008,228626,61,FALSE,,2022-11-08T19:55:27Z,post-grunge,Universal (MT),0.496,0.675,0,-6.155,1,0.028,0.00468,0.0000116,0.114,0.493,153.988,4
spotify:track:39sICagGOiysHxoIBRyLLi,My Own Worst Enemy,My Own Worst Enemy,Lit,3/2/1999,169430,60,TRUE,,2022-11-08T19:52:18Z,,lit,0.427,0.952,4,-3.383,1,0.0565,0.0252,0,0.407,0.588,103.523,4
spotify:track:27IRo2rYeizhRMDaNVplNM,Hook,Four,Blues Traveler,1/1/1994,289200,71,FALSE,,2022-11-08T19:50:16Z,jam band,A&M,0.562,0.742,9,-6.355,1,0.0345,0.0368,0.00000137,0.102,0.799,165.6,4
spotify:track:6DbaSQH1RA006JJBssB3Fl,I Will,North (Deluxe Edition),Matchbox Twenty,8/28/2012,243426,43,FALSE,,2022-11-08T19:36:34Z,post-grunge,Emblem/Atlantic,0.593,0.245,9,-13.141,1,0.0261,0.849,0.000306,0.108,0.449,92.022,4
spotify:track:62DbMz6liR4GuxvMT9vjc4,Overjoyed,North (Deluxe Edition),Matchbox Twenty,8/28/2012,186466,54,FALSE,,2022-11-08T19:36:31Z,post-grunge,Emblem/Atlantic,0.437,0.694,0,-5.081,1,0.0291,0.0645,0,0.0916,0.591,186.006,4
spotify:track:4wzjNqjKAKDU82e8uMhzmr,Face Down,Don't You Fake It,The Red Jumpsuit Apparatus,1/1/2006,192000,81,FALSE,,2022-11-08T19:32:42Z,"pop punk,emo",Virgin Records,0.545,0.932,7,-2.189,0,0.0399,0.000665,0,0.127,0.464,92.956,4
spotify:track:4nAk5rTFqrGcoAXLP2ppUl,Hang,Yourself or Someone Like You,Matchbox Twenty,10/1/1996,227333,57,FALSE,,2022-11-08T19:30:51Z,post-grunge,Lava/Atlantic,0.537,0.301,7,-12.508,1,0.0294,0.631,0.00000629,0.112,0.25,153.78,4
spotify:track:38YgZVHPWOWsKrsCXz6JyP,Come On Get Higher,Some Mad Hope,Matt Nathanson,8/10/2007,215173,68,FALSE,,2022-11-08T19:30:32Z,,Vanguard Records,0.672,0.623,9,-5.699,1,0.0297,0.241,0,0.0848,0.617,92.018,4
spotify:track:34Tm4hB6lC8vIFZwlVO1Su,Shame,Yourself or Someone Like You,Matchbox Twenty,10/1/1996,214973,51,FALSE,,2022-11-08T19:30:19Z,post-grunge,Lava/Atlantic,0.552,0.678,11,-8.641,1,0.0271,0.00268,0.0000123,0.171,0.378,125.898,4
spotify:track:0lHAMNU8RGiIObScrsRgmP,Titanium (feat. Sia),Nothing but the Beat 2.0,David Guetta;Sia,8/24/2011,245040,78,FALSE,,2022-11-08T19:28:32Z,edm,Parlophone (France),0.604,0.788,0,-3.673,0,0.103,0.0678,0.153,0.127,0.301,126.06,4
spotify:track:7lGKEWMXVWWTt3X71Bv44I,Unsteady,VHS,X Ambassadors,6/30/2015,193546,75,FALSE,,2022-11-08T19:28:26Z,,Kid Ina Korner / Interscope,0.389,0.665,0,-6.169,1,0.0644,0.178,0.000732,0.116,0.199,117.055,4
spotify:track:4wCmqSrbyCgxEXROQE6vtV,Somebody That I Used To Know,Making Mirrors,Gotye;Kimbra,1/1/2011,244973,80,FALSE,,2022-11-08T19:28:02Z,,Samples & Seconds / Republic,0.864,0.495,0,-7.036,1,0.037,0.591,0.000133,0.0992,0.72,129.062,4
spotify:track:4Iaj6S75mnpxIM3mUlto8F,Pressure,Glow,Tensnake;THABO,1/1/2014,174364,45,FALSE,,2022-11-08T19:26:41Z,"nu disco,deep house,disco house",EMI,0.827,0.733,5,-5.142,0,0.0452,0.00608,0.157,0.143,0.784,121.959,4
spotify:track:3sG4x1x5BQFmcluWZTWVyB,The Valleys,"The Mountains, The Valleys, The Lakes",The Mountains,1/24/2014,219362,49,FALSE,,2022-11-08T19:25:49Z,,Parlophone Denmark,0.652,0.705,4,-6.84,1,0.0314,0.596,0.00717,0.514,0.861,140.044,4
spotify:track:6EnBcUZMs1CZz3gkLLHAjg,stevie,48:13:00,Kasabian,10/7/2014,284586,37,FALSE,,2022-11-08T19:24:52Z,"britpop,indie,indie rock",Harvest Records,0.545,0.855,7,-4.944,1,0.0406,0.033,0.000138,0.0751,0.409,131.99,4
spotify:track:264py48l3YjixQ3OhlGutW,Crystal Ball,The Physical World,Death From Above 1979,9/9/2014,171400,37,FALSE,,2022-11-08T19:24:07Z,garage rock,Last Gang/Warner Records,0.421,0.943,7,-2.825,0,0.0815,0.00000906,0.0000337,0.0355,0.553,148.012,4
spotify:track:6jpcEFjpq6APdr6JaBPOec,Brand New Start (Live),Live at the Royal Albert Hall Featuring the Parallax Orchestra,Alter Bridge;The Parallax Orchestra,9/7/2018,290623,28,FALSE,,2022-11-08T02:21:24Z,"post-grunge,alternative metal,hard rock",Napalm Records Handels GmbH,0.322,0.913,1,-5.783,1,0.0545,0.0000185,0.0911,0.961,0.315,76.502,4
spotify:track:1LqGVevI1KuIgcFqyiFc7Z,In Loving Memory (Live),Live at the Royal Albert Hall Featuring the Parallax Orchestra,Alter Bridge;The Parallax Orchestra,9/7/2018,330122,36,FALSE,,2022-11-08T01:56:08Z,"post-grunge,alternative metal,hard rock",Napalm Records Handels GmbH,0.22,0.61,6,-7.542,1,0.0314,0.00211,0.0132,0.871,0.196,142.438,4
spotify:track:40L8L7344pPMCjlZc19RQU,Down Rodeo,Evil Empire,Rage Against The Machine,4/16/1996,320626,61,TRUE,,2022-11-08T01:14:35Z,"rap metal,rap rock,alternative metal,nu metal",Epic,0.427,0.867,7,-9.077,1,0.128,0.00535,0.000846,0.0785,0.56,170.256,4
spotify:track:0n0p8VGjFfQSXnCKUMPCWU,Sunrise,Sunrise,Slaptop,6/17/2014,214761,0,FALSE,,2022-11-08T01:01:34Z,,Ensemble/+1 Records,0.842,0.71,7,-5.876,0,0.0679,0.0209,0.00276,0.1,0.743,126.017,4
spotify:track:7l8SsHb1SX5edK0cyFFR9u,Down By The River,Stolen Dance,Milky Chance,5/1/2014,238026,0,FALSE,,2022-11-08T00:57:37Z,,Republic Records,0.66,0.677,9,-7.875,1,0.0602,0.729,0.0000375,0.117,0.447,114.013,4
spotify:track:6efq1RwNvWhVtt3u5ZmfKr,L.A.F,L.A.F,BROODS,7/15/2014,167656,0,FALSE,,2022-11-08T00:51:29Z,,Capitol Records,0.579,0.79,0,-4.934,1,0.042,0.000109,0.0000052,0.047,0.653,88.131,3
spotify:track:0uHmmiqR9To6YPraSrxSM7,Wild Heart,Fall At Your Feet,Saint Raymond,11/28/2014,263395,41,FALSE,,2022-11-08T00:45:48Z,,Atlantic Records UK,0.708,0.875,11,-7.539,1,0.0458,0.0233,0.000349,0.0589,0.728,109.949,4
spotify:track:66S14BkJDxgkYxLl5DCqOz,I'm Gonna Be (500 Miles),Finest,The Proclaimers,9/1/2003,219466,72,FALSE,,2022-11-07T23:44:06Z,celtic rock,Parlophone UK,0.851,0.551,4,-5.177,1,0.0396,0.151,0,0.0827,0.807,131.922,4
spotify:track:75HZ6Wxnw8xbgz6HU9kKCS,Barely Breathing,Duncan Sheik,Duncan Sheik,1996,254546,68,FALSE,,2022-11-07T23:44:01Z,,Rhino Atlantic,0.482,0.807,0,-6.976,1,0.0457,0.0281,0,0.177,0.516,187.918,4
spotify:track:0gEyKnHvgkrkBM6fbeHdwK,Linger,"Everybody Else Is Doing It, So Why Can't We?",The Cranberries,3/1/1993,274706,46,FALSE,,2022-11-07T23:42:53Z,,Island Records,0.439,0.434,7,-14.918,1,0.0265,0.0783,0.0000518,0.14,0.204,94.843,4
spotify:track:5x9RZg7HfXGY3JayXL3seF,Cats In The Cradle,America's Least Wanted,Ugly Kid Joe,1/1/1992,241893,68,FALSE,,2022-11-07T23:42:46Z,glam metal,Island Mercury,0.511,0.517,8,-9.653,1,0.0328,0.13,0,0.074,0.433,75.67,4
spotify:track:7H5OQN4iv3cKE3ZNP5Mbct,If You Could Only See,A Casual Affair - The Best Of Tonic,Tonic,1/1/2009,263280,52,FALSE,,2022-11-07T23:42:29Z,,Polydor,0.408,0.941,10,-4.122,0,0.052,0.00109,0,0.152,0.477,95.328,4
spotify:track:29hBRadFZf9QTGRHZmxm65,One Week,Stunt (20th Anniversary Edition),Barenaked Ladies,7/7/1998,169760,73,FALSE,,2022-11-07T23:42:11Z,,Rhino/Warner Records,0.702,0.898,9,-6.003,1,0.0373,0.00854,0.000154,0.0917,0.731,112.845,4
spotify:track:4u26EevCNXMhlvE1xFBJwX,If I Die Young,The Band Perry,The Band Perry,1/1/2010,222773,71,FALSE,,2022-11-07T23:36:23Z,country,"Big Machine Label Group, LLC",0.606,0.497,4,-6.611,1,0.0277,0.348,0,0.275,0.362,130.739,4
spotify:track:3xdjjKMcMOFgo1eQrfbogM,Wagon Wheel,True Believers,Darius Rucker,1/1/2013,298373,85,FALSE,,2022-11-07T23:18:43Z,country,Capitol Records Nashville,0.535,0.66,9,-7.174,1,0.0297,0.455,0,0.135,0.577,148.044,4
spotify:track:4fT0lwTnwXN5Qg5vSPyq0u,Chills,Game On,James Barker Band,4/21/2017,188373,53,FALSE,,2022-11-07T23:16:58Z,country,Universal Music Canada,0.657,0.798,8,-5.98,0,0.0445,0.147,0,0.117,0.448,116.032,4
spotify:track:5T6DM9qjjngWnukcw0svkX,Round Here,Here's To The Good Times,Florida Georgia Line,1/1/2012,215120,68,FALSE,,2022-11-07T23:16:07Z,"country,pop country,acoustic country",BMX,0.523,0.954,1,-3.051,1,0.0374,0.00378,0.00000168,0.243,0.901,141.982,4
spotify:track:46ZfPS5VpSQVU5gb82hg3K,Anything Goes,Anything Goes,Florida Georgia Line,10/14/2014,218866,70,FALSE,,2022-11-07T23:15:49Z,"country,pop country,acoustic country",Big Machine Label Group,0.458,0.976,0,-3.791,1,0.0459,0.00182,0,0.193,0.76,154.007,4
spotify:track:2TR7A4ulH9R1PNwMyd8o8U,This Is How We Roll,Here's To The Good Times...This Is How We Roll,Florida Georgia Line;Luke Bryan,1/1/2013,220906,74,FALSE,,2022-11-07T23:15:19Z,"country,pop country,acoustic country",Big Machine Label Group,0.555,0.931,8,-2.969,1,0.0367,0.0162,0,0.405,0.723,132.073,4
spotify:track:3grPZ1iQg2tEdh0ZCh3HTt,Stay,Here's To The Good Times,Florida Georgia Line,1/1/2012,199320,67,FALSE,,2022-11-07T23:14:39Z,"country,pop country,acoustic country",BMX,0.493,0.936,1,-2.989,1,0.042,0.0745,0,0.148,0.581,141.944,4
spotify:track:03fT3OHB9KyMtGMt2zwqCT,Play It Again,Crash My Party,Luke Bryan,1/1/2013,226866,79,FALSE,,2022-11-07T23:02:50Z,"country,acoustic country",Capitol Records Nashville,0.506,0.886,11,-3.224,1,0.0655,0.0955,0,0.0734,0.595,143.938,4
spotify:track:6GsAD8PgHxmEuIPTG8GP3M,It Goes Like This,It Goes Like This,Thomas Rhett,1/1/2013,186080,70,FALSE,,2022-11-07T22:57:47Z,"country,acoustic country,pop country","The Valory Music Co., LLC",0.543,0.837,11,-6.448,1,0.0608,0.117,0,0.0872,0.506,168.056,4
spotify:track:6enPOmd3vSFpI4jjms8kXN,Runnin' Outta Moonlight,How Country Feels,Randy Houser,1/22/2013,193773,0,FALSE,,2022-11-07T22:53:42Z,"country,acoustic country",Stoney Creek Records,0.526,0.801,2,-3.717,1,0.0393,0.0354,0.00000317,0.0637,0.769,172.024,4
spotify:track:5t8M1Ktl6TkrAAKVmYlc3E,Love Ain't,Love Talking,Eli Young Band,6/3/2022,187093,66,FALSE,,2022-11-07T22:51:47Z,"texas country,country,red dirt,acoustic country","The Valory Music Co., LLC",0.597,0.856,11,-4.669,1,0.0421,0.00715,0.00000761,0.0982,0.719,98.023,4
spotify:track:0i5el041vd6nxrGEU8QRxy,Cruise,Here's To The Good Times,Florida Georgia Line,1/1/2012,208960,76,FALSE,,2022-11-07T22:40:17Z,"country,pop country,acoustic country",BMX,0.457,0.948,10,-3.364,1,0.0354,0.0191,0,0.0536,0.878,148.001,4
spotify:track:0Nu9WA8kEbBWEsay2s8Q0U,Even If It Breaks Your Heart,Life At Best,Eli Young Band,1/1/2011,220520,27,FALSE,,2022-11-07T22:36:19Z,"texas country,country,red dirt,acoustic country",Big Machine Label Group,0.495,0.527,0,-4.742,1,0.0351,0.000159,0.0163,0.1,0.574,208.067,4
spotify:track:1B241LRKmK6qDDTZfUajmm,Cocoon,The Balcony,Catfish and the Bottlemen,9/15/2014,236887,70,TRUE,,2022-11-07T21:40:09Z,"indie,indie rock",Universal-Island Records Ltd.,0.446,0.91,7,-4.481,0,0.0652,0.000254,0.0000976,0.077,0.325,133.053,4
spotify:track:3USxtqRwSYz57Ewm6wWRMp,Heat Waves,Dreamland,Glass Animals,8/7/2020,238805,91,FALSE,,2022-11-07T21:39:26Z,,Polydor Records,0.761,0.525,11,-6.9,1,0.0944,0.44,0.0000067,0.0921,0.531,80.87,4
spotify:track:4Egb5xP6cniUx0kgZd5zLB,Soy Yo,Amanecer,Bomba Estéreo,6/2/2015,159791,64,FALSE,,2022-11-07T21:38:13Z,"latin alternative,electrocumbia",Sony Music Latin,0.887,0.581,11,-7.632,0,0.172,0.0396,0.000198,0.0788,0.786,117.042,4
spotify:track:5TloYFwzd09yWy8xkRLVUu,Busy Earnin',Jungle,Jungle,7/15/2014,181772,57,FALSE,,2022-11-07T21:37:44Z,,XL Recordings,0.552,0.883,10,-5.61,0,0.0355,0.209,0.00000491,0.0912,0.745,99.967,4
spotify:track:3GfOAdcoc3X5GPiiXmpBjK,Song 2,Blur: The Best Of,Blur,10/30/2000,121880,72,FALSE,,2022-11-07T21:36:38Z,"britpop,alternative rock",Parlophone UK,0.658,0.709,8,-6.736,1,0.0904,0.00188,0.00447,0.0657,0.855,129.701,4
spotify:track:0y1QJc3SJVPKJ1OvFmFqe6,Way down We Go,A/B,KALEO,6/10/2016,213706,85,FALSE,,2022-11-07T21:35:59Z,,Elektra (NEK),0.489,0.505,10,-8.022,0,0.117,0.579,0.000333,0.104,0.337,163.255,4
spotify:track:0ADZ5dmXhlfzjMw6lefoPl,Far Away,All the Right Reasons,Nickelback,9/26/2005,238173,74,FALSE,,2022-11-07T21:15:20Z,"post-grunge,rock",Roadrunner Records,0.518,0.797,6,-5.153,1,0.0309,0.000681,0,0.107,0.293,132.918,4
spotify:track:572MGILWfKTSBil8p0mvs7,These Palace Walls,Aladdin Original Broadway Cast Recording,Courtney Reed;Tia Altinay;Khori Michelle Petinaud;Marisha Wallace,1/1/2014,160946,46,FALSE,,2022-11-07T17:31:10Z,musicals,Walt Disney Records,0.516,0.331,9,-7.363,1,0.0301,0.788,0.00000911,0.091,0.425,98.05,4
spotify:track:7lDBV3PI9XqX0PpqW3LkiU,One Jump Ahead,Aladdin Original Broadway Cast Recording,Adam Jacobs;Aladdin Original Broadway Cast,1/1/2014,129266,44,FALSE,,2022-11-07T17:23:13Z,musicals,Walt Disney Records,0.763,0.571,7,-6.348,1,0.3,0.361,0,0.0602,0.838,120.769,4
spotify:track:5tVA6TkbaAH9QMITTQRrNv,Free Fallin',Full Moon Fever,Tom Petty,1/1/1989,256000,83,FALSE,,2022-11-07T17:22:35Z,classic rock,Tom Petty P&D,0.623,0.449,5,-13.333,1,0.0253,0.212,0,0.0613,0.573,84.383,4
spotify:track:0RW1xWSPxmbXf012RN3yWl,This Is Amazing Grace,The Ascension,Phil Wickham,9/24/2013,279786,70,FALSE,,2022-11-07T16:52:11Z,"worship,christian,ccm",Fair Trade/Columbia,0.512,0.814,10,-5.467,1,0.0327,0.00419,0,0.0991,0.277,97.996,4
spotify:track:3KfJzrAEbFqIICUT7Fflfp,Prince Ali (Sultan Reprise),Aladdin Original Broadway Cast Recording,Clifton Davis;Aladdin Original Broadway Cast,1/1/2014,73160,26,FALSE,,2022-11-07T16:41:15Z,musicals,Walt Disney Records,0.579,0.505,5,-5.549,0,0.05,0.405,0,0.0705,0.357,92.87,4
spotify:track:7JJ22vCP45tMhZnAH4Sp1e,Anastasia,Apocalyptic Love,Slash;Myles Kennedy And The Conspirators,1/1/2012,367280,48,FALSE,,2022-11-07T16:41:04Z,hard rock,Dik Hayd Records,0.442,0.939,1,-5.461,1,0.0445,0.000673,0.00149,0.117,0.479,100.561,4
spotify:track:7BKLCZ1jbUBVqRi2FVlTVw,Closer,Closer,The Chainsmokers;Halsey,7/29/2016,244960,91,FALSE,,2022-11-07T16:36:31Z,,Disruptor Records/Columbia,0.748,0.524,8,-5.599,1,0.0338,0.414,0,0.111,0.661,95.01,4
spotify:track:2kPpaeCdijfLu2ldFXzKs5,Funny,Chip Tooth Smile,Rob Thomas,4/26/2019,187880,41,FALSE,,2022-11-06T01:15:38Z,,Atlantic Records,0.341,0.778,7,-4.858,1,0.0475,0.0285,0,0.303,0.664,169.896,4
spotify:track:5eHx8TOZ7UIQLtd6aUWKkK,She's In Love,The Little Mermaid: Original Broadway Cast Recording,B. D'Addario as Flounder;Mersisters - The Little Mermaid Original Broadway Cast,2/26/2008,219640,54,FALSE,,2022-11-06T01:11:27Z,,Walt Disney Records,0.6,0.261,0,-16.888,0,0.0711,0.554,0,0.593,0.782,137.821,4
spotify:track:2LBhwMS0iYId8BWfNIiOuG,Pieces,The Great Unknown,Rob Thomas,8/21/2015,260839,53,FALSE,,2022-11-06T01:11:20Z,,Atlantic Records,0.551,0.289,5,-9.83,1,0.0268,0.92,0.00011,0.124,0.432,108.098,4
spotify:track:4nVBt6MZDDP6tRVdQTgxJg,Story of My Life,Midnight Memories (Deluxe),One Direction,11/25/2013,245490,87,FALSE,,2022-11-05T04:31:52Z,,Syco Music,0.6,0.663,3,-5.802,1,0.0477,0.225,0,0.119,0.286,121.07,4
spotify:track:6jTp0ksYEtZpato5lI55Ef,Ghost of Days Gone By (Live),Live at the Royal Albert Hall Featuring the Parallax Orchestra,Alter Bridge;The Parallax Orchestra,9/7/2018,268025,28,FALSE,,2022-11-04T05:42:51Z,"post-grunge,alternative metal,hard rock",Napalm Records Handels GmbH,0.381,0.965,1,-5.012,1,0.073,0.0000228,0.0944,0.954,0.225,141.062,4
spotify:track:1D1LNBOGWX5aVVMrJVTZgl,Before Tomorrow Comes (Live),Live at the Royal Albert Hall Featuring the Parallax Orchestra,Alter Bridge;The Parallax Orchestra,9/7/2018,246192,31,FALSE,,2022-11-04T05:28:39Z,"post-grunge,alternative metal,hard rock",Napalm Records Handels GmbH,0.235,0.968,3,-4.715,1,0.0759,0.00000786,0.118,0.979,0.273,163.925,4
spotify:track:1scxrRW07AypiT3zfKKMyc,The Writing On The Wall,The Last Hero,Alter Bridge,10/7/2016,267899,28,FALSE,,2022-11-04T05:16:41Z,"post-grunge,alternative metal,hard rock",Alter Bridge,0.457,0.969,6,-4.587,1,0.133,0.00000359,0.00534,0.406,0.391,122.946,4
spotify:track:2hiB8QxWic092OablwpoVC,Better Days,Let Love In,The Goo Goo Dolls,2006,213266,62,FALSE,,2022-11-04T05:03:41Z,,Warner Records,0.486,0.595,7,-5.009,1,0.0302,0.00212,0.000264,0.0953,0.331,113.276,4
spotify:track:0815caqt2Lytro5EIzMufT,You And Me,Lifehouse,Lifehouse,3/22/2005,195493,79,FALSE,,2022-11-04T04:11:21Z,post-grunge,Geffen,0.459,0.427,7,-7.734,1,0.0267,0.114,0,0.168,0.354,139.902,3
spotify:track:3nzL5CIQiCEt6jRt1AlQ9d,Whatever It Takes,Who We Are,Lifehouse,2007,207240,64,FALSE,,2022-11-04T04:11:14Z,post-grunge,Geffen,0.439,0.874,0,-4.165,1,0.0299,0.00571,0,0.176,0.527,150.036,4
spotify:track:3xrn9i8zhNZsTtcoWgQEAd,Since U Been Gone,Breakaway,Kelly Clarkson,1/17/2004,188960,80,FALSE,,2022-11-04T04:11:09Z,christmas,RCA Records Label,0.662,0.741,0,-5.406,1,0.0334,0.00165,0.0303,0.114,0.404,131,4
spotify:track:7mXmxXLAnsvXKt4Q37KoMI,Over You,Daughtry,Daughtry,11/20/2006,204853,63,FALSE,,2022-11-04T04:11:05Z,post-grunge,RCA Records Label,0.423,0.922,3,-2.6,1,0.0411,0.017,0,0.102,0.567,156.046,4
spotify:track:06Zz2l7cVTCTgCNDe1bnEF,Have A Nice Day,Have A Nice Day,Bon Jovi,1/1/2005,229106,67,FALSE,,2022-11-04T04:10:43Z,glam metal,Island Records,0.5,0.899,4,-4.066,1,0.0736,0.0000484,0.000198,0.0794,0.566,130.06,4
spotify:track:1mea3bSkSGXuIRvnydlB5b,Viva La Vida,Viva La Vida or Death and All His Friends,Coldplay,6/6/2008,242373,90,FALSE,,2022-11-04T04:10:37Z,,Parlophone UK,0.486,0.617,5,-7.115,0,0.0287,0.0954,0.00000323,0.109,0.417,138.015,4
spotify:track:4Dm32oO01YpIubCHaAtKkN,My Life Would Suck Without You,All I Ever Wanted,Kelly Clarkson,3/6/2009,211493,70,FALSE,,2022-11-04T04:07:26Z,christmas,RCA Records Label,0.526,0.882,9,-4.006,1,0.0509,0.0014,0,0.144,0.424,144.982,4
spotify:track:1u0l8zWpQeMYStFkc2mLD7,Everywhere,The Spirit Room,Michelle Branch,7/31/2001,214826,74,FALSE,,2022-11-04T03:59:33Z,,Maverick,0.523,0.828,1,-4.696,1,0.0762,0.0136,0.000255,0.165,0.476,96.952,4
spotify:track:3LtwmK1OfN0dGs9jf3qSjn,Her Diamonds,Cradlesong,Rob Thomas,6/22/2009,280000,62,FALSE,,2022-11-04T03:58:56Z,,Emblem / Atlantic,0.555,0.924,7,-4.93,1,0.0604,0.0159,0,0.075,0.865,87.606,4
spotify:track:2gdt70w8DOCWGq1HdkgSUd,Crazy for This Girl,evan and jaron,Evan And Jaron,8/29/2000,202026,51,FALSE,,2022-11-04T03:58:47Z,,Columbia,0.457,0.926,0,-5.461,1,0.038,0.000487,0.0000569,0.0949,0.41,93.964,4
spotify:track:2MLHyLy5z5l5YRp7momlgw,Island In The Sun,Weezer,Weezer,5/15/2001,200306,86,FALSE,,2022-11-04T03:58:42Z,alternative rock,Geffen,0.654,0.81,4,-6.26,0,0.0288,0.00719,0.00251,0.165,0.661,114.622,4
spotify:track:00Mb3DuaIH1kjrwOku9CGU,Sk8er Boi,Let Go,Avril Lavigne,6/4/2002,204000,84,FALSE,,2022-11-04T03:55:44Z,,Arista,0.487,0.9,0,-4.417,1,0.0482,0.0000679,0,0.358,0.484,149.937,4
spotify:track:5xEM5hIgJ1jjgcEBfpkt2F,Complicated,Let Go,Avril Lavigne,6/4/2002,244506,88,FALSE,,2022-11-04T03:51:05Z,,Arista,0.585,0.776,5,-5.898,1,0.0459,0.0572,0.00000774,0.3,0.427,77.987,4
spotify:track:27L8sESb3KR79asDUBu8nW,Stacy's Mom,Welcome Interstate Managers,Fountains Of Wayne,1/1/2003,197986,79,FALSE,,2022-11-04T03:47:53Z,power pop,S-Curve Records,0.774,0.75,11,-4.927,0,0.0412,0.00207,0.0000178,0.0808,0.927,118.015,4
spotify:track:285hMzLhJwHVLe9QT9qilk,Breakeven,The Script,The Script,7/14/2008,261426,85,FALSE,,2022-11-04T03:38:40Z,,Epic/Phonogenic,0.63,0.696,10,-4.501,1,0.0242,0.144,0,0.0835,0.491,94.034,4
spotify:track:7KPTwEENcZ5r4KJ6FHmhLP,Home,It's Not Over....The Hits So Far,Daughtry,2/12/2016,255259,47,FALSE,,2022-11-04T03:38:12Z,post-grunge,RCA Records Label,0.461,0.855,6,-3.235,1,0.0338,0.00416,0.00000714,0.19,0.383,143.918,4
spotify:track:4faFAhOflLzhfJECveRwva,Lonely No More,Something to Be,Rob Thomas,4/5/2005,226640,64,FALSE,,2022-11-04T03:38:08Z,,Melisma/Atlantic Records,0.551,0.896,9,-3.152,0,0.109,0.033,0,0.0899,0.858,171.79,4
spotify:track:48s0QHJgmiNsth3WEO6U4M,Stop And Stare,Dreaming Out Loud,OneRepublic,1/1/2007,223853,67,FALSE,,2022-11-04T03:37:54Z,,Mosley / Interscope,0.492,0.859,4,-4.274,1,0.0332,0.0659,0,0.0756,0.251,92.474,4
spotify:track:5hnyJvgoWiQUYZttV4wXy6,Chasing Cars,Eyes Open,Snow Patrol,1/1/2006,267960,87,FALSE,,2022-11-04T03:32:47Z,,Polydor Records,0.561,0.595,9,-4.53,1,0.0274,0.199,0.0000647,0.132,0.144,104.006,4
spotify:track:0v1XpBHnsbkCn7iJ9Ucr1l,It's My Life,Crush,Bon Jovi,1/1/2000,224493,86,FALSE,,2022-11-04T03:27:29Z,glam metal,Island Records,0.551,0.914,0,-4.063,0,0.0465,0.0263,0.0000135,0.347,0.543,119.994,4
spotify:track:2mobr1UlKjhxDTOVqng3jw,Home,Daughtry (Deluxe Edition),Daughtry,2006,255666,63,FALSE,,2022-11-03T22:20:26Z,post-grunge,RCA Records Label,0.443,0.853,6,-3.885,1,0.0361,0.00217,0.00000177,0.198,0.338,143.986,4
spotify:track:2R5uY1gbIKzGB1yAOH067s,Over You,Daughtry (Deluxe Edition),Daughtry,2006,204853,66,FALSE,,2022-11-03T22:05:51Z,post-grunge,RCA Records Label,0.425,0.922,3,-2.6,1,0.0412,0.0174,0,0.104,0.564,156.045,4
spotify:track:21RRhjnMsrvQpeQ10ptSBZ,September,Leave This Town,Daughtry,7/14/2009,240213,57,FALSE,,2022-11-03T21:07:56Z,post-grunge,RCA Records Label,0.43,0.703,10,-5.52,1,0.0342,0.0465,0,0.0809,0.328,149.873,4
spotify:track:6q4XLE5WeOBWftoc9gTl2P,No Surprise,It's Not Over....The Hits So Far,Daughtry,2/12/2016,270644,54,FALSE,,2022-11-03T21:01:18Z,post-grunge,RCA Records Label,0.508,0.823,3,-3.711,1,0.031,0.00741,0,0.104,0.152,95.98,4
spotify:track:3OIwIe8A0TGe6Cf1KVimvT,Barricade (Acoustic),Barricade (Acoustic),MY RED + BLUE,6/9/2017,224760,21,FALSE,,2022-11-03T20:58:52Z,,MY RED + BLUE,0.672,0.442,4,-8.614,0,0.0261,0.624,0,0.101,0.167,112.006,4
spotify:track:4AU7z13HYmPMetlWbq1mys,Waiting for Superman,Baptized (Deluxe Version),Daughtry,11/15/2013,266960,62,FALSE,,2022-11-03T20:48:49Z,post-grunge,RCA Records Label,0.555,0.682,0,-5.711,1,0.0269,0.0029,0,0.0662,0.383,105.987,4
spotify:track:7BbtvJqWnQRt8gSrWbUVym,Only Us,Dear Evan Hansen (Original Broadway Cast Recording),Laura Dreyfuss;Ben Platt,2/3/2017,227186,57,FALSE,,2022-11-03T20:38:21Z,musicals,Atlantic Records,0.467,0.346,1,-7.029,1,0.0271,0.707,0,0.102,0.243,69.006,4
spotify:track:33LC84JgLvK2KuW43MfaNq,"My Heart Will Go On - Love Theme from ""Titanic""",Let's Talk About Love,Céline Dion,11/14/1997,280000,79,FALSE,,2022-11-03T20:23:14Z,variété française,Columbia,0.428,0.276,4,-11.729,1,0.0312,0.732,0.00000533,0.117,0.0382,99.195,1
spotify:track:63Q9hAFTga7rqYRrAhwIyR,Waving Through A Window,Waving Through A Window (from Dear Evan Hansen [Original Broadway Cast Recording]),Ben Platt;Original Broadway Cast of Dear Evan Hansen,12/2/2016,236809,60,FALSE,,2022-11-03T20:20:15Z,musicals,Atlantic Records,0.552,0.692,9,-5.54,1,0.0593,0.339,0,0.104,0.543,144.666,4
spotify:track:1BxXN8mBcTPhtuFLXD2dwH,One Direction Medley,I (Heart) Boy Bands,Anthem Lights,1/6/2017,157847,0,FALSE,,2022-11-03T20:13:25Z,hymns,Wavy Records,0.43,0.436,2,-5.336,1,0.0299,0.696,0,0.112,0.45,120.18,4
spotify:track:0Qn7h2I9Fajtj7lgvkho8y,One Republic Mash-Up,Covers Part III,Anthem Lights,6/10/2014,157974,12,FALSE,,2022-11-03T20:10:41Z,hymns,YC Records,0.359,0.444,3,-5.963,1,0.0318,0.656,0,0.163,0.29,124.682,4
spotify:track:1SSj8VnmFs7jDDGUddEOoY,Taylor Swift Mash-Up,Anthem Lights Covers Part II,Anthem Lights,10/29/2013,279331,14,FALSE,,2022-11-03T20:04:27Z,hymns,Anthem Lights Music,0.436,0.459,10,-6.547,1,0.0314,0.523,0,0.0968,0.399,120.152,4
spotify:track:5J1iMCE9SnuOqwRwOpVxhp,Best of 2010: Baby / Break Even / Need You Now / Dynamite / Tik Tok / Airplanes,Best of the Year Medleys: 2007 - 2012,Anthem Lights,10/16/2015,155341,0,FALSE,,2022-11-03T19:57:08Z,hymns,YC Records,0.417,0.443,5,-6.261,1,0.0328,0.709,0,0.217,0.47,119.903,4
spotify:track:65B1tEOv5W294uCKbmEcFV,I Hope You Dance,I Hope You Dance,Lee Ann Womack,5/23/2000,294533,69,FALSE,,2022-11-03T19:53:02Z,country,MCA Nashville,0.388,0.443,7,-9.627,0,0.0295,0.0632,0,0.0898,0.276,151.071,4
spotify:track:6iz58z2LC8uHL3H2aiwX6I,Something Beautiful,The Outsiders,NEEDTOBREATHE,8/21/2009,220613,54,FALSE,,2022-11-03T19:41:55Z,"christian,christian alternative rock,christian folk,ccm,christian rock,worship",Atlantic Records,0.527,0.817,1,-5.036,1,0.0353,0.0213,0.0000204,0.16,0.516,95.98,4
spotify:track:62M9yafZsSRzlsphzeJPGo,Brother (feat. Gavin DeGraw),Brother,NEEDTOBREATHE;Gavin DeGraw,2/2/2015,208205,63,FALSE,,2022-11-03T19:37:10Z,"christian,christian alternative rock,christian folk,ccm,christian rock,worship",Atlantic Records,0.526,0.803,11,-3.989,1,0.127,0.135,0,0.119,0.564,157.887,4
spotify:track:3SpEJEJtn8EE0EzGY6xDdD,Lay Me Down,Burning Lights,Chris Tomlin,1/1/2013,285115,51,FALSE,,2022-11-03T19:36:13Z,"christian,worship,ccm,pop worship,country christian",Six Steps (SIX),0.619,0.875,0,-3.421,1,0.0455,0.00268,0.0000061,0.16,0.371,127.94,4
spotify:track:40lKptao1hxVqA7fd1OOGp,Our God,And If Our God Is For Us...,Chris Tomlin,1/1/2010,285160,69,FALSE,,2022-11-03T19:35:52Z,"christian,worship,ccm,pop worship,country christian",Six Steps (SIX),0.508,0.778,11,-3.608,1,0.0295,0.00998,0,0.19,0.221,105.063,4
spotify:track:4G29gmjS7Z2nEFeM7FA6wx,Voice of Truth,Casting Crowns,Casting Crowns,10/7/2003,323866,65,FALSE,,2022-11-03T19:31:50Z,"christian,worship,ccm,christian rock,christian alternative rock,christian pop",Reunion Records,0.511,0.64,5,-7.161,1,0.0276,0.0917,0,0.246,0.224,81.977,4
spotify:track:2md2i5QvelRFnafpnd6LOg,Meant to Live,The Beautiful Letdown (Deluxe Version),Switchfoot,2003,201373,70,FALSE,,2022-11-03T19:31:46Z,"christian rock,christian alternative rock,ccm,christian",Columbia,0.397,0.903,2,-4.577,1,0.0457,0.00575,0.0000016,0.362,0.556,151.551,4
spotify:track:0IpYDPNzFWxcLgZDkkrc5C,If We Are The Body,Casting Crowns,Casting Crowns,10/7/2003,238960,53,FALSE,,2022-11-03T19:31:35Z,"christian,worship,ccm,christian rock,christian alternative rock,christian pop",Reunion Records,0.527,0.789,6,-6.052,0,0.0422,0.23,0,0.216,0.321,132.042,4
spotify:track:08shoW0qPqgMDnNQppWAQj,Thrive,Thrive,Casting Crowns,1/24/2014,306200,58,FALSE,,2022-11-03T19:25:55Z,"christian,worship,ccm,christian rock,christian alternative rock,christian pop",Reunion Records,0.641,0.633,6,-7.295,1,0.0271,0.104,0,0.262,0.279,114.993,4
spotify:track:5I0WoE5iyEpEURocSSvHMH,Reckless Love / Death Was Arrested,Reckless Love / Death Was Arrested,Caleb and Kelsey,6/1/2018,210001,0,FALSE,,2022-11-03T19:22:15Z,"worship,christian,hymns",Rhodes Records/The Fuel Music,0,0.332,10,-4.534,1,0,0.659,0,0.14,0,0,0
spotify:track:6WSFMa721PvfnspCRsGOMh,How He Loves,Church Music,David Crowder Band,1/1/2009,318693,64,FALSE,,2022-11-03T19:14:17Z,"christian,worship,ccm,hymns,christian rock,pop worship",Six Steps (SIX),0.217,0.466,0,-6.156,1,0.0346,0.0167,0.0000258,0.152,0.173,149.398,3
spotify:track:1x3WrdMnerhhGiCixoO0z4,Lions,Unleashed,Skillet,8/5/2016,204600,52,FALSE,,2022-11-03T19:14:07Z,"christian rock,christian alternative rock,christian",Atlantic Records,0.507,0.766,9,-6.038,1,0.0284,0.000466,0.00000137,0.129,0.326,96.009,4
spotify:track:2hQxLiI93xdjqENJuKeXjO,In Christ Alone,In Christ Alone,Keith & Kristyn Getty,1/1/2006,279160,57,FALSE,,2022-11-03T19:08:06Z,"hymns,worship,christian,ccm",Getty Music (GTM),0.508,0.544,7,-7.962,1,0.0286,0.333,0,0.257,0.407,138.114,3
spotify:track:6aRwLqDf1bN3lI2gMd6wXp,In Christ Alone - Live,Passion: Let The Future Begin,Passion;Kristian Stanfill,1/1/2013,339493,63,FALSE,,2022-11-03T19:07:29Z,"worship,christian,ccm,pop worship",Six Steps (SIX),0.378,0.596,5,-5.406,1,0.0323,0.0182,0.0000114,0.144,0.172,135.968,3
spotify:track:33bu3QGZTErSYC6daS4i4F,In Christ Alone,Hymns,Anthem Lights,4/7/2017,209824,0,FALSE,,2022-11-03T19:06:49Z,hymns,Wavy Records,0.389,0.333,9,-6.532,1,0.0302,0.831,0,0.11,0.322,139.092,3
spotify:track:1dKDRs99KkNbtC9AHM7TLm,Best of 2012: Payphone / Call Me Maybe / Wide Awake / Starships / We Are Young,Best of the Year Medleys: 2007 - 2012,Anthem Lights,10/16/2015,209134,0,FALSE,,2022-11-03T19:06:15Z,hymns,YC Records,0.375,0.418,11,-5.999,1,0.036,0.688,0,0.371,0.287,136.319,5
spotify:track:65bcYKY0QzlXILxVuWspdT,Best of 2011: Just the Way You Are / For the First Time / Someone Like You / Superbass / Grenade / Without You,Best of the Year Medleys: 2007 - 2012,Anthem Lights,10/16/2015,183813,0,FALSE,,2022-11-03T18:58:40Z,hymns,YC Records,0.418,0.343,4,-7.492,1,0.0339,0.741,0,0.113,0.327,121.805,4
spotify:track:2SeDMCh42CfY97ZUV3jH27,The Greatest Showman Medley: The Greatest Show / A Million Dreams / Never Enough / Rewrite the Stars / This Is Me,"We Got You Covered, Vol. 3",Anthem Lights,8/31/2018,246020,0,FALSE,,2022-11-03T18:53:01Z,hymns,Wavy Records/The Fuel Music,0.319,0.408,10,-7.092,1,0.0307,0.733,0,0.0918,0.38,131.605,4
spotify:track:6dT6xTkvNqgldrHBS9Z0Uf,While The Candle Still Burns,Through Yourself & Back Again,Thriving Ivory,9/14/2010,195466,37,FALSE,,2022-11-03T18:36:20Z,,The Bicycle Music Company,0.364,0.81,11,-3.711,1,0.0485,0.000123,0,0.135,0.479,137.87,3
spotify:track:6T1zHElTuU8UgfDwomdetB,Someone To You - Acoustic,Someone To You,BANNERS,5/14/2020,214906,54,FALSE,,2022-11-03T18:28:46Z,,Island Records,0.602,0.694,2,-5.874,1,0.0331,0.733,0,0.191,0.599,150.008,4
spotify:track:3d8y0t70g7hw2FOWl9Z4Fm,Ophelia,Cleopatra,The Lumineers,4/8/2016,160097,5,FALSE,,2022-11-03T18:28:18Z,"folk pop,indie folk",Dualtone Music Group,0.664,0.573,5,-6.519,1,0.0277,0.613,0.000363,0.0857,0.566,76.02,4
spotify:track:4euXJuErBCqH2LEApfxI6i,broken - acoustic,broken (acoustic),lovelytheband,11/16/2018,202926,49,FALSE,,2022-11-03T18:18:09Z,,RED MUSIC,0.685,0.341,2,-10.434,1,0.0354,0.798,0,0.0951,0.42,123.015,4
spotify:track:6XcfKZvJio9Z0fQy11GnNX,broken,finding it hard to smile,lovelytheband,8/3/2018,204878,70,FALSE,,2022-11-03T18:17:59Z,,RED MUSIC,0.666,0.728,7,-5.808,1,0.0419,0.00175,0.00000426,0.0429,0.51,122.996,4
spotify:track:2BepFzUWfczDk68DXj10w3,One Thing,Finger Eleven,Finger Eleven,1/1/2003,279573,67,FALSE,,2022-11-03T18:11:39Z,,The Bicycle Music Company,0.588,0.555,1,-9.401,1,0.0334,0.447,0,0.0806,0.445,151.991,4
spotify:track:1sjrDQXqAa9V07FjKIlAQ4,Hemorrhage (In My Hands),Something Like Human,Fuel,9/19/2000,236866,75,FALSE,,2022-11-03T18:11:04Z,post-grunge,Epic,0.301,0.823,1,-4.072,1,0.0433,0.000144,0.000309,0.0833,0.372,152.017,4
spotify:track:6qdpQ6jPiaCYE9Qw4nZVuD,By Your Side,Over And Underneath,Tenth Avenue North,2008,241826,56,FALSE,,2022-11-03T18:05:57Z,"christian,ccm,worship,christian rock,christian pop,christian alternative rock",Reunion Records,0.454,0.7,7,-6.222,1,0.0264,0.0649,0.0000011,0.115,0.0704,130.09,4
spotify:track:1MzlQlMCHU4zSyHjVGbMln,Chances,Slice,Five For Fighting,6/15/2010,215200,57,FALSE,,2022-11-03T18:05:27Z,,Wind-up Records,0.401,0.802,10,-5.646,1,0.0291,0.0236,0,0.224,0.326,163.987,4
spotify:track:1YkozbENeETx2a45JWrr8E,Audience Of One,Appeal To Reason,Rise Against,1/1/2008,245480,60,FALSE,,2022-11-03T18:05:22Z,"punk,hardcore punk",Geffen,0.393,0.93,1,-3.845,1,0.0431,0.000251,0.0000201,0.253,0.611,161.839,4
spotify:track:1NQ4npvn1gqrAZ1rbXfKYE,Bleed Out,Sway,Blue October,8/20/2013,234853,47,FALSE,,2022-11-03T18:00:26Z,,Up Down Records,0.437,0.803,3,-6.495,1,0.0579,0.0484,0.0000178,0.0648,0.203,142.052,4
spotify:track:40Fp6pxcS9l08kL1R50mR4,First Time,Who We Are,Lifehouse,2007,203640,59,FALSE,,2022-11-03T17:54:45Z,post-grunge,Geffen,0.442,0.952,3,-2.214,1,0.0541,0.0000241,0,0.205,0.505,130.682,4
spotify:track:0wVluBsVAVzBKrqspuCcwR,"Check Yes, Juliet",We The Kings,We The Kings,10/7/2007,220146,6,FALSE,,2022-11-03T04:58:59Z,pop punk,S-Curve Records,0.352,0.912,7,-4.253,1,0.0725,0.00197,0,0.193,0.351,166.795,4
spotify:track:1uqGSvSc207Zlgi4sGr9RQ,Time Stand Still,Hold Your Fire,Rush;Aimee Mann,1/1/1987,308866,58,FALSE,,2022-11-03T04:43:14Z,"progressive rock,classic rock,hard rock,rock,aor",Island Mercury,0.529,0.937,4,-7.832,1,0.046,0.043,0.0302,0.333,0.611,138.292,4
spotify:track:2XwYeBzumtjxVbFWwhJpsy,Freewill,Permanent Waves,Rush,1/1/1980,321800,59,FALSE,,2022-11-03T04:42:59Z,"progressive rock,classic rock,hard rock,rock,aor",Island Mercury,0.485,0.935,2,-7.005,1,0.0696,0.0113,0.0000389,0.331,0.68,155.61,4
spotify:track:1gkn90ExKRNAOlhDs4RoW0,Working Man,Rush,Rush,1/1/1974,429973,64,FALSE,,2022-11-03T04:42:41Z,"progressive rock,classic rock,hard rock,rock,aor",Island Mercury,0.202,0.835,9,-11.04,1,0.0599,0.00383,0.0388,0.126,0.661,156.883,4
spotify:track:54TaGh2JKs1pO9daXNXI5q,Fly By Night,Fly By Night,Rush,2/15/1975,202200,63,FALSE,,2022-11-03T04:42:37Z,"progressive rock,classic rock,hard rock,rock,aor",Mercury Records,0.501,0.702,7,-8.543,1,0.0671,0.0872,0.000994,0.0671,0.58,139.095,4
spotify:track:0K6yUnIKNsFtfIpTgGtcHm,Limelight,Moving Pictures (2011 Remaster),Rush,2/12/1981,259839,69,FALSE,,2022-11-03T04:28:14Z,"progressive rock,classic rock,hard rock,rock,aor",Mercury Records,0.581,0.854,1,-8.485,0,0.0428,0.00197,0.0013,0.111,0.788,131.18,4
spotify:track:2ov8L95QD25TLpZAZPYWXL,Mr. Crowley,Blizzard Of Ozz (40th Anniversary Expanded Edition),Ozzy Osbourne,9/18/2020,302647,72,FALSE,,2022-11-03T04:15:11Z,"metal,glam metal,heavy metal,hard rock",Epic/Legacy,0.307,0.748,2,-6.514,0,0.0568,0.212,0.000153,0.368,0.347,108.227,4
spotify:track:3QZ7uX97s82HFYSmQUAN1D,Tom Sawyer,Moving Pictures (2011 Remaster),Rush,2/12/1981,276880,75,FALSE,,2022-11-03T04:06:02Z,"progressive rock,classic rock,hard rock,rock,aor",Mercury Records,0.536,0.901,9,-7.211,1,0.0374,0.00145,0.0186,0.06,0.666,87.559,4
spotify:track:5e3YOg6fIkP0wD5TyxcHOH,Cult of Personality,Vivid (Expanded Edition),Living Colour,1988,294826,5,FALSE,,2022-11-03T04:03:34Z,"funk rock,hard rock",Epic/Legacy,0.504,0.918,0,-3.463,1,0.0517,0.00164,0.0000212,0.78,0.539,92.031,4
spotify:track:7ACxUo21jtTHzy7ZEV56vU,Crazy Train,Blizzard Of Ozz (40th Anniversary Expanded Edition),Ozzy Osbourne,9/18/2020,293183,84,FALSE,,2022-11-03T04:03:30Z,"metal,glam metal,heavy metal,hard rock",Epic/Legacy,0.454,0.913,9,-4.008,1,0.107,0.408,0.000271,0.248,0.521,137.688,4
spotify:track:3MrRksHupTVEQ7YbA0FsZK,The Final Countdown,The Final Countdown (Expanded Edition),Europe,1986,310333,81,FALSE,,2022-11-03T03:51:53Z,glam metal,Portrait/Epic/Legacy,0.529,0.843,6,-6.908,0,0.0616,0.0628,0.000827,0.0608,0.188,117.662,4
spotify:track:5OQsiBsky2k2kDKy2bX2eT,Learn to Fly,There Is Nothing Left To Lose,Foo Fighters,11/2/1999,235293,80,FALSE,,2022-11-03T03:51:45Z,"post-grunge,rock,alternative rock,grunge",RCA Records Label,0.465,0.919,4,-4.025,1,0.0408,0.0000183,0.0000207,0.262,0.537,135.997,4
spotify:track:5FZxsHWIvUsmSK1IAvm2pp,Best of You,In Your Honor,Foo Fighters,6/14/2005,255261,80,FALSE,,2022-11-03T03:45:49Z,"post-grunge,rock,alternative rock,grunge",RCA Records Label,0.366,0.94,1,-5.119,0,0.0696,0.000769,0.0000942,0.188,0.369,130.198,4
spotify:track:2LawezPeJhN4AWuSB0GtAU,Have You Ever Seen The Rain,Pendulum (Expanded Edition),Creedence Clearwater Revival,12/7/1970,160133,91,FALSE,,2022-11-03T03:36:30Z,"classic rock,southern rock,country rock",Craft Recordings,0.741,0.697,0,-7.028,1,0.0277,0.0664,0.0000228,0.133,0.774,116.109,4
spotify:track:4EchqUKQ3qAQuRNKmeIpnf,The Kids Aren't Alright,Americana,The Offspring,11/16/1998,180160,86,FALSE,,2022-11-03T03:16:11Z,"punk,skate punk",Concord Records,0.523,0.943,1,-4.203,1,0.0337,0.00704,0.0000381,0.0579,0.766,99.607,4
spotify:track:1L94M3KIu7QluZe63g64rv,Alive,Ten,Pearl Jam,8/27/1991,340974,80,FALSE,,2022-11-03T03:16:09Z,"grunge,rock,post-grunge",Epic/Legacy,0.284,0.875,11,-6.069,0,0.0422,0.00752,0.000461,0.402,0.595,75.009,4
spotify:track:4JiEyzf0Md7KEFFGWDDdCr,Knockin' On Heaven's Door,Use Your Illusion II,Guns N' Roses,9/18/1991,336000,85,FALSE,,2022-11-03T03:15:07Z,"rock,glam metal,hard rock,classic rock",Guns N Roses P&D,0.496,0.739,6,-7.193,1,0.0416,0.0209,0.00451,0.106,0.377,132.411,4
spotify:track:3YRCqOhFifThpSRFJ1VWFM,November Rain,Use Your Illusion I,Guns N' Roses,9/17/1991,536066,87,FALSE,,2022-11-03T03:05:44Z,"rock,glam metal,hard rock,classic rock",Guns N Roses P&D,0.294,0.64,11,-9.316,1,0.0291,0.016,0.22,0.112,0.226,79.79,4
spotify:track:65fpYBrI8o2cfrwf2US4gq,Rewrite The Stars,The Greatest Showman (Original Motion Picture Soundtrack),Zac Efron;Zendaya,12/8/2017,217440,76,FALSE,,2022-11-03T00:24:24Z,musicals,Atlantic Records,0.684,0.619,10,-7.005,1,0.0386,0.0716,0,0.122,0.284,125.046,4
spotify:track:0a7BloCiNzLDD9qSQHh5m7,"Dance, Dance",From Under The Cork Tree,Fall Out Boy,5/3/2005,180266,81,FALSE,,2022-11-03T00:24:05Z,"emo,pop punk",Island Records,0.621,0.961,11,-3.198,0,0.154,0.00523,0,0.0854,0.449,114.451,4
spotify:track:6OtCIsQZ64Vs1EbzztvAv4,Good Life,Waking Up,OneRepublic,1/1/2009,253306,49,TRUE,,2022-11-03T00:23:30Z,,Mosley / Interscope,0.634,0.69,6,-7.804,1,0.052,0.0771,0,0.132,0.645,94.988,4
spotify:track:56sxN1yKg1dgOZXBcAHkJG,"Gone, Gone, Gone",The World From The Side Of The Moon,Phillip Phillips,1/1/2012,209693,81,FALSE,,2022-11-03T00:23:11Z,folk pop,19 Recordings/Interscope,0.664,0.642,6,-5.961,1,0.038,0.129,0,0.114,0.501,118.006,4
spotify:track:4RCWB3V8V0dignt99LZ8vH,Hey There Delilah,All That We Needed,Plain White T's,1/25/2005,232533,89,FALSE,,2022-11-03T00:22:56Z,,Fearless Records,0.658,0.291,2,-10.572,1,0.0292,0.872,0,0.114,0.295,103.962,4
spotify:track:5jiYx70OBzEI99jx1Gn3FN,Sober Up (feat. Rivers Cuomo),The Click,AJR;Rivers Cuomo,6/9/2017,218763,1,FALSE,,2022-11-03T00:22:16Z,,S-Curve Records,0.648,0.62,5,-4.938,1,0.0276,0.284,0,0.0833,0.772,93.011,4
spotify:track:0iQ77tSa7ncj7zBPtVx6cU,One Foot,What If Nothing,WALK THE MOON,11/10/2017,261371,60,FALSE,,2022-11-03T00:21:59Z,,RCA Records Label,0.582,0.822,0,-4.861,1,0.0365,0.00749,0.00000209,0.818,0.471,100.025,4
spotify:track:0c3yfC8zMRJGvmqphczhZb,Nothing,Science & Faith (US Version),The Script,1/18/2011,272213,58,FALSE,,2022-11-02T22:17:34Z,,Phonogenic,0.473,0.833,2,-5.013,1,0.039,0.00369,0,0.118,0.503,157.012,4
spotify:track:1FMHNVeJ9s1x1l1WlaRs2I,It Ends Tonight,Move Along,The All-American Rejects,7/12/2005,244826,5,FALSE,,2022-11-02T22:17:03Z,"pop punk,emo",Interscope,0.454,0.636,0,-4.731,1,0.0273,0.00228,0,0.154,0.313,87.89,4
spotify:track:7p7rK9Iuef2LZzZt7hkP6S,Our Song,North (Deluxe Edition),Matchbox Twenty,8/28/2012,180946,49,FALSE,,2022-11-02T22:10:49Z,post-grunge,Emblem/Atlantic,0.571,0.963,7,-3.54,1,0.0843,0.0195,0,0.104,0.911,160.033,4
spotify:track:3d3rJ0qtOU5aNX324mNWfo,Break Your Little Heart,Nothing Personal (Deluxe Version),All Time Low,7/7/2009,171706,63,FALSE,,2022-11-02T22:10:29Z,"pop punk,emo,punk",Hopeless Records,0.417,0.951,1,-3.006,1,0.0499,0.00295,0,0.335,0.643,147.944,4
spotify:track:6PwjJ58I4t7Mae9xfZ9l9v,Somebody Told Me,Hot Fuss,The Killers,2004,197200,87,FALSE,,2022-11-02T22:00:10Z,alternative rock,Island Records,0.497,0.97,10,-4.851,0,0.0836,0.0000904,0.000674,0.101,0.689,138.081,4
spotify:track:7a86XRg84qjasly9f6bPSD,We Are Young (feat. Janelle Monáe),Some Nights,fun.;Janelle Monáe,2/14/2012,250626,80,FALSE,,2022-11-02T22:00:05Z,alternative r&b,Fueled By Ramen,0.378,0.638,10,-5.576,1,0.075,0.02,0.0000766,0.0849,0.735,184.086,4
spotify:track:4kbj5MwxO1bq9wjT5g9HaA,Shut Up and Dance,TALKING IS HARD,WALK THE MOON,12/2/2014,199080,89,FALSE,,2022-11-02T09:03:17Z,,RCA Records Label,0.578,0.866,1,-3.804,1,0.0619,0.00701,0,0.257,0.619,128.038,4
spotify:track:423o3ZHIaBtGXyhF1uH41a,Walk of Life,Brothers in Arms,Dire Straits,5/13/1985,252466,72,FALSE,,2022-11-02T09:02:42Z,classic rock,Warner Records,0.461,0.936,4,-6.866,1,0.109,0.435,0.0000913,0.124,0.804,172.404,4
spotify:track:2fOxxLz9JVe53itq6pfBak,It's My Life,The Singles Collection,No Doubt,1/1/2003,225866,67,FALSE,,2022-11-02T08:58:41Z,,Interscope,0.606,0.75,8,-4.535,0,0.0306,0.00264,0.000788,0.321,0.771,126.316,4
spotify:track:6RUKPb4LETWmmr3iAEQktW,Something Just Like This,Memories...Do Not Open,The Chainsmokers;Coldplay,4/7/2017,247160,90,FALSE,,2022-11-02T08:48:21Z,,Disruptor Records/Columbia,0.617,0.635,11,-6.769,0,0.0317,0.0498,0.0000144,0.164,0.446,103.019,4
spotify:track:7o9uu2GDtVDr9nsR7ZRN73,Time After Time,She's So Unusual,Cyndi Lauper,10/14/1983,245529,84,FALSE,,2022-11-02T08:48:18Z,,Portrait,0.726,0.449,0,-9.206,1,0.0286,0.487,0.00000134,0.0824,0.294,130.388,4
spotify:track:5Hroj5K7vLpIG4FNCRIjbP,Best Day Of My Life,"Oh, What A Life",American Authors,1/1/2014,194240,84,FALSE,,2022-11-02T08:48:11Z,,Island Records,0.673,0.902,2,-2.392,1,0.0346,0.0591,0.000227,0.0558,0.536,100.012,4
spotify:track:5tdKaKLnC4SgtDZ6RlWeal,How Will I Know,Whitney Houston,Whitney Houston,2/14/1985,269696,78,FALSE,,2022-11-02T08:47:53Z,,Arista,0.832,0.544,6,-12.697,1,0.0442,0.201,0.000139,0.632,0.928,119.49,4
spotify:track:13P5rwmk2EsoFRIz9UCeh9,Cool Kids,Talking Dreams (Deluxe Edition),Echosmith,10/4/2013,237626,74,FALSE,,2022-11-02T08:47:50Z,,Warner Records,0.719,0.671,8,-6.279,1,0.0336,0.0372,0.00000821,0.12,0.786,130.027,4
spotify:track:5QpaGzWp0hwB5faV8dkbAz,Wherever You Will Go,Camino Palmero,The Calling,2001,208600,83,FALSE,,2022-11-02T08:41:47Z,pop rock,RCA Records Label,0.558,0.719,2,-5.113,1,0.0267,0.0367,0,0.115,0.371,112.027,4
spotify:track:1KxwZYyzWNyZSRyErj2ojT,Let Her Go,All The Little Lights,Passenger,8/28/2012,252733,77,FALSE,,2022-11-02T08:32:38Z,folk pop,Nettwerk Music Group,0.479,0.545,7,-7.346,1,0.0688,0.365,0,0.0963,0.243,74.897,4
spotify:track:4IoYz8XqqdowINzfRrFnhi,You Found Me,The Fray,The Fray,2/2/2009,241853,81,FALSE,,2022-11-02T08:32:24Z,,Epic,0.338,0.803,8,-5.412,0,0.0413,0.0187,0,0.136,0.4,151.994,4
spotify:track:3ERa3mEeOnrh2Mc47qM6T1,Halo,I AM...SASHA FIERCE,Beyoncé,11/14/2008,261640,71,FALSE,,2022-11-02T08:26:36Z,,Music World Music/Columbia,0.508,0.72,11,-5.908,0,0.0628,0.272,0,0.0563,0.472,79.983,4
spotify:track:3yfqSUWxFvZELEM4PmlwIR,The Real Slim Shady,The Marshall Mathers LP,Eminem,5/23/2000,284200,87,TRUE,,2022-11-02T08:23:42Z,"rap,hip hop",Eminem Catalog PS,0.949,0.661,5,-4.244,0,0.0572,0.0302,0,0.0454,0.76,104.504,4
spotify:track:2VxeLyX666F8uXCJ0dZF8B,Shallow,A Star Is Born Soundtrack,Lady Gaga;Bradley Cooper,10/5/2018,215733,86,FALSE,,2022-11-02T08:21:13Z,"art pop,pop",A Star is Born OST,0.577,0.385,7,-6.362,1,0.03,0.371,0,0.231,0.331,95.82,4
spotify:track:73CMRj62VK8nUS4ezD2wvi,Set Fire to the Rain,21,Adele,1/24/2011,242973,82,FALSE,,2022-11-02T08:11:17Z,soft pop,XL Recordings,0.603,0.67,2,-3.882,0,0.0249,0.00408,0.00000168,0.112,0.446,107.993,4
spotify:track:1oew3nFNY3vMacJAsvry0S,Me And My Broken Heart,Let The Road,Rixton,1/1/2014,193733,79,FALSE,,2022-11-02T07:59:19Z,,Silent Records/Giant Little Man,0.545,0.783,5,-4.261,0,0.0345,0.00489,0,0.132,0.551,174.084,4
spotify:track:7soJgKhQTO8hLP2JPRkL5O,One Call Away,Nine Track Mind,Charlie Puth,1/29/2016,194453,60,FALSE,,2022-11-02T07:55:06Z,soft pop,Artist Partner,0.667,0.613,1,-5.353,1,0.0344,0.403,0,0.115,0.47,91.024,4
spotify:track:37sINbJZcFdHFAsVNsPq1i,Superheroes,No Sound Without Silence,The Script,9/15/2014,245466,78,FALSE,,2022-11-02T07:31:22Z,,Columbia,0.49,0.885,3,-4.121,1,0.0396,0.00218,0,0.0741,0.64,166.996,4
spotify:track:0mUyMawtxj1CJ76kn9gIZK,Bad Day,Daniel Powter,Daniel Powter,2/22/2005,233640,79,FALSE,,2022-11-02T07:26:10Z,,Warner Records,0.599,0.785,3,-4.013,1,0.0309,0.448,0.00336,0.151,0.52,140.046,4
spotify:track:7Ie9W94M7OjPoZVV216Xus,Not Afraid,Recovery,Eminem,6/18/2010,248133,82,TRUE,,2022-11-02T07:26:07Z,"rap,hip hop",Eminem Catalog PS,0.855,0.954,0,-1.19,0,0.264,0.529,0,0.205,0.668,114.635,5
spotify:track:0qOnSQQF0yzuPWsXrQ9paz,Stereo Hearts (feat. Adam Levine),The Papercut Chronicles II,Gym Class Heroes;Adam Levine,11/11/2011,210960,88,FALSE,,2022-11-02T07:26:04Z,,Decaydance/Fueled By Ramen,0.646,0.795,9,-3.293,1,0.0976,0.0319,0,0.267,0.796,89.99,4
spotify:track:1NhPKVLsHhFUHIOZ32QnS2,Secrets,Waking Up,OneRepublic,1/1/2009,224693,51,FALSE,,2022-11-02T07:26:02Z,,Mosley / Interscope,0.516,0.764,2,-6.223,1,0.0366,0.0717,0,0.115,0.376,148.021,4
spotify:track:2yPoXCs7BSIUrucMdK5PzV,Umbrella,Good Girl Gone Bad,Rihanna;JAŸ-Z,1/1/2007,275986,80,FALSE,,2022-11-02T07:25:57Z,"hip hop,east coast hip hop,rap",Def Jam Recordings,0.585,0.828,1,-4.603,1,0.124,0.00906,0,0.0426,0.584,174.034,4
spotify:track:6Iocm6VMu6bVNYwiDoyQFW,Coming Home,Last Train To Paris,Diddy - Dirty Money;Skylar Grey,1/1/2010,238693,71,FALSE,,2022-11-02T07:17:15Z,,Bad Boy / Interscope,0.392,0.839,7,-1.921,1,0.193,0.158,0,0.3,0.232,168.001,4
spotify:track:5Z01UMMf7V1o0MzF86s6WJ,Lose Yourself,Curtain Call: The Hits (Deluxe Edition),Eminem,12/6/2005,326466,82,TRUE,,2022-11-02T07:17:09Z,"rap,hip hop",Eminem Catalog PS,0.692,0.744,2,-4.565,1,0.257,0.00868,0.000423,0.359,0.0612,171.374,4
spotify:track:6sy3LkhNFjJWlaeSMNwQ62,Counting Stars,Native,OneRepublic,1/1/2014,257840,75,FALSE,,2022-11-02T07:12:40Z,,Mosley / Interscope,0.663,0.706,1,-4.972,0,0.0383,0.0654,0,0.115,0.474,122.013,4
spotify:track:1zwMYTA5nlNjZxYrvBB2pV,Someone Like You,21,Adele,1/24/2011,285240,81,FALSE,,2022-11-02T07:12:30Z,soft pop,XL Recordings,0.556,0.319,9,-8.251,1,0.0281,0.893,0,0.0996,0.294,135.187,4
spotify:track:09ZcYBGFX16X8GMDrvqQwt,For the First Time,Science & Faith (US Version),The Script,1/18/2011,252853,67,TRUE,,2022-11-02T07:12:18Z,,Phonogenic,0.396,0.629,9,-4.78,1,0.0287,0.0328,0,0.183,0.358,173.794,4
spotify:track:37f4ITSlgPX81ad2EvmVQr,Fight Song,Wildfire,Rachel Platten,1/1/2016,204013,76,FALSE,,2022-11-02T07:11:59Z,,Columbia,0.564,0.714,7,-4.987,1,0.129,0.0549,0,0.155,0.33,175.924,4
spotify:track:3LlAyCYU26dvFZBDUIMb7a,Demons,Night Visions,Imagine Dragons,9/4/2012,175200,77,FALSE,,2022-11-02T07:11:48Z,,Kid Ina Korner / Interscope,0.5,0.71,3,-3.015,1,0.0339,0.19,0.00025,0.329,0.419,89.929,4
spotify:track:4llK75pXNWZz6KAho2Gp16,She Will Be Loved - Radio Mix,Songs About Jane: 10th Anniversary Edition,Maroon 5,2002,259453,88,FALSE,,2022-11-02T07:11:40Z,pop,Interscope Records*,0.651,0.663,0,-5.569,0,0.0281,0.228,0,0.0994,0.465,102,4
spotify:track:2nLtzopw4rPReszdYBJU6h,Numb,Meteora,Linkin Park,3/25/2003,187520,92,FALSE,,2022-11-02T07:01:09Z,"nu metal,rap metal,rock,alternative metal",Warner Records,0.488,0.87,6,-4.185,0,0.0421,0.00353,0,0.484,0.211,110.072,4
spotify:track:0COqiPhxzoWICwFCS4eZcp,Bring Me To Life,Fallen,Evanescence,3/4/2003,235893,92,FALSE,,2022-11-02T07:01:07Z,alternative metal,The Bicycle Music Company,0.331,0.943,4,-3.188,0,0.0698,0.00721,0.00000206,0.242,0.296,94.612,4
spotify:track:1NrJYpdAi7uosDRPmSYrsG,Apologize,Dreaming Out Loud,OneRepublic,1/1/2007,208106,73,FALSE,,2022-11-02T07:01:05Z,,Mosley / Interscope,0.593,0.74,8,-6.12,1,0.0339,0.363,0.0000222,0.102,0.502,118.008,4
spotify:track:15JINEqzVMv3SvJTAXAKED,Love The Way You Lie,Recovery,Eminem;Rihanna,6/18/2010,263373,90,TRUE,,2022-11-02T06:59:13Z,"rap,hip hop",Eminem Catalog PS,0.749,0.925,10,-5.034,1,0.227,0.241,0,0.52,0.641,86.989,4
spotify:track:7zrpoAJte9o12TzawqgdD0,Con Te Partirò,Bocelli (Remastered),Andrea Bocelli,1/1/1995,250983,72,FALSE,,2022-11-02T06:59:12Z,"classical crossover,opera",Sugar s.r.l. under exclusive licence to Universal International Music B.V.,0.241,0.367,7,-7.95,1,0.0311,0.844,0.00279,0.0873,0.302,135.267,5
spotify:track:1Dr1fXbc2IxaK1Mu8P8Khz,When I Come Around,Dookie,Green Day,2/1/1994,178000,82,FALSE,,2022-11-02T06:59:09Z,"punk,pop punk",Reprise,0.531,0.909,11,-4.236,1,0.034,0.0175,0,0.231,0.814,97.546,4
spotify:track:6TpxJdy7I9UmixX4nb81SG,4 Chords,Animal Vehicle,The Axis of Awesome,7/2/2011,348533,0,FALSE,,2022-11-02T06:54:40Z,comedy,Salient Media,0.479,0.433,2,-5.694,1,0.0333,0.8,0,0.14,0.317,120.441,4
spotify:track:1fBl642IhJOE5U319Gy2Go,Animal,Habits,Neon Trees,1/1/2010,212293,77,FALSE,,2022-11-02T06:39:42Z,,Mercury Records,0.482,0.833,5,-5.611,1,0.0449,0.000346,0,0.365,0.74,148.039,4
spotify:track:2G0ioyDyvIT1hu71VePzOL,Don't Forget Me (When I'm Gone),The Thin Red Line (Deluxe),Glass Tiger,6/15/2012,248200,51,FALSE,,2022-11-02T06:33:34Z,,EMI Music Canada,0.588,0.831,9,-4.463,1,0.0295,0.101,0.00288,0.175,0.706,109.756,4
spotify:track:3Zwu2K0Qa5sT6teCCHPShP,Thnks fr th Mmrs,Infinity On High,Fall Out Boy,1/1/2007,203506,83,FALSE,,2022-11-02T06:25:45Z,"emo,pop punk",Island Records,0.46,0.892,10,-5.046,0,0.0619,0.0051,0,0.106,0.59,154.844,4
spotify:track:2Guz1b911CbpG8L92cnglI,Your Guardian Angel,Don't You Fake It,The Red Jumpsuit Apparatus,1/1/2006,229234,70,FALSE,,2022-11-02T06:15:06Z,"pop punk,emo",Virgin Records,0.29,0.48,5,-6.583,1,0.0296,0.116,0.00000303,0.626,0.382,112.62,4
spotify:track:5lDriBxJd22IhOH9zTcFrV,Dirty Little Secret,Move Along,The All-American Rejects,7/12/2005,193653,15,FALSE,,2022-11-02T06:05:46Z,"pop punk,emo",Interscope,0.465,0.954,10,-4.251,1,0.044,0.000346,0.00000538,0.573,0.458,143.85,4
spotify:track:7BXltyNuwOX7tvOWbVWofa,Jumper - 2006 Remaster,A Collection,Third Eye Blind,7/18/2006,273466,48,FALSE,,2022-11-02T03:58:51Z,,Rhino/Elektra,0.622,0.59,0,-7.517,1,0.0363,0.00606,0.000702,0.286,0.526,91.089,4
spotify:track:0BxKZikii9efSIodiQALJ5,Seize The Day,Newsies (Original Broadway Cast Recording),Ben Fankhauser;Jeremy Jordan;Newsies Original Broadway Cast,4/10/2012,322940,55,FALSE,,2022-11-02T03:58:19Z,musicals,Walt Disney Records,0.473,0.386,3,-9.494,1,0.0534,0.572,0,0.0724,0.298,119.796,4
spotify:track:1zNkDuAsIpMf9vAMxeZ8Ih,Even If,Lifer,MercyMe,2/17/2017,255160,70,FALSE,,2022-11-02T03:49:06Z,"christian,ccm,worship,christian rock,christian alternative rock,christian pop",Fair Trade/Columbia,0.334,0.567,5,-5.736,1,0.0414,0.368,0.0000278,0.0953,0.12,110.545,4
spotify:track:3s0h3pyKFrS3XX6ZLBPx6s,Oh My Soul,The Very Next Thing,Casting Crowns,9/30/2016,256186,66,FALSE,,2022-11-02T03:34:26Z,"christian,worship,ccm,christian rock,christian alternative rock,christian pop",Reunion Records,0.331,0.427,3,-7.431,1,0.0304,0.498,0,0.108,0.141,157.953,3
spotify:track:2W1EsT0BlEnFaPe44Q71N5,No Longer Slaves - Radio Version,No Longer Slaves (Radio Version),Bethel Music;Jonathan David Helser;Melissa Helser,8/21/2015,249213,0,FALSE,,2022-11-02T03:34:13Z,"worship,christian,pop worship,ccm",Bethel Music,0.417,0.655,10,-5.798,1,0.0347,0.0459,0,0.11,0.321,147.972,4
spotify:track:4qGwoTBvRhJ7YGeoQGytJV,I Lift My Hands,And If Our God Is For Us...,Chris Tomlin,1/1/2010,278013,53,FALSE,,2022-11-02T03:30:15Z,"christian,worship,ccm,pop worship,country christian",Six Steps (SIX),0.415,0.542,11,-5.589,1,0.0263,0.157,0.0000704,0.12,0.159,83.914,4
spotify:track:3exoPpEA6dsPy7EL9ogyvZ,Amazing Grace (My Chains Are Gone) - Live,Passion: The Essential Collection (Live),Passion;Chris Tomlin,11/10/2014,441680,36,FALSE,,2022-11-02T03:04:52Z,"worship,christian,ccm,pop worship,country christian",SixSteps (SIX),0.255,0.148,5,-13.001,1,0.0361,0.626,0.00000289,0.989,0.0809,117.479,4
spotify:track:2YgtXx9OVBOzja9Fckb4FY,Great Are You Lord,Great Are You Lord EP,one sonic society,8/11/2016,232379,59,FALSE,,2022-11-02T01:40:11Z,"worship,christian,ccm",Essential Worship,0.492,0.656,9,-7.361,1,0.0365,0.0832,0,0.202,0.358,147.948,3
spotify:track:3mwvKOyMmG77zZRunnxp9E,Buddy Holly,Weezer,Weezer,5/10/1994,159226,81,FALSE,,2022-11-02T00:59:45Z,alternative rock,DGC,0.556,0.92,8,-4.606,1,0.0367,0.00271,0.00021,0.117,0.771,121.138,4
spotify:track:4bHsxqR3GMrXTxEPLuK5ue,Don't Stop Believin',Escape (Bonus Track Version),Journey,1981,250986,16,FALSE,,2022-11-02T00:58:42Z,"aor,classic rock",Columbia,0.5,0.748,4,-9.072,1,0.0363,0.127,0,0.447,0.514,118.852,4
spotify:track:7BVwi9cIzSc6tpyxsp47vJ,Mess Is Mine,Dream Your Life Away,Vance Joy,9/8/2014,223640,63,FALSE,,2022-11-02T00:35:29Z,folk pop,F-Stop Records/Atlantic,0.595,0.723,7,-8.256,1,0.0349,0.047,0.0286,0.0995,0.272,108.043,1
spotify:track:3GncyQAqKMwlSVhyM31Lsu,16 Years,Be Impressive,The Griswolds,8/25/2014,225720,0,FALSE,,2022-11-02T00:31:42Z,,Wind-Up,0.546,0.84,0,-4.223,1,0.0512,0.0148,0.00000769,0.101,0.925,170.058,4
spotify:track:0ml0C3EBDZyRhUrT3p5cMu,Push (feat. Andrew Wyatt),Push,A-Trak;Andrew Wyatt,10/29/2014,213511,0,FALSE,,2022-11-02T00:31:12Z,disco house,Fool's Gold Records,0.644,0.874,7,-2.82,1,0.0466,0.00198,0.00192,0.0914,0.453,126.054,4
spotify:track:2Iq6HhIquO7JKr0KfTNLzU,My Type,My Type EP,Saint Motel,8/16/2014,204811,72,FALSE,,2022-11-02T00:30:57Z,,Parlophone UK,0.595,0.896,10,-2.951,1,0.047,0.0641,0.0000582,0.0748,0.567,118.001,4
spotify:track:4t80TQHYdtzwnUGBQC4yL1,All Or Nothing (feat. Diplo & Bunji Garlin),Look Like You Love It,Elliphant;Diplo;Bunji Garlin,4/1/2014,174165,45,TRUE,,2022-11-02T00:30:50Z,"moombahton,soca,dancehall",TEN/Kemosabe,0.584,0.729,8,-5.634,1,0.209,0.0169,0,0.0797,0.561,79.506,4
spotify:track:4mxX3vLu6bfhwKn3vnG53Q,Tonight,Before the Waves,Magic Man,7/8/2014,217751,43,FALSE,,2022-11-02T00:25:55Z,,Neon Gold/Columbia,0.505,0.917,0,-5.906,1,0.0388,0.209,0.0000039,0.0827,0.304,163.936,4
spotify:track:1do3E46FxwDoP5wqNlECjZ,Come Alive (Shining),Back to Life EP,FMLYBND,10/7/2014,203434,49,FALSE,,2022-11-02T00:17:44Z,,FMLYBND,0.531,0.855,6,-4.745,0,0.0448,0.0000902,0.000927,0.0724,0.406,114.995,4
spotify:track:2PegjCuOVhM1A86ejM0apG,Uh la la,Eso Es Lo Que Hay,ChocQuibTown,10/2/2012,230480,0,FALSE,,2022-11-02T00:17:35Z,"salsa choke,colombian pop,latin alternative",Columbia,0.762,0.868,1,-6.046,1,0.0468,0.00835,0.146,0.0937,0.412,130.048,4
spotify:track:0P2HAFu7RnkfPnkimNi7I5,When the Day Comes,Black Star Elephant,Nico & Vinz,2014,227318,55,FALSE,,2022-11-01T23:57:18Z,,Warner Records,0.706,0.653,5,-6.39,1,0.055,0.287,0,0.0843,0.32,120.018,4
spotify:track:2MMlzHRFdESjHIrNsLGHeY,Cumbia del Corazon,Venado,KINSKI GALLO,11/4/2014,200480,0,FALSE,,2022-11-01T23:47:46Z,,Jomi Records,0.683,0.948,2,-2.255,0,0.0515,0.0583,0.000212,0.169,0.953,94.043,4
spotify:track:2W1NDIRXfBnIxBcnTIxE7p,Cocoon,The Balcony,Catfish and the Bottlemen,1/6/2015,236808,0,TRUE,,2022-11-01T23:40:31Z,"indie,indie rock",Communion Records,0.427,0.868,7,-4.561,0,0.0559,0.000249,0.000542,0.0633,0.39,133.059,4
spotify:track:0ct6r3EGTcMLPtrXHDvVjc,The Nights,The Days / Nights,Avicii,1/1/2014,176658,88,FALSE,,2022-11-01T23:37:04Z,edm,Pophouse Entertainment Group,0.527,0.835,6,-5.298,1,0.0433,0.0166,0,0.249,0.654,125.983,4
spotify:track:19cL3SOKpwnwoKkII7U3Wh,Geronimo,Bombs Away,Sheppard,3/10/2015,218227,60,FALSE,,2022-11-01T23:36:57Z,,Decca (UMO),0.706,0.78,7,-6.267,1,0.0795,0.451,0.00141,0.115,0.451,142.029,4
spotify:track:6lV2MSQmRIkycDScNtrBXO,Airplanes (feat. Hayley Williams of Paramore),B.o.B Presents: The Adventures of Bobby Ray,B.o.B;Hayley Williams,4/27/2010,180480,85,TRUE,,2022-11-01T23:36:33Z,art pop,Rebel Rock/Grand Hustle/Atlantic,0.66,0.867,6,-4.285,0,0.116,0.11,0,0.0368,0.377,93.033,4
spotify:track:22skzmqfdWrjJylampe0kt,Can't Hold Us (feat. Ray Dalton),The Heist,Macklemore;Ryan Lewis;Macklemore & Ryan Lewis;Ray Dalton,10/9/2012,258431,90,FALSE,,2022-11-01T23:36:11Z,,Macklemore,0.633,0.927,2,-4.468,1,0.0839,0.0267,0,0.0986,0.88,146.097,4
spotify:track:2V65y3PX4DkRhy1djlxd9p,Don't You Worry Child - Radio Edit,Don't You Worry Child,Swedish House Mafia;John Martin,9/14/2012,212862,77,FALSE,,2022-11-01T23:21:15Z,edm,BMG Rights Management,0.612,0.84,11,-3.145,0,0.0509,0.112,0,0.116,0.438,129.042,4
spotify:track:2m1hi0nfMR9vdGC8UcrnwU,All The Small Things,Enema Of The State,blink-182,6/1/1999,167066,87,FALSE,,2022-11-01T23:19:11Z,"pop punk,punk,skate punk,rock,emo",Geffen,0.434,0.897,0,-4.918,1,0.0488,0.0103,0,0.612,0.685,148.708,4
spotify:track:4LJhJ6DQS7NwE7UKtvcM52,What's My Age Again?,Enema Of The State,blink-182,6/1/1999,148360,83,TRUE,,2022-11-01T23:19:10Z,"pop punk,punk,skate punk,rock,emo",Geffen,0.391,0.951,6,-7.419,1,0.0688,0.012,0.000446,0.0878,0.468,157.663,4
spotify:track:3CI1JP2ooMBSFjIy1u6Yrc,Angry Again,Hidden Treasures,Megadeth,1995,227973,68,FALSE,,2022-11-01T23:19:08Z,"thrash metal,metal,heavy metal,speed metal",Parlophone Catalogue,0.689,0.719,3,-8.643,0,0.0304,0.0000239,0.679,0.314,0.959,127.982,4
spotify:track:5fVZC9GiM4e8vu99W0Xf6J,How to Save a Life,How To Save A Life,The Fray,9/13/2005,262533,88,FALSE,,2022-11-01T23:18:59Z,,Epic,0.64,0.743,10,-4.08,1,0.0379,0.269,0,0.101,0.361,122.035,4
spotify:track:2l57cfmCnOkwNX1tky02n1,Move Along,Move Along,The All-American Rejects,7/12/2005,238880,11,FALSE,,2022-11-01T23:18:56Z,"pop punk,emo",Interscope,0.518,0.916,3,-3.858,1,0.0454,0.000148,0,0.291,0.646,109.864,4
spotify:track:3Cx4yrFaX8CeHwBMReOWXI,We Didn't Start the Fire,Storm Front,Billy Joel,10/17/1989,291100,82,FALSE,,2022-11-01T23:18:54Z,soft rock,Columbia,0.712,0.967,7,-5.206,1,0.047,0.0771,0,0.356,0.895,145.024,4
spotify:track:6j6bTAiW0oEfLlAjmRNcbb,Little Wonders,Little Wonders,Rob Thomas,1/1/2007,224720,63,FALSE,,2022-11-01T23:18:51Z,,Walt Disney Records,0.163,0.616,9,-9.996,1,0.044,0.0286,0,0.0826,0.33,81.993,4
spotify:track:7nchX58JootkrOPZxK0ahi,Fortress,Fortress,Alter Bridge,1/1/2013,457574,37,FALSE,,2022-11-01T23:18:46Z,"post-grunge,alternative metal,hard rock",ALTER BRIDGE (AB2),0.168,0.943,6,-4.116,1,0.11,0.000136,0.000421,0.101,0.296,179.057,3
spotify:track:2f0pn9DkEJwAzXApnFh5cr,Someone To You,Where The Shadow Ends,BANNERS,10/4/2019,219801,80,FALSE,,2022-11-01T23:17:50Z,,Island Records,0.52,0.903,2,-5.497,1,0.042,0.00517,0,0.254,0.652,74.988,4
spotify:track:1X1DWw2pcNZ8zSub3uhlNz,Hall of Fame (feat. will.i.am),#3,The Script;will.i.am,10/9/2012,202530,73,FALSE,,2022-11-01T23:16:03Z,,Epic/Phonogenic,0.421,0.873,10,-4.343,1,0.0564,0.0654,0,0.123,0.629,84.786,4
spotify:track:6t6oULCRS6hnI7rm0h5gwl,Some Nights,Some Nights,fun.,2/14/2012,277040,74,TRUE,,2022-11-01T23:15:26Z,,Fueled By Ramen,0.672,0.738,0,-7.045,1,0.0506,0.0178,0.0000675,0.0927,0.392,107.938,4
spotify:track:1rqqCSm0Qe4I9rUvWncaom,High Hopes,Pray for the Wicked,Panic! At The Disco,6/22/2018,190946,86,FALSE,,2022-11-01T23:15:21Z,emo,DCD2 / Fueled By Ramen,0.579,0.904,5,-2.729,1,0.0618,0.193,0,0.064,0.681,82.014,4
spotify:track:3Xzog9enTvbsc0G7G9M58D,Shut Up and Dance - Live Acoustic - 2015,Shut Up And Dance (Acoustic),WALK THE MOON,9/4/2015,193986,51,FALSE,,2022-11-01T23:11:41Z,,RCA Records Label,0.82,0.615,0,-4.548,1,0.0466,0.151,0,0.204,0.768,129.874,4
spotify:track:22jEGuVPtvtMqKPuXdOVCh,SAD (Clap Your Hands),SAD / Scatterbrain,Young Rising Sons,9/28/2018,152202,50,FALSE,,2022-11-01T23:11:30Z,folk pop,Dirty Canvas Music,0.671,0.874,0,-4.188,1,0.0448,0.0829,0.0000272,0.294,0.747,109.96,4
spotify:track:5o1TaTsFtDddxLa2BKw29y,Pompeii - Kat Krazy Remix,Remixed,Bastille;Kat Krazy,1/1/2013,216687,42,FALSE,,2022-11-01T23:02:56Z,trance,EMI (Virgin),0.567,0.868,9,-2.327,1,0.0859,0.0314,0,0.1,0.668,127.545,4
spotify:track:0nrRP2bk19rLc0orkWPQk2,Wake Me Up,TRUE,Avicii,9/16/2013,247426,89,FALSE,,2022-11-01T22:56:55Z,edm,Pophouse Entertainment Group,0.532,0.783,2,-5.697,1,0.0523,0.0038,0.0012,0.161,0.643,124.08,4
spotify:track:12GEpg2XOPyqk03JZEZnJs,It Ain’t Me (with Selena Gomez),It Ain't Me,Kygo;Selena Gomez,2/17/2017,220780,71,FALSE,,2022-11-01T22:55:48Z,tropical house,Interscope,0.64,0.533,0,-6.596,1,0.0706,0.119,0,0.0864,0.515,99.968,4
spotify:track:6F8ZNjxsOIqM6BrI2ywoWL,Just The Way You Are,"Punk Goes Pop, Vol. 4",Pierce The Veil,1/1/2011,223346,0,FALSE,,2022-11-01T22:53:46Z,"emo,screamo,post-hardcore",Fearless Records,0.442,0.922,5,-3.699,1,0.0777,0.000814,0,0.262,0.365,107.813,4
spotify:track:3jWZlzNRO2WYjYw0H0fGbc,True Colors (Cyndi Lauper Cover),Love Is Hopeless 2013,All Time Low,2/7/2013,191850,0,FALSE,,2022-11-01T22:50:02Z,"pop punk,emo,punk",Hopeless Records,0.487,0.958,9,-2.779,1,0.0714,0.000287,0.0000562,0.107,0.356,95.091,4
spotify:track:4qxnqB38Ilk0atKmbQ8UB4,Blank Space - Rock,Blank Space (Rock),Our Last Night,1/20/2015,233794,0,FALSE,,2022-11-01T22:46:12Z,"post-hardcore,metalcore",mudhutdigital.com,0.529,0.876,1,-4.382,0,0.0439,0.00383,0,0.107,0.461,96.026,4
spotify:track:0UgJA2yPSPBUJzR0dwD2On,Hello,Hello,The Animal In Me,11/12/2015,302545,0,FALSE,,2022-10-31T15:28:11Z,,The Animal In Me,0.431,0.973,5,-4.395,0,0.0532,0.0213,0,0.0991,0.325,157.911,4
spotify:track:7IVKjEf0M7bbZdbhJu0zkU,7 years,7 Years,Twenty One Two,4/6/2016,177375,0,FALSE,,2022-10-31T15:23:30Z,,Twenty One Two,0.576,0.833,7,-4.462,0,0.049,0.00884,0,0.671,0.697,129.992,4
spotify:track:701RFtOMDSuXaEeYQjARyZ,Just Dance,Fragile (English Version),Vanilla Sky,6/9/2013,206546,27,FALSE,,2022-10-31T15:19:12Z,,The Alternative Factory,0.624,0.837,11,-4.155,1,0.0721,0.00153,0,0.0431,0.667,125.064,4
spotify:track:59NpR70AOXyBNnj6th5AEc,Torn,"Punk Goes 90's, Vol. 2",Hands Like Houses,1/1/2014,225920,0,FALSE,,2022-10-31T15:17:28Z,"post-hardcore,metalcore",Fearless Records,0.486,0.77,4,-5.334,1,0.0325,0.00183,0,0.182,0.302,96.428,4
spotify:track:66UmlLFHo2t6gpxQIHgTzt,Somebody That I Used To Know,"Punk Goes Pop, Vol. 5",Mayday Parade;Vic Fuentes,1/1/2012,205320,0,FALSE,,2022-10-31T15:15:53Z,"pop punk,emo",Fearless Records,0.453,0.939,3,-4.562,1,0.0941,0.0037,0.0000116,0.152,0.435,136.025,4
spotify:track:4D6amyd3ONcv28VBe07xsk,Numb (Acoustic),Decade II: Rock & Acoustic,The Veer Union,8/31/2018,198545,45,FALSE,,2022-10-30T13:47:33Z,,Rock Shop Entertainment (RSE),0.446,0.64,5,-4.191,0,0.032,0.128,0,0.0758,0.182,110.076,4
spotify:track:4aKOM2dmLTB5U5qsFhb8u4,Someone Like You,The Predator,Ice Nine Kills,1/15/2013,275968,54,FALSE,,2022-10-30T13:33:12Z,"metalcore,metal",Ice Nine Kills,0.492,0.984,8,-3.191,1,0.0945,0.000237,0.0353,0.333,0.331,145.012,4
spotify:track:02LrmnkHvOcQo6L2RBdfqu,"Come Together - Live From Fox Theatre Detroit, MI/2012",Live & Inspired,Godsmack,1/1/2012,226293,0,FALSE,,2022-10-30T13:19:22Z,"alternative metal,nu metal,hard rock,rap metal,metal",Universal Records,0.375,0.839,9,-5.546,0,0.0597,0.000729,0.00000611,0.185,0.666,177.494,4
spotify:track:29b2h29UnjjL8jGrDIfEsU,Listen To Your Heart,All Animal,Through Fire,7/19/2019,215946,0,FALSE,,2022-10-30T13:09:15Z,,Sumerian Records,0.189,0.878,11,-6.256,0,0.153,0.0000167,0.00126,0.13,0.379,170.045,4
spotify:track:6yfGW1uvUa3riTuZbf3zed,Iris,Iris,DIAMANTE;Breaking Benjamin,7/10/2020,224859,51,FALSE,,2022-10-30T13:06:33Z,"alternative metal,post-grunge,rock",Anti-Heroine,0.381,0.65,4,-5.706,1,0.0318,0.00183,0,0.333,0.152,154.773,3
spotify:track:6GKDTnpRgzyJ21hWKWopL4,You Make Me Feel So Young,Mark Tremonti Sings Frank Sinatra,Mark Tremonti,5/27/2022,179508,0,FALSE,,2022-10-29T13:14:13Z,,JMM,0.444,0.461,8,-7.693,1,0.0411,0.534,0,0.33,0.563,128.123,4
spotify:track:5eZaT21ZVGyGHJ8kcwaNxA,"Party In the CIA (Parody of ""Party In The U.S.A."" by Miley Cyrus)",Alpocalypse,"""Weird Al"" Yankovic",6/17/2011,176789,55,FALSE,,2022-10-27T19:26:14Z,"comedy,polka",Volcano,0.59,0.635,4,-10.261,0,0.13,0.0101,0,0.0808,0.567,192.042,4
spotify:track:5r96TaQquRrlo3Ym3ZlSL2,"Amish Paradise (Parody of ""Gangsta's Paradise"" by Coolio)",Bad Hair Day,"""Weird Al"" Yankovic",12/31/1996,202930,60,FALSE,,2022-10-27T19:12:37Z,"comedy,polka",Volcano,0.728,0.448,8,-10.54,1,0.172,0.103,0,0.267,0.483,80.902,4
spotify:track:7FwBtcecmlpc1sLySPXeGE,Dancing In the Dark,Born In The U.S.A.,Bruce Springsteen,6/4/1984,245296,86,FALSE,,2022-10-27T19:02:52Z,,Columbia,0.527,0.942,1,-5.64,0,0.0366,0.0115,0,0.188,0.495,148.723,4
spotify:track:0GONea6G2XdnHWjNZd6zt3,Summer Of '69,Reckless (30th Anniversary / Deluxe Edition),Bryan Adams,11/5/1984,216053,87,FALSE,,2022-10-27T18:40:41Z,,A&M,0.509,0.834,2,-6.205,1,0.0386,0.0183,0,0.0732,0.774,139.13,4
spotify:track:665Jxlgi1HamPKbW1vwzx4,We Belong,Tropico,Pat Benatar,1984,221133,74,FALSE,,2022-10-27T18:36:38Z,aor,Capitol Records,0.706,0.322,5,-14.108,1,0.0467,0.529,0.00000241,0.576,0.305,135.155,4
spotify:track:1kiNatIrwDusOZfR29W0LJ,Man in the Mirror - 2012 Remaster,Bad 25th Anniversary,Michael Jackson,9/18/2012,318687,73,FALSE,,2022-10-27T18:32:10Z,,Epic/Legacy,0.808,0.812,8,-5.012,1,0.0381,0.52,0.0000791,0.134,0.269,100.331,4
spotify:track:23tktWr4FmFoJ6xEGqj3u2,Another One Rides the Bus,"""Weird Al"" Yankovic","""Weird Al"" Yankovic",1983,158154,46,FALSE,,2022-10-27T18:28:38Z,"comedy,polka",Volcano,0.827,0.218,9,-16.892,1,0.644,0.232,0.00000677,0.039,0.59,131.588,4
spotify:track:4ZA0EXmjnZIYguEMf0Mc88,The Waiting,Hard Promises,Tom Petty and the Heartbreakers,5/5/1981,238493,63,FALSE,,2022-10-27T18:07:26Z,classic rock,Geffen*,0.566,0.923,2,-4.535,1,0.0316,0.0357,0,0.354,0.722,119.973,4
spotify:track:67iAlVNDDdddxqSD2EZhFs,I'm Gonna Be (500 Miles),Sunshine on Leith,The Proclaimers,1/1/1988,219466,81,FALSE,,2022-10-27T18:03:03Z,celtic rock,Parlophone UK,0.851,0.551,4,-5.177,1,0.0396,0.151,0,0.0827,0.807,131.922,4
spotify:track:6g4vHtdGqD5eEgpf7nKISk,Don't Ask Me Why,Glass Houses,Billy Joel,3/12/1980,179448,59,FALSE,,2022-10-27T17:54:39Z,soft rock,Columbia,0.691,0.726,5,-7.353,1,0.0543,0.138,0,0.11,0.868,98.418,4
spotify:track:0dOg1ySSI7NkpAe89Zo0b9,Born in the U.S.A.,Born In The U.S.A.,Bruce Springsteen,6/4/1984,279786,79,FALSE,,2022-10-27T17:44:49Z,,Columbia,0.398,0.952,4,-6.042,1,0.061,0.000373,0.0000775,0.1,0.584,122.093,4
spotify:track:4dVbhS6OiYvFikshyaQaCN,My Hero,The Colour And The Shape,Foo Fighters,5/20/1997,260026,82,FALSE,,2022-10-27T17:22:34Z,"post-grunge,rock,alternative rock,grunge",RCA Records Label,0.398,0.927,9,-4.212,1,0.0567,0.000062,0.000177,0.0575,0.311,77.106,4
spotify:track:2mp5NtfuneZoxCZa8GzlhD,Downfall,More Than You Think You Are,Matchbox Twenty,11/1/2002,247173,44,FALSE,,2022-10-27T04:06:02Z,post-grunge,Atlantic Records,0.449,0.937,7,-4.507,1,0.121,0.0559,0.00000124,0.659,0.277,129.264,4
spotify:track:42et6fnHCw1HIPSrdPprMl,Semi-Charmed Life,Third Eye Blind,Third Eye Blind,4/8/1997,268360,85,FALSE,,2022-10-27T04:05:24Z,,Rhino/Elektra,0.64,0.864,7,-6.576,1,0.0314,0.00832,0,0.123,0.701,102.026,4
spotify:track:21jEuMn2lf37715rwjow2M,The Freshmen,Villains,The Verve Pipe,3/25/1996,269466,65,FALSE,,2022-10-27T04:05:10Z,post-grunge,RCA Records Label,0.571,0.505,1,-9.312,0,0.0238,0.0757,0.0000104,0.109,0.276,99.562,4
spotify:track:3sBfItjYrLgKrCPIZndhc6,Come to Me,Magnetic,The Goo Goo Dolls,6/4/2013,225333,59,FALSE,,2022-10-27T04:05:05Z,,Warner Records,0.589,0.669,0,-4.835,1,0.0253,0.0505,0,0.131,0.421,92.06,4
spotify:track:3VA8T3rNy5V24AXxNK5u9E,King of Anything,Kaleidoscope Heart,Sara Bareilles,9/7/2010,207428,61,FALSE,,2022-10-27T03:59:35Z,,Epic,0.676,0.762,1,-4.172,1,0.0351,0.461,0,0.0574,0.81,119.003,4
spotify:track:4o6BgsqLIBViaGVbx5rbRk,You Make My Dreams (Come True),Voices,Daryl Hall & John Oates,1980,190626,84,FALSE,,2022-10-27T03:56:58Z,"yacht rock,soft rock",RCA/BMG Heritage,0.751,0.501,5,-12.151,1,0.0551,0.234,0.112,0.0467,0.902,167.057,4
spotify:track:3mNecsYFb6LQg7822DPXCP,Absolutely (Story of a Girl) - Radio Mix,The Madding Crowd,Nine Days,5/16/2000,189333,70,FALSE,,2022-10-27T03:56:55Z,,Epic/550 Music,0.481,0.94,7,-5.204,1,0.066,0.000891,0,0.0939,0.66,96.493,4
spotify:track:1HC74E8tthM7RQn1wuFXU7,Allison Road,New Miserable Experience,Gin Blossoms,1/1/1992,199240,55,FALSE,,2022-10-27T03:56:53Z,,A&M,0.544,0.895,2,-7.253,1,0.0457,0.00666,0,0.105,0.932,134.65,4
spotify:track:735rjks7kQgWCjTQlIHMuH,Head over Feet - 2015 Remaster,Jagged Little Pill (2015 Remaster),Alanis Morissette,1995,267293,71,FALSE,,2022-10-27T03:56:43Z,,Rhino/Maverick Records,0.482,0.808,0,-7.176,1,0.065,0.0562,0,0.202,0.438,79.599,4
spotify:track:6Bm6qUCSatPAqkQllFL7oA,Unwell,More Than You Think You Are,Matchbox Twenty,11/1/2002,228706,76,FALSE,,2022-10-27T03:56:32Z,post-grunge,Atlantic Records,0.256,0.788,6,-5.263,0,0.0403,0.0298,0,0.707,0.429,80.718,4
spotify:track:1VBRdl1sT4DGckQaTzKEB9,It's All Been Done,Stunt (20th Anniversary Edition),Barenaked Ladies,7/7/1998,206000,63,FALSE,,2022-10-27T03:52:15Z,,Rhino/Warner Records,0.521,0.919,2,-3.146,1,0.0475,0.000173,0.00218,0.301,0.746,131.726,4
spotify:track:70fe354BpVKEvMY0de78YO,Real World,Yourself or Someone Like You,Matchbox Twenty,10/1/1996,231693,70,FALSE,,2022-10-27T03:52:03Z,post-grunge,Lava/Atlantic,0.504,0.761,10,-5.446,1,0.0437,0.00628,0,0.0892,0.884,117.999,4
spotify:track:4dZhQj20JbKlD9oR0X8kjZ,Bright Lights,More Than You Think You Are,Matchbox Twenty,11/1/2002,234426,63,FALSE,,2022-10-27T03:51:59Z,post-grunge,Atlantic Records,0.319,0.732,4,-4.475,1,0.0436,0.0134,0,0.658,0.2,80.195,4
spotify:track:6liaHE9iHh23PLVvw7lK8V,Closing Time,Feeling Strangely Fine (20th Anniversary Edition),Semisonic,3/24/1998,273826,78,FALSE,,2022-10-27T03:51:54Z,,Geffen,0.444,0.84,7,-7.024,1,0.032,0.084,0.0000207,0.102,0.282,92.077,4
spotify:track:1t2Hq2WIBcZINOEnK6mdJG,Save Tonight,Desireless,Eagle-Eye Cherry,7/13/1998,239226,70,FALSE,,2022-10-27T03:42:44Z,,Work,0.547,0.693,0,-8.786,1,0.0353,0.0000924,0.0000546,0.113,0.583,119.567,4
spotify:track:0RZuCBV900eNA2FXCQ3uUM,Broadway,Dizzy up the Girl,The Goo Goo Dolls,1998,238533,62,FALSE,,2022-10-27T03:32:56Z,,Warner Records,0.527,0.878,11,-5.704,1,0.0424,0.000555,0,0.0852,0.757,132.791,4
spotify:track:7LF0YY1gON8rBECsyEs0Wb,Roll To Me,Twisted,Del Amitri,1/1/1995,132306,65,FALSE,,2022-10-27T03:23:25Z,,EMI,0.567,0.821,6,-5.894,1,0.0371,0.418,0,0.108,0.895,150.106,4
spotify:track:6R6ux6KaKrhAg2EIB2krdU,Without You,Wide Awake,Parachute,1/15/2016,228933,51,FALSE,,2022-10-27T03:19:06Z,,Vanguard,0.564,0.864,4,-5.121,1,0.0341,0.0761,0,0.182,0.534,95.984,4
spotify:track:28sSUmG6WD4V6OfHPFjBQk,Hey Lady,Thriving Ivory,Thriving Ivory,6/24/2008,228186,43,FALSE,,2022-10-27T02:57:25Z,,Wind-up Records,0.512,0.738,1,-3.614,1,0.0354,0.177,0,0.161,0.347,142.983,4
spotify:track:5DjYsOJLqZPqUPvopYejSM,Falling in Love (With My Best Friend),It's The Good Crazy,Matt White,9/14/2010,189173,31,FALSE,,2022-10-27T02:48:41Z,,Rykodisc,0.661,0.637,0,-6.111,1,0.0285,0.0616,0,0.136,0.704,120.011,4
spotify:track:4Tflo6u2bdSDsmE5hLqubS,Superman (It's Not Easy) - Acoustic Version,The Battle for Everything,Five For Fighting,2003,222426,48,FALSE,,2022-10-27T02:45:47Z,,Aware/Columbia,0.548,0.325,0,-8.06,1,0.0273,0.524,0,0.101,0.2,103.787,4
spotify:track:7jgc5fl3uUL67NDfPRaL3i,Where We Belong,Through Yourself & Back Again,Thriving Ivory,9/14/2010,226333,43,FALSE,,2022-10-27T02:43:26Z,,The Bicycle Music Company,0.434,0.885,11,-3.831,1,0.0524,0.0372,0,0.344,0.42,139.914,4
spotify:track:6csTnH1LpOgW9HP3gb695i,She (For Liz),Losing Sleep (Deluxe Edition),Parachute,1/1/2009,187213,40,FALSE,,2022-10-27T02:23:55Z,,Mercury Records,0.567,0.725,4,-3.66,1,0.0473,0.128,0,0.1,0.592,90.941,4
spotify:track:57uX2vR9j9DNiANDYfXw1i,Never Say Never,The Fray,The Fray,2/2/2009,256613,71,FALSE,,2022-10-26T22:49:54Z,,Epic,0.23,0.492,8,-5.767,1,0.0317,0.568,0.00000818,0.176,0.262,160.139,4
spotify:track:6dwkFmLUz6hx2CZG2EqLol,Collide,Stop All The World Now,Howie Day,10/7/2003,249120,68,FALSE,,2022-10-26T22:49:52Z,,Epic,0.636,0.625,11,-7.895,1,0.0277,0.222,0.0000535,0.119,0.342,93.931,4
spotify:track:5NeIONQWJ25uPylJBJiO4c,Through Glass,Come What(ever) May [10th Anniversary Edition],Stone Sour,2006,282946,77,FALSE,,2022-10-26T22:33:47Z,"post-grunge,alternative metal,nu metal",Roadrunner Records,0.545,0.753,3,-4.618,0,0.036,0.0417,0,0.389,0.434,105.754,4
spotify:track:4bPQs0PHn4xbipzdPfn6du,I Write Sins Not Tragedies,A Fever You Can't Sweat Out,Panic! At The Disco,9/27/2005,186634,79,TRUE,,2022-10-26T22:08:16Z,emo,Decaydance Records / Fueled By Ramen,0.569,0.83,9,-4.106,0,0.14,0.0807,0,0.114,0.609,170.094,4
spotify:track:5pvJ59i7JxylN8VB24xdMs,The Diary of Jane - Single Version,Phobia (Explicit Version),Breaking Benjamin,1/1/2006,200546,63,FALSE,,2022-10-26T22:04:32Z,"alternative metal,post-grunge,rock",Hollywood Records,0.392,0.965,10,-4.441,0,0.063,0.0000697,0.0427,0.106,0.298,167.094,4
spotify:track:0kO3njY9N1Rxgv27Ha1lLh,Numb,Meteora (Bonus Edition),Linkin Park,3/25/2003,187520,61,FALSE,,2022-10-26T22:04:27Z,"nu metal,rap metal,rock,alternative metal",Warner Records,0.488,0.87,6,-4.185,0,0.0421,0.00353,0,0.484,0.211,110.072,4
spotify:track:1fJFuvU2ldmeAm5nFIHcPP,First Date,Take Off Your Pants And Jacket,blink-182,2001,171533,80,FALSE,,2022-10-26T21:46:11Z,"pop punk,punk,skate punk,rock,emo",Geffen*,0.579,0.928,0,-4.344,1,0.0411,0.000715,0,0.18,0.882,95.594,4
spotify:track:3asFGFY3uLjMDmML1p0tYm,Savior,Appeal To Reason,Rise Against,1/1/2008,242280,66,FALSE,,2022-10-26T21:46:08Z,"punk,hardcore punk",Geffen,0.339,0.931,5,-3.425,0,0.062,0.0015,0.000142,0.425,0.467,112.545,4
spotify:track:1HNE2PX70ztbEl6MLxrpNL,In Too Deep,"All Killer, No Filler",Sum 41,1/1/2001,207093,80,FALSE,,2022-10-26T21:46:01Z,"pop punk,punk,skate punk",Island Records,0.569,0.843,9,-5.875,1,0.0503,0.000189,0,0.0607,0.76,116.045,4
spotify:track:77loZpT5Y5PRP1S451P9Yz,The Reason,The Reason (15th Anniversary Deluxe),Hoobastank,12/9/2003,232800,8,FALSE,,2022-10-26T21:45:52Z,nu metal,Island Def Jam,0.474,0.671,4,-4.649,1,0.0289,0.0129,0,0.159,0.0682,82.94,4
spotify:track:6ZOBP3NvffbU4SZcrnt1k6,Kryptonite,The Better Life,3 Doors Down,2000,233933,86,FALSE,,2022-10-26T21:45:23Z,post-grunge,Universal Records,0.545,0.865,11,-5.708,0,0.0286,0.00664,0.000011,0.168,0.543,99.005,4
spotify:track:3tSmXSxaAnU1EPGKa6NytH,In the End,Hybrid Theory,Linkin Park,10/24/2000,216800,71,FALSE,,2022-10-26T21:44:41Z,"nu metal,rap metal,rock,alternative metal",Warner Records,0.555,0.844,3,-6.567,0,0.0554,0.00834,0,0.0895,0.464,105.195,4
spotify:track:6TfBA04WJ3X1d1wXhaCFVT,"You're Gonna Go Far, Kid","Rise And Fall, Rage And Grace",The Offspring,6/17/2008,177826,85,TRUE,,2022-10-26T21:44:38Z,"punk,skate punk",Concord Records,0.55,0.917,0,-3.159,1,0.0638,0.00428,0,0.197,0.601,126.115,4
spotify:track:5VGlqQANWDKJFl0MBG3sg2,Use Somebody,Only By The Night,Kings of Leon,9/23/2008,230760,86,FALSE,,2022-10-26T21:44:18Z,,RCA/Legacy,0.276,0.715,0,-5.356,1,0.0432,0.00552,0.000417,0.201,0.173,137.028,4
spotify:track:18lR4BzEs7e3qzc0KVkTpU,What I've Done,Minutes to Midnight,Linkin Park,5/14/2007,205226,88,FALSE,,2022-10-26T21:38:16Z,"nu metal,rap metal,rock,alternative metal",Warner Records,0.627,0.935,5,-4.882,1,0.0324,0.0092,0,0.147,0.287,120.092,4
spotify:track:2DlHlPMa4M17kufBvI2lEN,Chop Suey!,Toxicity,System Of A Down,9/4/2001,210240,89,FALSE,,2022-10-26T21:34:25Z,"nu metal,metal,alternative metal,rap metal,rock",American/Columbia,0.417,0.934,7,-3.908,0,0.119,0.000278,0.0015,0.132,0.287,127.066,4
spotify:track:2TfSHkHiFO4gRztVIkggkE,"Sugar, We're Goin Down",From Under The Cork Tree,Fall Out Boy,5/3/2005,229093,83,FALSE,,2022-10-26T21:34:04Z,"emo,pop punk",Island Records,0.494,0.842,7,-4.784,1,0.0843,0.00579,0,0.122,0.574,162.011,4
spotify:track:25CMmGsl22APKhfuj4Tp7j,It's Been Awhile,Break the Cycle,Staind,8/20/2001,264706,84,TRUE,,2022-10-26T21:34:01Z,"post-grunge,nu metal,alternative metal",Atlantic Records/ATG,0.509,0.774,6,-4.054,1,0.0338,0.00189,0.000549,0.143,0.0824,116.529,4
spotify:track:45zvStEMsXp8z45OQRhWFJ,American Idiot,American Idiot (Deluxe),Green Day,9/21/2004,174320,63,TRUE,,2022-10-26T21:33:55Z,"punk,pop punk",Reprise,0.381,0.984,1,-2.42,1,0.0638,0.0000253,0.0000691,0.27,0.81,186.081,4
spotify:track:1yKu2MhpwzDXXH2tzG6xoa,Beverly Hills,Make Believe,Weezer,5/10/2005,196093,75,FALSE,,2022-10-26T21:33:48Z,alternative rock,Geffen,0.693,0.823,5,-3.761,1,0.0726,0.0932,0,0.328,0.741,87.904,4
spotify:track:6rUp7v3l8yC4TKxAAR5Bmx,I Hate Everything About You,Three Days Grace (Expanded Edition),Three Days Grace,7/22/2003,231480,77,FALSE,,2022-10-26T21:33:45Z,"post-grunge,rock",Jive,0.498,0.83,6,-5.157,0,0.0421,0.00461,0,0.139,0.453,89.342,4
spotify:track:5GorCbAP4aL0EJ16frG2hd,Boulevard of Broken Dreams,Greatest Hits: God's Favorite Band,Green Day,11/17/2017,262333,75,TRUE,,2022-10-26T21:33:26Z,"punk,pop punk",Reprise,0.496,0.682,8,-4.095,1,0.0294,0.00552,0.0000294,0.0589,0.474,167.06,4
spotify:track:6otiaV2fagE3s8IvP6WkwG,I'm Just a Kid,"No Pads, No Helmets...Just Balls (15th Anniversary Tour Edition)",Simple Plan,3/19/2002,198333,79,FALSE,,2022-10-26T21:33:24Z,"pop punk,punk,emo",Rhino Atlantic,0.527,0.834,1,-5.531,1,0.0447,0.00107,0.000102,0.0993,0.422,110.065,4
spotify:track:0BRHnOFm6sjxN1i9LJrUDu,The Anthem,The Young and The Hopeless,Good Charlotte,10/4/2002,175093,80,FALSE,,2022-10-26T21:33:21Z,"pop punk,punk,emo",Epic/Daylight,0.494,0.939,1,-3.127,1,0.126,0.00666,0,0.139,0.893,177.751,4
spotify:track:6ihL9TjfRjadfEePzXXyVF,Gives You Hell,When The World Comes Down,The All-American Rejects,12/16/2008,213106,71,FALSE,,2022-10-26T21:33:09Z,"pop punk,emo",Interscope,0.718,0.691,4,-6.44,1,0.0387,0.0159,0,0.0627,0.552,100.008,4
spotify:track:0lP4HYLmvowOKdsQ7CVkuq,The Kill,A Beautiful Lie,Thirty Seconds To Mars,8/16/2005,231533,84,FALSE,,2022-10-26T21:26:21Z,,Virgin Records,0.179,0.912,4,-3.881,0,0.0791,0.0014,0.000294,0.582,0.289,182.99,3
spotify:track:2xabqm0YNQCTcPteQjJ22K,Only the Good Die Young,The Stranger,Billy Joel,9/29/1977,235562,53,FALSE,,2022-10-26T21:22:12Z,soft rock,Columbia,0.579,0.872,0,-6.126,1,0.159,0.159,0,0.0935,0.761,76.214,4
spotify:track:7gREIuHognJFspylIDJ94p,Vienna,The Stranger,Billy Joel,9/29/1977,213924,58,FALSE,,2022-10-26T16:24:18Z,soft rock,Columbia,0.532,0.495,10,-6.662,1,0.0343,0.659,0,0.0754,0.308,124.936,4
spotify:track:5RgFlk1fcClZd0Y4SGYhqH,She's Always a Woman,The Stranger (Legacy Edition),Billy Joel,1977,201373,78,FALSE,,2022-10-26T16:23:31Z,soft rock,Columbia/Legacy,0.292,0.324,3,-11.996,1,0.0346,0.797,0.000473,0.12,0.384,176.631,3
spotify:track:70C4NyhjD5OZUMzvWZ3njJ,Piano Man,Piano Man (Legacy Edition),Billy Joel,11/7/1973,339000,88,FALSE,,2022-10-26T16:10:15Z,soft rock,Columbia/Legacy,0.331,0.55,0,-6.483,1,0.0272,0.605,0.00000396,0.192,0.429,177.734,3
spotify:track:0xpBr84T3FTm9j4D1MdPtk,Invisible Touch - 2007 Remaster,Invisible Touch (2007 Remaster),Genesis,6/9/1986,208026,77,FALSE,,2022-10-26T16:05:42Z,"progressive rock,art rock",Rhino Atlantic,0.617,0.931,0,-6.845,1,0.0345,0.186,0.00166,0.171,0.849,131.014,4
spotify:track:0qxYx4F3vm1AOnfux6dDxP,You Can Call Me Al,Graceland (25th Anniversary Deluxe Edition),Paul Simon,8/12/1986,280586,80,FALSE,,2022-10-25T22:24:24Z,singer-songwriter,Legacy Recordings,0.776,0.763,5,-8.124,1,0.0534,0.182,0.00647,0.077,0.82,128.433,4
spotify:track:3yrSvpt2l1xhsV9Em88Pul,Brown Eyed Girl,Blowin' Your Mind!,Van Morrison,1967-09,183306,16,FALSE,,2022-10-25T22:21:02Z,,Columbia/Legacy,0.491,0.583,7,-10.964,1,0.0376,0.185,0,0.406,0.908,150.566,4
spotify:track:1QEEqeFIZktqIpPI4jSVSF,More Than a Feeling,Boston,Boston,1976,285133,86,FALSE,,2022-10-25T22:15:34Z,"classic rock,aor",Epic/Legacy,0.377,0.681,7,-8.039,1,0.0298,0.00088,0.0023,0.0504,0.285,108.789,4
spotify:track:3G7tRC24Uh09Hmp1KZ7LQ2,I'm a Believer - 2006 Remaster,More of The Monkees (Deluxe Edition),The Monkees,1/9/1967,167373,77,FALSE,,2022-10-25T21:38:17Z,,Rhino,0.526,0.775,0,-6.05,1,0.0352,0.707,0.0000205,0.217,0.962,80.106,4
spotify:track:17Ng10tIgnYmAitl0SgT3R,Higher Love - Single Version,'80s Pop #1's,Steve Winwood,1/1/2007,252226,64,FALSE,,2022-10-25T21:32:45Z,"yacht rock,soft rock",Universal Music Group International,0.698,0.89,5,-6.819,1,0.0441,0.055,0.0587,0.5,0.923,98.775,4
spotify:track:5zA8vzDGqPl2AzZkEYQGKh,Uptown Girl,An Innocent Man,Billy Joel,8/8/1983,198294,87,FALSE,,2022-10-25T21:28:56Z,soft rock,Columbia,0.701,0.944,4,-2.986,1,0.0455,0.0755,0,0.601,0.792,128.993,4
spotify:track:05wIrZSwuaVWhcv5FfqeH0,Walking On Sunshine,Katrina & The Waves,Katrina & The Waves,1985,238733,82,FALSE,,2022-10-25T21:20:04Z,,Capitol Records,0.597,0.87,10,-11.97,1,0.0371,0.0119,0.166,0.0678,0.944,109.901,4
spotify:track:4uvjOKsp7mSjrDhWdkLPBY,I Think We're Alone Now,Tiffany,Tiffany,1/1/1987,228840,78,FALSE,,2022-10-25T21:19:31Z,,Geffen*,0.752,0.723,7,-12.126,1,0.0507,0.025,0.00354,0.0212,0.94,130.519,4
spotify:track:12dU3vAh6AFoJkisorfoUl,Don't Look Back In Anger - Remastered,(What's The Story) Morning Glory? (Deluxe Remastered Edition),Oasis,1995,289560,82,FALSE,,2022-10-25T21:06:43Z,britpop,Big Brother Recordings Ltd,0.328,0.936,0,-3.254,1,0.0628,0.0665,0.00000261,0.165,0.31,162.97,4
spotify:track:4BP3uh0hFLFRb5cjsgLqDh,Fortunate Son,Willy And The Poor Boys (Expanded Edition),Creedence Clearwater Revival,11/2/1969,140773,87,FALSE,,2022-10-25T21:03:54Z,"classic rock,southern rock,country rock",Craft Recordings,0.64,0.663,0,-7.516,1,0.0374,0.201,0.00806,0.152,0.663,132.77,4
spotify:track:6nTiIhLmQ3FWhvrGafw2zj,American Idiot,American Idiot,Green Day,9/21/2004,176346,86,TRUE,,2022-10-25T21:00:05Z,"punk,pop punk",Reprise,0.38,0.988,1,-2.042,1,0.0639,0.0000264,0.0000786,0.368,0.769,186.113,4
spotify:track:7ygpwy2qP3NbrxVkHvUhXY,Wonderwall - Remastered,(What's The Story) Morning Glory? (Deluxe Remastered Edition),Oasis,1995,258773,87,FALSE,,2022-10-25T20:56:37Z,britpop,Big Brother Recordings Ltd,0.375,0.893,2,-4.097,1,0.0406,0.000509,0,0.187,0.434,174.323,4
spotify:track:1jDJFeK9x3OZboIAHsY9k2,I'm Still Standing,Too Low For Zero,Elton John,5/30/1983,183440,88,FALSE,,2022-10-25T20:55:30Z,,EMI,0.505,0.904,6,-6.863,1,0.179,0.355,0.118,0.14,0.773,176.811,4
spotify:track:1ZB2qWsheGabSEYvBYxjKn,Take on Me,Weezer (Teal Album),Weezer,1/24/2019,223560,55,FALSE,,2022-10-25T20:43:46Z,alternative rock,Crush Music/Atlantic,0.441,0.762,8,-3.857,1,0.0438,0.00568,0.0000331,0.0865,0.743,167.964,4
spotify:track:3ZPKocroJIcnHGcnJVlLKD,Africa,Weezer (Teal Album),Weezer,1/24/2019,238626,59,FALSE,,2022-10-25T20:39:36Z,alternative rock,Crush Music/Atlantic,0.534,0.784,8,-3.59,1,0.0339,0.205,0.00579,0.106,0.6,92.147,4
spotify:track:2374M0fQpWi3dLnB54qaLX,Africa,Toto IV,TOTO,4/8/1982,295282,91,FALSE,,2022-10-25T20:38:50Z,"yacht rock,soft rock",Columbia,0.671,0.373,9,-18.064,1,0.0323,0.257,0.0000801,0.0481,0.732,92.718,4
spotify:track:5eDwoZdv3Qftzs8ijKviYg,Too Much Love Will Kill You - Remastered 2011,Made in Heaven (Deluxe Remastered Version),Queen,11/6/1995,259213,40,FALSE,,2022-10-25T20:24:20Z,"classic rock,rock,glam rock",Hollywood Records,0.409,0.396,7,-7.6,1,0.0306,0.584,0.0000564,0.159,0.21,73.08,4
spotify:track:7hQJA50XrCWABAu5v6QZ4i,Don't Stop Me Now - Remastered 2011,Jazz (Deluxe Remastered Version),Queen,11/10/1978,209413,72,FALSE,,2022-10-25T20:14:57Z,"classic rock,rock,glam rock",Hollywood Records,0.563,0.865,5,-5.277,1,0.16,0.0472,0.000191,0.77,0.601,156.271,4
spotify:track:12vY4vUvOchgy9HmC8fonf,Proud of Your Boy,Aladdin Original Broadway Cast Recording,Adam Jacobs,1/1/2014,141000,44,FALSE,,2022-10-25T02:41:39Z,musicals,Walt Disney Records,0.446,0.339,2,-8.914,1,0.0458,0.899,0,0.227,0.305,62.167,3
spotify:track:0ileL1L3Vtpf5VZ5RQZ94m,Found/Tonight,Found/Tonight,Ben Platt;Lin-Manuel Miranda,3/19/2018,179242,58,FALSE,,2022-10-25T02:37:07Z,musicals,Atlantic Records,0.349,0.307,10,-7.197,1,0.0402,0.801,0,0.0968,0.447,80.964,4
spotify:track:6iz50ggnska6oOtVORiqeL,A Million Miles Away,Aladdin Original Broadway Cast Recording,Adam Jacobs;Courtney Reed,1/1/2014,201453,43,FALSE,,2022-10-25T02:26:28Z,musicals,Walt Disney Records,0.459,0.438,2,-9.051,1,0.0436,0.713,0,0.203,0.187,77.27,4
spotify:track:48WOmdVVHvcrJJ0qb7rG1b,Open Your Eyes (Live),Live at the Royal Albert Hall Featuring the Parallax Orchestra,Alter Bridge;The Parallax Orchestra,9/7/2018,398195,32,FALSE,,2022-10-25T00:54:12Z,"post-grunge,alternative metal,hard rock",Napalm Records Handels GmbH,0.191,0.913,2,-5.235,1,0.0574,0.000029,0.0182,0.831,0.173,81.903,4
spotify:track:5BU4794104vyMLtPAS6eX6,Ties That Bind (Live),Live at the Royal Albert Hall Featuring the Parallax Orchestra,Alter Bridge;The Parallax Orchestra,9/7/2018,233426,27,FALSE,,2022-10-25T00:36:54Z,"post-grunge,alternative metal,hard rock",Napalm Records Handels GmbH,0.179,0.993,7,-5.26,0,0.18,0.0000612,0.528,0.987,0.0385,82.418,4
spotify:track:0zutueq1jlj5SqdUAPR4T1,Come To Life,Blackbird,Alter Bridge,10/5/2007,231813,44,FALSE,,2022-10-25T00:19:47Z,"post-grunge,alternative metal,hard rock",AB2/Universal Records,0.212,0.971,10,-4.281,0,0.157,0.0000201,0.0178,0.314,0.252,195.098,4
spotify:track:3peNFV5glcvuxuK74rWnUL,Brand New Start,Blackbird,Alter Bridge,10/5/2007,294946,38,FALSE,,2022-10-25T00:14:46Z,"post-grunge,alternative metal,hard rock",AB2/Universal Records,0.388,0.891,1,-4.904,1,0.0524,0.00154,0.000681,0.111,0.351,148.229,4
spotify:track:723rNwRpNLzXdR9w4aG8iy,White Knuckles,Blackbird,Alter Bridge,10/5/2007,264733,35,FALSE,,2022-10-25T00:05:47Z,"post-grunge,alternative metal,hard rock",AB2/Universal Records,0.424,0.926,9,-4.19,1,0.0737,0.000254,0,0.257,0.367,114.194,3
spotify:track:72aiczgC0UP00c6tsc6r9R,One By One,Blackbird,Alter Bridge,10/5/2007,260173,34,FALSE,,2022-10-25T00:00:47Z,"post-grunge,alternative metal,hard rock",AB2/Universal Records,0.27,0.938,1,-4.311,0,0.075,0.00167,0.000011,0.0957,0.259,168.521,4
spotify:track:11wOjKMP0kuKiYrY2CJqrz,Home,AB III,Alter Bridge,1/1/2010,209830,32,TRUE,,2022-10-25T00:00:22Z,"post-grunge,alternative metal,hard rock",Unknown,0.414,0.947,6,-4.269,0,0.0619,0.0000232,0.000013,0.369,0.255,91.98,4
spotify:track:5QKyqmWMBVt1YCc5iQbugp,I Know It Hurts,AB III,Alter Bridge,1/1/2010,235303,35,TRUE,,2022-10-24T23:46:20Z,"post-grunge,alternative metal,hard rock",Unknown,0.384,0.958,1,-3.668,1,0.0741,0.0000186,0.00000475,0.381,0.314,104.863,4
spotify:track:2BJrrLbxGDM26fTpWqBMKU,Wouldn't You Rather,Walk The Sky,Alter Bridge,10/18/2019,229940,42,FALSE,,2022-10-24T23:42:07Z,"post-grunge,alternative metal,hard rock",Napalm Records Handels GmbH,0.458,0.959,5,-5.32,1,0.0882,0.00000362,0.863,0.105,0.217,107.983,4
spotify:track:0ZlNo99XBVbZX3jCTeFIQX,Life Must Go On,AB III,Alter Bridge,1/1/2010,272197,38,TRUE,,2022-10-24T23:38:02Z,"post-grunge,alternative metal,hard rock",Unknown,0.336,0.852,2,-4.558,1,0.0422,0.00761,0,0.129,0.347,151.821,3
spotify:track:4Ty4UUcF8cTZqhLAFhB1TW,The Last Hero,The Last Hero,Alter Bridge,10/7/2016,402002,29,FALSE,,2022-10-24T23:31:30Z,"post-grunge,alternative metal,hard rock",Alter Bridge,0.374,0.944,5,-4.685,0,0.0753,0.00000572,0.00000142,0.176,0.191,113.13,3
spotify:track:3UULkHdmLDqBDPmBYltoRE,Metalingus,One Day Remains,Alter Bridge,8/10/2004,259959,71,FALSE,,2022-10-24T23:21:12Z,"post-grunge,alternative metal,hard rock",The Bicycle Music Company,0.496,0.981,8,-3.268,1,0.108,0.00000933,0,0.0958,0.163,109.905,4
spotify:track:7cA4Fr3zDc1fPwK2f5SDKf,Wonderful Life / Watch over You (Live),Live at the Royal Albert Hall Featuring the Parallax Orchestra,Alter Bridge;The Parallax Orchestra,9/7/2018,429235,41,FALSE,,2022-10-24T23:09:02Z,"post-grunge,alternative metal,hard rock",Napalm Records Handels GmbH,0.208,0.606,7,-7.679,1,0.0398,0.697,0.0103,0.984,0.169,101.363,4
spotify:track:2h0qBK4pSWY6WlRym0xaEh,One Day Remains,One Day Remains,Alter Bridge,8/10/2004,245200,47,FALSE,,2022-10-24T22:33:28Z,"post-grunge,alternative metal,hard rock",The Bicycle Music Company,0.406,0.989,9,-3.469,1,0.267,0.0000362,0.00000427,0.0754,0.184,139.051,4
spotify:track:3GZkNdTA8YfKT0Wsaefqzu,Ghost Of Days Gone By,AB III,Alter Bridge,1/1/2010,265211,40,FALSE,,2022-10-24T21:31:23Z,"post-grunge,alternative metal,hard rock",Unknown,0.519,0.916,1,-4.372,1,0.0428,0.000216,0.000194,0.0841,0.463,136.518,4
spotify:track:7kxfWvj6u9oWQ5C36kMtGb,Watch Over You,Blackbird,Alter Bridge,10/5/2007,259133,60,FALSE,,2022-10-24T21:27:38Z,"post-grunge,alternative metal,hard rock",AB2/Universal Records,0.276,0.658,7,-5.418,1,0.0329,0.0836,0.000553,0.161,0.16,172.326,4
spotify:track:5DZjPUe1FG3Fw4ykoxZFxu,Godspeed,Walk The Sky,Alter Bridge,10/18/2019,256596,40,FALSE,,2022-10-24T21:22:24Z,"post-grunge,alternative metal,hard rock",Napalm Records Handels GmbH,0.461,0.911,8,-6.371,0,0.0561,0.00000462,0.655,0.156,0.302,120.034,4
spotify:track:5fhv6zZwZVzKL5S3IHGqVr,Cry Of Achilles,Fortress,Alter Bridge,1/1/2013,390870,44,FALSE,,2022-10-24T21:17:34Z,"post-grunge,alternative metal,hard rock",ALTER BRIDGE (AB2),0.252,0.985,6,-4.063,1,0.18,0.00014,0.000174,0.575,0.203,103.585,3
spotify:track:0hXBPrrTv64V2iN5r83ZDG,Take the Crown,Walk The Sky,Alter Bridge,10/18/2019,287052,32,FALSE,,2022-10-24T20:59:39Z,"post-grunge,alternative metal,hard rock",Napalm Records Handels GmbH,0.426,0.925,9,-6.228,1,0.0716,0.0000437,0.659,0.134,0.145,89.015,4
spotify:track:12ghiTzNkW4qFOW5b44OMC,My Champion,The Last Hero,Alter Bridge,10/7/2016,280746,37,FALSE,,2022-10-24T16:34:20Z,"post-grunge,alternative metal,hard rock",Alter Bridge,0.505,0.947,6,-5.533,1,0.0546,0.0000106,0.00000327,0.374,0.551,115.993,4
spotify:track:3Gbyl3XZVeEcnFPiiPR09n,Open Your Eyes,One Day Remains,Alter Bridge,8/10/2004,298600,60,FALSE,,2022-10-24T16:26:55Z,"post-grunge,alternative metal,hard rock",The Bicycle Music Company,0.356,0.904,2,-3.953,1,0.0624,0.000244,0.00000175,0.359,0.38,162.397,4
spotify:track:3pXd2TLv0OMjA4N93eP6Wa,Forever Falling,Walk The Sky,Alter Bridge,10/18/2019,310620,38,FALSE,,2022-10-24T16:26:53Z,"post-grunge,alternative metal,hard rock",Napalm Records Handels GmbH,0.453,0.95,1,-6.581,1,0.121,0.0000161,0.749,0.196,0.226,142.092,4
spotify:track:1o9ydH6XyWboIFZIZSDXfj,Shed My Skin,One Day Remains,Alter Bridge,8/10/2004,308733,50,FALSE,,2022-10-24T16:21:29Z,"post-grunge,alternative metal,hard rock",The Bicycle Music Company,0.288,0.866,0,-4.222,1,0.0542,0.000103,0.00000213,0.543,0.194,141.49,4
spotify:track:3QbPVemMWa0Q4wJPMOSh87,All Ends Well,Fortress,Alter Bridge,1/1/2013,312422,36,FALSE,,2022-10-24T16:17:47Z,"post-grunge,alternative metal,hard rock",ALTER BRIDGE (AB2),0.167,0.889,6,-3.342,1,0.0719,0.000763,0,0.0533,0.408,189.63,3
spotify:track:7JZ1zMaeb0U2uGM9PI7Ez8,Ties That Bind,Blackbird,Alter Bridge,10/5/2007,199480,48,FALSE,,2022-10-24T16:17:38Z,"post-grunge,alternative metal,hard rock",AB2/Universal Records,0.157,0.976,7,-4.569,0,0.387,0.000322,0.000132,0.319,0.125,78.601,4
spotify:track:3u0pZ2lv90HMUvovpTeIdb,Season of Promise,Pawns & Kings,Alter Bridge,10/14/2022,291449,33,FALSE,,2022-10-24T16:17:02Z,"post-grunge,alternative metal,hard rock",Napalm Records Handels GmbH,0.282,0.92,9,-5.862,1,0.104,0.00000783,0.000179,0.225,0.254,174.958,4
spotify:track:5uNazTJV7Rpd8zAtWDiSiG,Silver Tongue,Pawns & Kings,Alter Bridge,10/14/2022,258786,46,FALSE,,2022-10-24T16:08:45Z,"post-grunge,alternative metal,hard rock",Napalm Records Handels GmbH,0.427,0.93,1,-5.988,1,0.0745,0.0000112,0.0000322,0.439,0.345,140.934,4
spotify:track:2FJYXPlTmFPAjTwPS1bMnw,The Lion and the Lamb,Beautiful Offerings (Deluxe Edition),Big Daddy Weave,9/18/2015,306253,64,FALSE,,2022-10-24T06:35:17Z,"christian,ccm,worship,christian alternative rock,christian rock,christian pop",Curb | Word,0.367,0.739,11,-7.987,1,0.0411,0.103,0,0.0912,0.328,175.877,4
spotify:track:7rKCmo4SZhKubupJdsuM5S,Reckless Love,Reckless Love,Cory Asbury,10/27/2017,331124,0,FALSE,,2022-10-24T06:34:41Z,"worship,christian,ccm,country christian",Bethel Music,0.573,0.688,6,-7.303,1,0.0372,0.0312,0,0.0962,0.189,110.739,4
spotify:track:065JpMm3wBounTRtaoqVyS,Lamb of God,Church Songs,Vertical Worship,1/16/2015,251546,48,FALSE,,2022-10-24T06:31:07Z,"worship,christian,ccm,pop worship",Essential Worship,0.434,0.614,11,-6.35,1,0.0432,0.0411,0,0.197,0.196,141.99,4
spotify:track:1zexNfdOpmr21LpIr09IRe,Our God,And If Our God Is For Us... (Deluxe),Chris Tomlin,1/1/2010,285160,34,FALSE,,2022-10-24T06:30:36Z,"christian,worship,ccm,pop worship,country christian",Six Steps (SIX),0.508,0.778,11,-3.608,1,0.0295,0.00998,0,0.19,0.221,105.063,4
spotify:track:20bD4lkiXkxl5VVg0Y7Tjz,Resurrection Power,Resurrection Power,Chris Tomlin,1/12/2018,251106,39,FALSE,,2022-10-24T06:25:24Z,"christian,worship,ccm,pop worship,country christian",Sparrow (SPR),0.389,0.719,1,-4.264,1,0.0431,0.00875,0,0.0886,0.316,150.011,4
spotify:track:2uCLhG4UKRErEUpjsXBaeD,Glorious Day - Radio Version,Glorious Day (Radio Version),Passion;Kristian Stanfill,3/24/2017,251695,61,FALSE,,2022-10-24T06:20:27Z,"worship,christian,ccm,pop worship",SixSteps (SIX),0.471,0.846,2,-4.05,1,0.0388,0.0174,0,0.148,0.314,109.997,4
spotify:track:5W9Al2ewPfzbWHOV2BAtBR,Amazing Grace (My Chains Are Gone),Double Take - Chris Tomlin,Chris Tomlin,1/1/2006,267066,63,FALSE,,2022-10-24T06:20:06Z,"christian,worship,ccm,pop worship,country christian",Six Steps (SIX),0.471,0.164,7,-10.879,1,0.0324,0.833,0,0.101,0.17,125.242,4
spotify:track:0zvv76DEro0MMox8eLbK7D,May It Be,The Very Best of Enya (Deluxe Edition),Enya,12/1/2009,209693,51,FALSE,,2022-10-24T06:19:10Z,"new age,celtic",Warner Records,0.151,0.172,9,-17.018,1,0.0383,0.981,0.0238,0.133,0.103,81.397,4
spotify:track:4TbNLKRLKlxZDlS0pu7Lsy,You Raise Me Up,Closer,Josh Groban,11/11/2003,292333,59,FALSE,,2022-10-24T06:04:59Z,"classical crossover,christmas",143/Reprise,0.25,0.136,10,-12.162,1,0.037,0.673,0.000157,0.107,0.0981,118.086,4
spotify:track:2H1047e0oMSj10dgp7p2VG,I Gotta Feeling,THE E.N.D. (THE ENERGY NEVER DIES),Black Eyed Peas,1/1/2009,289133,82,FALSE,,2022-10-24T05:26:26Z,,Interscope,0.744,0.766,0,-6.375,1,0.0265,0.0873,0,0.509,0.61,127.966,4
spotify:track:0W4Kpfp1w2xkY3PrV714B7,Ho Hey,The Lumineers,The Lumineers,4/3/2012,163133,6,FALSE,,2022-10-24T05:24:54Z,"folk pop,indie folk",Dualtone Music Group,0.685,0.466,0,-9.074,1,0.0304,0.791,0.00000206,0.0914,0.353,79.936,4
spotify:track:6TwfdLbaxTKzQi3AgsZNzx,Daylight,Overexposed (Deluxe),Maroon 5,1/1/2012,225306,67,FALSE,,2022-10-24T05:19:13Z,pop,Interscope Records*,0.657,0.679,2,-5.511,1,0.0269,0.00246,0,0.211,0.331,120.007,4
spotify:track:0FDzzruyVECATHXKHFs9eJ,A Sky Full of Stars,Ghost Stories,Coldplay,5/16/2014,267866,90,FALSE,,2022-10-24T05:08:01Z,,Parlophone UK,0.545,0.675,6,-6.474,1,0.0279,0.00617,0.00197,0.209,0.162,124.97,4
spotify:track:6KuHjfXHkfnIjdmcIvt9r0,On Top Of The World,Night Visions (Deluxe),Imagine Dragons,9/4/2012,189840,71,FALSE,,2022-10-24T05:03:17Z,,Kid Ina Korner / Interscope,0.635,0.926,0,-5.589,1,0.15,0.0892,0.0000044,0.0928,0.771,100.043,4
spotify:track:2ihCaVdNZmnHZWt0fvAM7B,Little Talks,My Head Is An Animal,Of Monsters and Men,1/1/2012,266600,84,FALSE,,2022-10-24T04:42:47Z,folk pop,Universal Records,0.457,0.757,1,-5.177,1,0.032,0.0206,0,0.146,0.417,102.961,4
spotify:track:3gbBpTdY8lnQwqxNCcf795,Pompeii,Bad Blood,Bastille,1/1/2013,214147,76,FALSE,,2022-10-24T04:25:04Z,,EMI (Virgin),0.679,0.715,9,-6.383,1,0.0407,0.0755,0,0.271,0.571,127.435,4
spotify:track:5yDL13y5giogKs2fSNf7sj,Glad You Came,Battleground (Deluxe Edition),The Wanted,1/1/2011,197935,81,FALSE,,2022-10-24T04:21:30Z,,Universal-Island Records Ltd.,0.722,0.851,7,-3.873,0,0.0639,0.0319,0,0.108,0.452,126.885,4
spotify:track:4HlFJV71xXKIGcU3kRyttv,"Hey, Soul Sister","Save Me, San Francisco (Golden Gate Edition)",Train,12/1/2010,216773,87,FALSE,,2022-10-24T04:21:18Z,soft pop,Columbia,0.673,0.886,1,-4.44,0,0.0431,0.185,0,0.0826,0.795,97.012,4
spotify:track:6Z8R6UsFuGXGtiIxiD8ISb,Safe And Sound,In A Tidal Wave Of Mystery (Deluxe Edition),Capital Cities,2013,192789,16,FALSE,,2022-10-24T04:10:51Z,,Capital Cities,0.655,0.819,0,-4.852,1,0.0316,0.000176,0.00374,0.104,0.766,117.956,5
spotify:track:0mZBpbMn9vUFEbB2Z2r5v6,Say Something,As Seen On TV,Alex & Sierra,9/30/2016,206765,49,FALSE,,2022-10-24T04:06:13Z,,3056180 Records DK,0.369,0.125,2,-12.303,1,0.0324,0.926,0.0000256,0.107,0.112,141.458,3
spotify:track:6bSY42jHs2rQoeAAlqxilu,Perfect for Me,The New England Sessions,Ron Pope,6/29/2010,215600,40,FALSE,,2022-10-24T04:05:55Z,,Ron Pope,0.597,0.304,4,-10.483,1,0.0311,0.789,0.0000038,0.178,0.3,136.084,4
spotify:track:40NUp6VJswDOlGp63Pxybe,All at Once,How To Save A Life,The Fray,9/13/2005,227600,57,FALSE,,2022-10-24T03:52:33Z,,Epic,0.496,0.863,11,-2.509,1,0.043,0.0172,0,0.0676,0.509,133.879,4
spotify:track:72R0X0h8YaxYNpegeoOl0M,Kiss Me Slowly,The Way It Was,Parachute,1/1/2011,235813,56,FALSE,,2022-10-24T03:31:12Z,,Mercury Records,0.47,0.801,9,-6.426,1,0.0352,0.0758,0.0000353,0.218,0.431,173.92,4
spotify:track:3nqqDo8CcCLke3ZoTgiOKf,The Man Who Can't Be Moved,The Script,The Script,7/14/2008,241373,89,FALSE,,2022-10-24T03:11:43Z,,Epic/Phonogenic,0.605,0.629,10,-5.051,1,0.0279,0.437,0,0.097,0.308,99.894,4
spotify:track:14T9c9Dj07zvHWQw9DXVeU,Love Alone,Through Yourself & Back Again,Thriving Ivory,9/14/2010,229733,38,FALSE,,2022-10-24T03:11:27Z,,The Bicycle Music Company,0.413,0.931,10,-4.752,1,0.109,0.0229,0,0.0896,0.334,147.763,4
spotify:track:22kfKmCHYcXrnYm5vqbxgF,Some Kind Of Home,Through Yourself & Back Again,Thriving Ivory,9/14/2010,237466,40,FALSE,,2022-10-24T02:57:30Z,,The Bicycle Music Company,0.432,0.829,10,-3.554,1,0.0586,0.000249,0.0000168,0.129,0.275,120.743,4
spotify:track:07CUaE9XAgDQ0B2T4XGrnN,Can't Go Back Now,Hideaway,The Weepies;Deb Talan;Steve Tannen,4/22/2008,137880,43,FALSE,,2022-10-24T02:45:06Z,,Nettwerk Music Group,0.691,0.552,5,-9.114,1,0.0264,0.497,0.000589,0.197,0.685,119.931,4
spotify:track:1MIpU2U1kUInGTpaCYuVKs,Need You Now - Acoustic,Same Kind Of Different (Acoustic),Dean Lewis,11/17/2017,203262,44,FALSE,,2022-10-24T02:41:58Z,,Universal Music Australia Pty. Ltd.,0.601,0.317,10,-8.945,1,0.0497,0.911,0,0.181,0.381,137.95,4
spotify:track:1lu7y3Iun2ULcJ4sVvk4DG,"Lie, Cheat, and Steal",It's Gonna Be a Long Night,Ron Pope,4/28/2022,187400,3,FALSE,,2022-10-24T02:34:57Z,,Brooklyn Basement Records,0.504,0.258,1,-9.886,1,0.0366,0.858,0,0.121,0.391,149.441,4
spotify:track:23RHSRi84GsFKbu9h018xN,My Wildest Dreams,Bone Structure,Ron Pope,3/6/2020,191693,20,FALSE,,2022-10-24T02:20:26Z,,Brooklyn Basement Records,0.56,0.177,7,-9.143,1,0.0326,0.643,0.00000132,0.127,0.332,80.033,4
spotify:track:3yqJGfvXtPZLiWHVeLWtm8,One Grain of Sand,Atlanta,Ron Pope,5/1/2012,207240,48,FALSE,,2022-10-24T02:13:17Z,,Hard Six Records,0.713,0.824,3,-7.168,1,0.0393,0.106,0.0000803,0.13,0.696,120.028,4
spotify:track:3mt1UJTKZrvVuOvtb4DupX,Headlights on the Highway,Ron Pope: Live and Unplugged in New York,Ron Pope,10/10/2010,163509,17,FALSE,,2022-10-24T02:12:20Z,,Ron Pope,0.526,0.338,1,-9.186,1,0.0338,0.767,0,0.728,0.479,151.126,4
spotify:track:5SngLe0KKO7mDzt5XYWLvz,A Whole New World,Aladdin Original Broadway Cast Recording,Adam Jacobs;Courtney Reed,1/1/2014,247426,40,FALSE,,2022-10-23T00:16:19Z,musicals,Walt Disney Records,0.385,0.229,1,-10.419,1,0.0364,0.844,0.00000241,0.0819,0.222,127.365,4
spotify:track:3fytQQcjEOWXlvI9BDXVcK,What's This?,Nightmare Before Christmas Special Edition,Danny Elfman,1/1/2006,185573,59,FALSE,,2022-10-22T14:57:48Z,"soundtrack,score",Walt Disney Records,0.511,0.473,5,-10.907,1,0.0785,0.818,0.0000144,0.126,0.503,81.628,3
spotify:track:01YROQCnF1AQm7SCWJmD2o,This Is Halloween,Nightmare Before Christmas Special Edition,The Citizens of Halloween,1/1/2006,196560,69,FALSE,,2022-10-22T14:53:18Z,,Walt Disney Records,0.567,0.508,7,-12.823,1,0.0502,0.767,0,0.145,0.647,167.63,4
spotify:track:0D1OY0M5A0qD5HGBvFmFid,Go the Distance,Hercules (Original Motion Picture Soundtrack),Roger Bart;Disney,1/1/1997,194160,71,FALSE,,2022-10-22T14:49:32Z,,Walt Disney Records,0.275,0.126,9,-17.077,1,0.033,0.878,0.000872,0.0791,0.211,88.206,4
spotify:track:65GjU6KDPzF5IO143vvTgn,"For the First Time in Forever (Reprise) - From ""Frozen""/Soundtrack Version",Frozen (Original Motion Picture Soundtrack / Deluxe Edition),Kristen Bell;Idina Menzel,1/1/2013,149640,67,FALSE,,2022-10-22T14:22:21Z,musicals,Walt Disney Records,0.408,0.339,9,-9.321,1,0.0379,0.806,0,0.3,0.392,95.143,4
spotify:track:70b5Sq3ePOu3Gqg0hjlOtR,"For the First Time in Forever - From ""Frozen""/Soundtrack Version",Frozen (Original Motion Picture Soundtrack / Deluxe Edition),Kristen Bell;Idina Menzel,1/1/2013,225080,73,FALSE,,2022-10-22T14:01:14Z,musicals,Walt Disney Records,0.354,0.411,0,-6.018,1,0.0344,0.815,0,0.106,0.43,90.813,4
spotify:track:0z1b34WikhOH9ZxU8QDWcv,One Headlight,Bringing Down The Horse,The Wallflowers,1/1/1996,312626,79,FALSE,,2022-10-22T00:10:41Z,,Interscope,0.701,0.539,2,-8.968,1,0.0277,0.000655,0.005,0.0589,0.752,107.531,4
spotify:track:6svIgLZYmoY4xWeEtrO5kg,We Don't Have To Look Back Now,Famous,Puddle Of Mudd,1/1/2007,222373,51,FALSE,,2022-10-22T00:05:35Z,post-grunge,Flawless Records,0.406,0.719,0,-3.573,1,0.0297,0.144,0,0.127,0.287,165.527,4
spotify:track:0nDvTmQlCcJMIIrAzdy7z3,Love And Memories,Stories Of A Stranger,O.A.R.,10/4/2005,207493,57,FALSE,,2022-10-21T23:11:40Z,jam band,Craft Recordings,0.652,0.707,4,-4.552,1,0.0297,0.000122,0.00000278,0.485,0.656,121.998,4
spotify:track:3WRzV7wEJ9HfJJI51OzcA3,Friend Like Me,Aladdin Original Broadway Cast Recording,James Monroe Iglehart;Adam Jacobs;Aladdin Original Broadway Cast,1/1/2014,452466,48,FALSE,,2022-10-21T02:26:44Z,musicals,Walt Disney Records,0.657,0.555,5,-4.951,1,0.153,0.346,0.00000168,0.0299,0.632,92.092,4
spotify:track:4rcHWl68ai6KvpXlc8vbnE,Keep on Loving You,Hi Infidelity (30th Anniversary Edition),REO Speedwagon,1980,200293,76,FALSE,,2022-10-21T02:26:39Z,"soft rock,aor,classic rock",Epic/Legacy,0.306,0.722,0,-5.963,1,0.034,0.0519,0,0.117,0.41,174.732,4
spotify:track:2E5Y36CkQwRC06BCgaZTOo,Speak Of The Devil,American Psycho,Misfits,1/1/1997,107666,41,FALSE,,2022-10-21T01:56:29Z,"horror punk,punk,psychobilly,hardcore punk,skate punk",Geffen,0.515,0.991,1,-4.546,0,0.129,0.000921,0,0.345,0.05,107.988,4
spotify:track:1t5PnevpnWcCaUiVpye0Hr,Shining,American Psycho,Misfits,1/1/1997,179973,50,FALSE,,2022-10-21T01:19:08Z,"horror punk,punk,psychobilly,hardcore punk,skate punk",Geffen,0.462,0.993,10,-4.739,0,0.146,0.0000804,0.00000242,0.124,0.11,137.648,4
spotify:track:7txxAtOMwLLnQTpKeBL6bp,Mother,Danzig,Danzig,1/1/1988,204866,77,TRUE,,2022-10-21T01:15:55Z,horror punk,American Recordings Catalog P&D,0.365,0.763,11,-9.45,0,0.0591,0.00726,0.000457,0.0865,0.342,148.366,4
spotify:track:59WN2psjkt1tyaxjspN8fp,Killing In The Name,Rage Against The Machine - XX (20th Anniversary Special Edition),Rage Against The Machine,1992,313573,85,TRUE,,2022-10-21T01:15:30Z,"rap metal,rap rock,alternative metal,nu metal",Epic/Legacy,0.466,0.833,7,-4.215,1,0.304,0.0266,0,0.0327,0.661,88.785,4
spotify:track:5UWwZ5lm5PKu6eKsHAGxOk,Everlong,The Colour And The Shape,Foo Fighters,5/20/1997,250546,90,FALSE,,2022-10-21T01:07:30Z,"post-grunge,rock,alternative rock,grunge",RCA Records Label,0.413,0.881,11,-5.541,0,0.0367,0.0000599,0.000308,0.0805,0.364,158.066,4
spotify:track:7snQQk1zcKl8gZ92AnueZW,Sweet Child O' Mine,Appetite For Destruction,Guns N' Roses,7/21/1987,356066,92,FALSE,,2022-10-21T00:57:06Z,"rock,glam metal,hard rock,classic rock",Guns N Roses P&D,0.445,0.952,6,-5.321,1,0.0522,0.09,0.0843,0.112,0.624,125.304,4
spotify:track:6i4Qi1mJxXjqNIL9HfJhRs,Civil War,Use Your Illusion II,Guns N' Roses,9/18/1991,462093,75,FALSE,,2022-10-21T00:56:46Z,"rock,glam metal,hard rock,classic rock",Guns N Roses P&D,0.33,0.787,10,-8.806,0,0.0732,0.0803,0.0632,0.32,0.382,139.918,4
spotify:track:60a0Rd6pjrkxjPbaKzXjfq,In the End,Hybrid Theory (Bonus Edition),Linkin Park,10/24/2000,216880,93,FALSE,,2022-10-21T00:46:29Z,"nu metal,rap metal,rock,alternative metal",Warner Records,0.556,0.864,3,-5.87,0,0.0584,0.00958,0,0.209,0.4,105.143,4
spotify:track:0snQkGI5qnAmohLE7jTsTn,Toxicity,Toxicity,System Of A Down,9/4/2001,218933,88,FALSE,,2022-10-21T00:42:07Z,"nu metal,metal,alternative metal,rap metal,rock",American/Columbia,0.413,0.873,8,-4.151,1,0.0536,0.000264,0.00249,0.204,0.48,116.68,3
spotify:track:0tZ3mElWcr74OOhKEiNz1x,Bulls On Parade,Evil Empire,Rage Against The Machine,4/16/1996,229466,78,TRUE,,2022-10-21T00:24:04Z,"rap metal,rap rock,alternative metal,nu metal",Epic,0.412,0.919,5,-7.291,1,0.184,0.0124,0.0601,0.424,0.572,166.367,4
spotify:track:1jF5Id0OPFU1Mae8BEUF5u,Youth Gone Wild,Skid Row,Skid Row,1/24/1989,198906,3,FALSE,,2022-10-21T00:21:37Z,"glam metal,glam rock,hard rock",Rhino Atlantic,0.536,0.72,7,-11.277,0,0.0436,0.00202,0.000127,0.357,0.633,117.367,4
spotify:track:4ZqAfNYdK6Wm6JpA2ldCrb,Pawns & Kings,Pawns & Kings,Alter Bridge,10/14/2022,378313,38,FALSE,,2022-10-21T00:07:59Z,"post-grunge,alternative metal,hard rock",Napalm Records Handels GmbH,0.447,0.866,6,-5.588,1,0.0775,0.0000107,0.00000387,0.185,0.285,86.469,4
spotify:track:1qPbGZqppFwLwcBC1JQ6Vr,Wonderwall,(What's The Story) Morning Glory?,Oasis,10/2/1995,258906,85,FALSE,,2022-10-21T00:00:52Z,britpop,Big Brother Recordings Ltd,0.41,0.854,2,-5.609,1,0.0366,0.00236,0,0.133,0.456,174.584,4
spotify:track:0vxlqUrmgsiyAWOHaAfnSK,A Drop in the Ocean,Daylight,Ron Pope,7/14/2008,228311,49,FALSE,,2022-10-20T19:11:07Z,,Ron Pope,0.458,0.363,5,-6.473,1,0.032,0.892,0.00000379,0.155,0.492,134.252,3
spotify:track:5JDcQAztvZTIkrWoZihgvC,A Drop in the Ocean,The Bedroom Demos,Ron Pope,7/14/2008,220239,66,FALSE,,2022-10-20T19:10:33Z,,Ron Pope,0.447,0.393,5,-8.65,1,0.038,0.785,0,0.28,0.564,73.139,3
spotify:track:35qwJUKVy1OIt0wQ3xEXi0,Round Here,August And Everything After,Counting Crows,9/14/1993,331400,69,FALSE,,2022-10-20T17:47:49Z,,DGC,0.313,0.477,7,-9.37,1,0.0342,0.143,0.0000731,0.0814,0.186,94.192,4
spotify:track:0sqE6XPi9VAaWl5NxDyMQK,All Over You,Throwing Copper,Live,1/1/1994,239546,70,FALSE,,2022-10-20T17:47:24Z,"post-grunge,grunge",Radioactive Records 40%,0.322,0.835,1,-5.902,1,0.0572,0.00463,0.00000106,0.294,0.352,132.097,4
spotify:track:0Rv2WhXxtC0ty6LbTl8rkP,One Jump Ahead (Reprise),Aladdin Original Broadway Cast Recording,Adam Jacobs,1/1/2014,36400,31,FALSE,,2022-10-20T17:47:12Z,musicals,Walt Disney Records,0.366,0.148,10,-14.241,1,0.0408,0.937,0.0000213,0.342,0.347,80.285,4
spotify:track:6GG73Jik4jUlQCkKg9JuGO,The Middle,Bleed American,Jimmy Eat World,7/17/2001,165853,85,FALSE,,2022-10-20T17:42:00Z,"emo,pop punk",Interscope,0.643,0.849,2,-5.428,1,0.0526,0.0371,0,0.058,0.903,162.152,4
spotify:track:6u1yKoh00WaoSpNp46RzKF,Cumbersome,American Standard,Seven Mary Three,9/5/1995,236973,71,FALSE,,2022-10-20T17:39:29Z,"post-grunge,grunge",Rhino Atlantic,0.543,0.79,11,-5.932,1,0.0358,0.00811,0,0.238,0.339,80.923,4
spotify:track:2E7W1X4maFFcjHrVrFA7Vs,Bark at the Moon,Bark At The Moon (Expanded Edition),Ozzy Osbourne,12/10/1983,257126,70,FALSE,,2022-10-20T02:13:36Z,"metal,glam metal,heavy metal,hard rock",Epic,0.303,0.961,9,-5.333,0,0.243,0.00253,0.000062,0.132,0.305,146.591,4
spotify:track:51TG9W3y9qyO8BY5RXKgnZ,Symphony Of Destruction,Countdown To Extinction (Expanded Edition - Remastered),Megadeth,7/14/1992,246733,70,FALSE,,2022-10-20T01:51:23Z,"thrash metal,metal,heavy metal,speed metal",Capitol Records,0.61,0.889,4,-5.452,0,0.0585,0.000794,0.0865,0.0657,0.506,139.903,4
spotify:track:6c1Bdvp208X0jbLmFnWbkC,Re-Education (Through Labor),Appeal To Reason,Rise Against,1/1/2008,222453,68,FALSE,,2022-10-20T01:04:13Z,"punk,hardcore punk",Geffen,0.243,0.947,11,-3.388,1,0.102,0.000417,0.0000341,0.133,0.338,147.596,4
spotify:track:5CAaWuGhF4XvUm2liCkThA,The Dirt Whispered,Appeal To Reason,Rise Against,1/1/2008,189080,55,FALSE,,2022-10-20T00:44:22Z,"punk,hardcore punk",Geffen,0.324,0.938,1,-3.436,1,0.0444,0.000123,0.0000246,0.144,0.673,104.732,4
spotify:track:1nmZ8yqKkfooOuYvtFctDp,Heat Of The Moment,Asia,Asia,3/8/1982,227893,76,FALSE,,2022-10-19T04:25:34Z,"aor,progressive rock,arena rock",Geffen,0.306,0.86,1,-7.371,1,0.0534,0.204,0.000146,0.369,0.541,136.265,4
spotify:track:35k31HZI4z9PbBOioaI4dZ,Working for the Weekend,Get Lucky,Loverboy,1981,221000,5,FALSE,,2022-10-19T03:22:28Z,,Columbia,0.515,0.766,7,-12.768,1,0.0343,0.0249,0.00103,0.455,0.774,146.911,4
spotify:track:1IyHPt3b6BrhdMwNyk0VM0,"Hey Man, Nice Shot - Remastered Version 2025",Short Bus,Filter,4/11/1995,314440,68,FALSE,,2022-10-19T00:28:44Z,"industrial rock,post-grunge,industrial metal,industrial",Craft Recordings,0.48,0.588,2,-10.773,1,0.0339,0.00213,0.712,0.319,0.305,177.018,4
spotify:track:2B98ljvzqpCVgt5reTHq28,Better Man,Vitalogy,Pearl Jam,11/22/1994,268602,73,FALSE,,2022-10-18T19:42:31Z,"grunge,rock,post-grunge",Epic/Legacy,0.445,0.671,2,-7.937,1,0.0387,0.165,0.0000156,0.0791,0.267,125.712,4
spotify:track:2WZyfujzMweFLnozyUJBkW,Boston,All The Stars and Boulevards,Augustana,2005,245933,63,FALSE,,2022-10-18T19:18:57Z,,Epic,0.404,0.571,0,-5.069,1,0.0303,0.182,0.0000208,0.129,0.29,147.01,4
spotify:track:7pMWn5fjw6P3n3lj5UZaVN,What About Everything?,Indian Summer,Carbon Leaf,2004,224906,41,FALSE,,2022-10-17T20:13:22Z,"celtic rock,celtic",Vanguard Records,0.638,0.697,8,-7.072,1,0.0492,0.186,0,0.148,0.573,96.182,4
spotify:track:2MZ8MnTfejq0uEBCApD8tf,Heaven,Birds Of Pray,Live,1/1/2003,229786,52,FALSE,,2022-10-17T20:01:20Z,"post-grunge,grunge",Radioactive,0.394,0.816,8,-6.295,1,0.0403,0.000553,0,0.0775,0.36,184.813,4
spotify:track:4bfyeYgNLENrwLRRSKXfM3,Pictures Of You,Poison Kiss,The Last Goodnight,1/1/2007,189933,60,FALSE,,2022-10-17T19:58:58Z,,Virgin Records,0.555,0.773,2,-3.982,1,0.0341,0.214,0,0.0763,0.6,104.065,4
spotify:track:1gsedCHC8KOhET14XKUfan,On Your Side,Through Yourself & Back Again,Thriving Ivory,9/14/2010,233960,35,FALSE,,2022-10-17T19:54:22Z,,The Bicycle Music Company,0.497,0.901,4,-3.884,1,0.061,0.00315,0,0.111,0.483,124.8,4
spotify:track:60RuroekTM1lWgFp2VIzdm,Stay,Pawns & Kings,Alter Bridge,10/14/2022,277264,42,FALSE,,2022-10-17T17:27:37Z,"post-grunge,alternative metal,hard rock",Napalm Records Handels GmbH,0.483,0.939,11,-6.401,1,0.106,0.00000941,0.00168,0.464,0.352,120.064,4
spotify:track:6QewNVIDKdSl8Y3ycuHIei,Even Flow,Ten,Pearl Jam,8/27/1991,292579,84,TRUE,,2022-10-14T18:00:25Z,"grunge,rock,post-grunge",Epic/Legacy,0.394,0.944,10,-6.506,0,0.0761,0.00178,0.00000454,0.298,0.265,105.338,4
spotify:track:6qqOR1YZmq84kBJhiKaWf7,Sweating Bullets,Greatest Hits: Back To The Start,Megadeth,1/1/2005,326600,40,FALSE,,2022-10-14T17:57:06Z,"thrash metal,metal,heavy metal,speed metal",Capitol Records,0.331,0.859,4,-5.55,0,0.166,0.000315,0.00815,0.48,0.684,77.451,4
spotify:track:35GwlKlVXgFCMF5uTp5r7P,One,My Own Prison,Creed,1/1/1997,302533,68,FALSE,,2022-10-14T15:57:00Z,post-grunge,The Bicycle Music Company,0.557,0.933,6,-3.7,0,0.035,0.0000214,0.00000866,0.117,0.435,110.946,4
spotify:track:0VwTeYNjcl30DyQlt3GPe0,Rhinestone Cowboy,Rhinestone Cowboy (Expanded Edition),Glen Campbell,1975,194453,71,FALSE,,2022-10-14T15:07:35Z,classic country,CMCapNash (N91),0.644,0.633,0,-8.006,1,0.0261,0.102,0.0000682,0.227,0.648,115.192,4
spotify:track:29TI0GvP5gMQMPTJjdMe0H,You Never Even Called Me By My Name,David Allan Coe - 16 Biggest Hits,David Allan Coe,8/6/1999,314226,60,FALSE,,2022-10-14T14:59:19Z,"outlaw country,classic country,country,honky tonk",Columbia Nashville,0.604,0.459,0,-13.19,1,0.0321,0.153,0,0.275,0.505,105.908,4
spotify:track:4cts2JWIBKsSyMuclg7yZP,Ridin' My Thumb To Mexico,The Best Of Johnny Rodriguez 20th Century Masters The Millennium Collection,Johnny Rodriguez,1/1/2006,126200,36,FALSE,,2022-10-14T14:56:51Z,"classic country,outlaw country,traditional country,honky tonk",Mercury Nashville,0.628,0.321,1,-9.718,1,0.0292,0.972,0.0000101,0.253,0.666,90.259,4
spotify:track:7rLaJmjANgWaHEys3p6SDu,East Bound and Down,The Essential Jerry Reed,Jerry Reed,10/2/2015,169191,45,FALSE,,2022-10-14T14:49:57Z,"classic country,outlaw country,country",RLG/Legacy,0.495,0.929,7,-9.373,1,0.065,0.396,0,0.238,0.788,121.348,4
spotify:track:4EEjMyQub6tgFVshlM9j1M,Margaritaville,"Changes In Latitudes, Changes In Attitudes",Jimmy Buffett,1/1/1977,250933,74,FALSE,,2022-10-14T14:37:32Z,,Geffen*,0.801,0.545,2,-13.637,1,0.0357,0.709,0.00176,0.104,0.862,124.941,4
spotify:track:0kly0FygSDXVbvbXxsZ31S,High on You,Vital Signs,Survivor,1/1/1984,248200,56,FALSE,,2022-10-14T13:52:43Z,,Volcano,0.659,0.714,7,-9.811,1,0.0321,0.398,0.0000115,0.174,0.871,125.152,4
spotify:track:4VgEM12OeaN3GyBV487Me7,Holiday,Greatest Hits: God's Favorite Band,Green Day,11/17/2017,232680,66,FALSE,,2022-10-14T05:47:12Z,"punk,pop punk",Reprise,0.552,0.89,8,-3.409,1,0.0342,0.000143,0,0.888,0.716,146.525,4
spotify:track:7mnGQesk1TzQLzQ9bYWZPR,She's so High,Tal Bachman,Tal Bachman,2/23/1999,224693,77,FALSE,,2022-10-14T05:46:40Z,,Columbia,0.537,0.84,9,-4.626,1,0.0363,0.2,0.00000215,0.0998,0.211,124.269,4
spotify:track:0wqOReZDnrefefEsrIGeR4,Hanging By A Moment,No Name Face,Lifehouse,2000,216066,77,FALSE,,2022-10-14T05:46:36Z,post-grunge,Geffen,0.541,0.864,1,-4.915,1,0.0357,0.00118,0,0.0896,0.435,124.557,4
spotify:track:5BXj1QDRU77J1ngVavG1tI,Kyrie - Single Version,The Best of Mr. Mister,Mr. Mister,4/17/2001,256959,62,FALSE,,2022-10-14T05:46:26Z,,Buddha Records,0.489,0.676,0,-8.769,1,0.0368,0.287,0,0.389,0.622,89.749,4
spotify:track:234RqTZmnDTnxWlVciXHLD,It's Not Over,Daughtry (Deluxe Edition),Daughtry,2006,215026,72,FALSE,,2022-10-14T05:46:19Z,post-grunge,RCA Records Label,0.428,0.919,10,-3.245,0,0.0618,0.0503,0,0.245,0.294,145.927,4
spotify:track:5K7AMlpc4796JRWXb26nCV,I'll Be,Misguided Roses,Edwin McCain,1997,266533,77,FALSE,,2022-10-14T05:45:18Z,,Rhino Atlantic,0.371,0.609,11,-5.524,1,0.0295,0.386,0,0.104,0.426,136.526,3
spotify:track:5WmDRnuGYo31xrWNDcYaps,Found Out About You,New Miserable Experience,Gin Blossoms,1/1/1992,233400,68,FALSE,,2022-10-14T05:45:16Z,,A&M,0.539,0.826,7,-8.037,1,0.0276,0.00224,0.0451,0.0832,0.669,134.718,4
spotify:track:33iv3wnGMrrDugd7GBso1z,My Own Worst Enemy,A Place In The Sun,Lit,2/22/1999,169026,83,TRUE,,2022-10-14T05:44:55Z,,RCA Records Label,0.494,0.946,4,-2.757,1,0.0637,0.00129,0,0.398,0.741,103.408,4
spotify:track:1bpnYrDCforv9ctJMzJRV8,Defying Gravity,Wicked (Original Broadway Cast Recording),Stephen Schwartz;Kristin Chenoweth;Idina Menzel;Stephen Oremus,1/1/2003,353920,54,FALSE,,2022-10-14T05:44:45Z,"score,musicals",Verve (Adult Contemporary),0.314,0.378,1,-8.282,1,0.0339,0.722,0,0.0333,0.243,87.987,4
spotify:track:1ZozJfi8u9cO2Ob8KwiwNT,Higher,Human Clay,Creed,1/1/1999,316733,82,FALSE,,2022-10-14T05:44:26Z,post-grunge,The Bicycle Music Company,0.459,0.83,2,-6.254,1,0.0364,0.0000515,0.00014,0.206,0.431,155.827,4
spotify:track:1Rb2wHDDtNfLZwboO3UEQ4,Absolutely (Story of a Girl),Snapshots,Nine Days,7/8/2016,190758,0,FALSE,,2022-10-14T05:43:57Z,,Madding Music,0.504,0.948,7,-3.285,1,0.0962,0.00458,0,0.135,0.674,97.015,4
spotify:track:1N62wozuHCvczCkY4QidpP,Over My Head (Cable Car),How To Save A Life,The Fray,9/13/2005,236266,78,FALSE,,2022-10-14T05:43:53Z,,Epic,0.592,0.729,8,-4.156,1,0.0448,0.022,0,0.0653,0.709,116.03,4
spotify:track:53z0hOqr2yeSj3ZqCdiYNg,Crazy for This Girl,evan and jaron,Evan And Jaron,1999,202026,49,FALSE,,2022-10-14T05:43:50Z,,Columbia,0.454,0.92,0,-5.498,1,0.037,0.0007,0.0000447,0.102,0.417,94.071,4
spotify:track:2wV2Q54QNaogpDy7dbHIzQ,Falls On Me,Natural Selection,Fuel,2003,254026,47,FALSE,,2022-10-14T05:43:37Z,post-grunge,Epic,0.317,0.804,9,-6.504,0,0.0379,0.0000808,0.109,0.0995,0.181,164.185,4
spotify:track:6Ob6cQBH0I7ZzpLFye2yJs,Until I Fall Away,New Miserable Experience,Gin Blossoms,1/1/1992,232600,55,FALSE,,2022-10-14T05:43:30Z,,A&M,0.641,0.696,1,-9.456,0,0.0266,0.00768,0.0258,0.0485,0.82,122.721,4
spotify:track:5KiS8SFnu21xI74mHgfZ3D,Sorrow,The Process Of Belief,Bad Religion,1/22/2002,201293,59,FALSE,,2022-10-14T05:41:59Z,"punk,skate punk,hardcore punk,melodic hardcore,ska punk,ska",Epitaph,0.514,0.911,7,-4.595,1,0.0528,0.00191,0.00000478,0.0736,0.848,139.971,4
spotify:track:5QTxFnGygVM4jFQiBovmRo,(Don't Fear) The Reaper,Agents Of Fortune,Blue Öyster Cult,1976,308123,81,FALSE,,2022-10-14T05:40:43Z,"classic rock,hard rock",Columbia,0.333,0.927,9,-8.55,0,0.0733,0.0029,0.000208,0.297,0.385,141.466,4
spotify:track:3LpnzPxkMI6XS4JCbhNeek,I Alone,Throwing Copper,Live,1/1/1994,231133,70,FALSE,,2022-10-14T05:39:52Z,"post-grunge,grunge",Radioactive Records 40%,0.395,0.817,6,-7.282,1,0.0451,0.00228,0.00416,0.372,0.0991,90.231,4
spotify:track:48iWbsOaBUAGzMdoSmqyg1,Lightning Crashes,Throwing Copper,Live,1/1/1994,325600,75,FALSE,,2022-10-14T05:39:26Z,"post-grunge,grunge",Radioactive Records 40%,0.384,0.433,11,-9.256,1,0.0437,0.24,0.00000739,0.11,0.429,90.176,4
spotify:track:1H7Zqkq54andtaSSnLRrfp,You Will Be Found,Dear Evan Hansen (Original Broadway Cast Recording),Ben Platt;Kristolyn Lloyd;Will Roland;Laura Dreyfuss;Original Broadway Cast of Dear Evan Hansen,2/3/2017,360906,62,FALSE,,2022-10-14T05:39:17Z,musicals,Atlantic Records,0.293,0.624,9,-7.13,1,0.0613,0.0865,0,0.0874,0.213,87.335,4
spotify:track:5aDpULK8MbJmHl42kR5KNI,Collide,Stop All The World Now,Howie Day,2003,249120,64,FALSE,,2022-10-14T05:39:12Z,,Epic,0.636,0.625,11,-7.895,1,0.0277,0.222,0.0000535,0.119,0.342,93.931,4
spotify:track:5WwqdeavrQrbeAMDxGawse,Can't Fight This Feeling,Wheels Are Turnin',REO Speedwagon,11/5/1984,294773,77,FALSE,,2022-10-14T05:39:09Z,"soft rock,aor,classic rock",Epic,0.408,0.48,9,-11.017,1,0.0266,0.155,0.0000182,0.0877,0.19,156.344,4
spotify:track:5DiXcVovI0FcY2s0icWWUu,Mr. Jones,August And Everything After,Counting Crows,9/14/1993,272293,84,FALSE,,2022-10-14T05:38:58Z,,DGC,0.578,0.817,0,-6.541,1,0.0363,0.183,0.00000285,0.285,0.734,141.621,4
spotify:track:0vOkmmJEtjuFZDzrQSFzEE,Hit Me With Your Best Shot,Crimes Of Passion,Pat Benatar,8/5/1980,171266,75,FALSE,,2022-10-14T05:38:41Z,aor,Chrysalis\EMI Records (USA),0.741,0.58,4,-9.05,1,0.0304,0.117,0.0000361,0.212,0.944,127.402,4
spotify:track:74KI6d8jEM2zwOAo3luayU,Shimmer,Sunburn,Fuel,3/31/1998,214106,69,FALSE,,2022-10-14T05:38:33Z,post-grunge,Epic,0.48,0.795,4,-6.408,0,0.0421,0.00236,0,0.189,0.432,114.674,4
spotify:track:4GiVcDqNQI0fc0yYuRGH9m,Inside Out,Eve 6,Eve 6,1998,219466,71,FALSE,,2022-10-14T05:38:31Z,post-grunge,RCA Records Label,0.483,0.818,11,-7.666,1,0.0444,0.114,0,0.367,0.691,175.668,4
spotify:track:6jlqDfX8TQNxcaAz5oxYJA,Shattered (Turn The Car Around),All Sides (Deluxe Edition),O.A.R.,7/15/2008,255493,67,FALSE,,2022-10-14T05:38:18Z,jam band,Craft Recordings,0.572,0.783,11,-6.398,1,0.0353,0.0172,0,0.19,0.46,105.975,4
spotify:track:3rfDfPjgHDQ1BUaSHr9xoI,The Freshmen,Villains,The Verve Pipe,1996,269466,51,FALSE,,2022-10-14T05:38:13Z,post-grunge,RCA Records Label,0.577,0.497,1,-9.371,0,0.0235,0.0619,0.0000107,0.11,0.279,99.662,4
spotify:track:1X0Xqb78bHxwTB0CgOlpR5,Everything You Want,Everything You Want,Vertical Horizon,6/15/1999,257066,31,FALSE,,2022-10-14T05:38:07Z,,RCA Records Label,0.637,0.759,3,-6.389,0,0.0305,0.0504,0,0.0642,0.741,93.898,4
spotify:track:6B618H5CuCdEzcVs0NKTlt,Counting Blue Cars (Tell Me Your Thoughts On God),Pet Your Friends,Dishwalla,1/1/1995,291906,67,FALSE,,2022-10-14T05:38:03Z,alternative rock,A&M,0.454,0.79,11,-4.361,0,0.0285,0.00604,0.0000309,0.225,0.362,100.225,4
spotify:track:5TKuf1mxDlHdXcvdIDViUR,Til I Hear It From You,Til I Hear It From You,Gin Blossoms,1/1/1996,232466,57,FALSE,,2022-10-14T05:38:02Z,,A&M,0.577,0.764,9,-7.996,1,0.0294,0.0756,0,0.291,0.727,124.409,4
spotify:track:1A5V1sxyCLpKJezp75tUXn,Closing Time,20th Century Masters: The Millennium Collection: Best Of Semisonic,Semisonic,1/1/2003,274160,71,FALSE,,2022-10-14T05:38:00Z,,Geffen,0.478,0.854,7,-5.454,1,0.0289,0.0204,0.00000121,0.115,0.274,91.854,4
spotify:track:5xkNd7kCRmjT2DxSAYVVyC,And We Danced,Super Hits,The Hooters,8/29/2001,227760,57,FALSE,,2022-10-14T05:29:39Z,,Columbia/Legacy,0.561,0.945,9,-6.086,1,0.0444,0.0869,0,0.22,0.723,145.781,4
spotify:track:1qEyqHR1xsj2MC4Qy0dsaI,6th Avenue Heartache,Bringing Down The Horse,The Wallflowers,1/1/1996,337400,66,FALSE,,2022-10-14T05:29:34Z,,Interscope,0.454,0.853,5,-6.494,1,0.0367,0.046,0.000198,0.334,0.531,150.081,4
spotify:track:3TwtrR1yNLY1PMPsrGQpOp,Superman (It's Not Easy),America Town,Five For Fighting,9/26/2000,221693,71,FALSE,,2022-10-14T05:29:25Z,,Aware/Columbia,0.382,0.416,0,-9.303,1,0.0302,0.0733,0,0.0719,0.125,102.089,4
spotify:track:4KoNBTm9a55KgLMtEaf3n6,If You Could Only See,Lemon Parade,Tonic,7/15/1996,261519,75,FALSE,,2022-10-14T05:29:25Z,,Polydor,0.434,0.946,10,-5.138,0,0.04,0.00258,0,0.198,0.581,95.158,4
spotify:track:0pRfOWb0VgT5o8bws4iHvf,Angels On The Moon,Thriving Ivory,Thriving Ivory,6/24/2008,252800,64,FALSE,,2022-10-14T03:14:53Z,,Wind-up Records,0.441,0.8,10,-3.268,1,0.0365,0.267,0,0.101,0.204,151.011,4
spotify:track:50c2BXvhlhUl2cl5LVADtq,The Violence - Ghost Note Symphonies,"The Ghost Note Symphonies, Vol.1",Rise Against,7/27/2018,260796,41,FALSE,,2022-10-14T03:05:17Z,"punk,hardcore punk",Virgin Records (US1A),0.414,0.483,8,-5.84,0,0.0304,0.715,0,0.108,0.421,80.801,4
spotify:track:7uPQU7uKvsZZ7T9XnpBpFg,Someday,Cradlesong,Rob Thomas,6/22/2009,247800,60,FALSE,,2022-10-14T03:04:04Z,,Emblem / Atlantic,0.573,0.905,10,-5.954,1,0.0343,0.0408,0,0.113,0.683,135.943,4
spotify:track:1HfxPaJggVwFsvOtHbVzMz,Live Like We're Dying,Kris Allen,Kris Allen,11/16/2009,212506,55,FALSE,,2022-10-14T03:04:02Z,,Jive,0.589,0.893,0,-2.948,1,0.0397,0.0273,0,0.343,0.94,92.011,4
spotify:track:02acUMylPHMjJ9miDc9b38,Ever the Same,Something to Be,Rob Thomas,4/5/2005,256600,62,FALSE,,2022-10-14T03:03:44Z,,Melisma/Atlantic Records,0.435,0.729,1,-4.818,0,0.0307,0.0152,0.0000263,0.11,0.524,188.017,4
spotify:track:79HamXP06vXiANTlSKJDja,I'll Get By,I'll Get By,Avi Kaplan,2/28/2020,203160,46,FALSE,,2022-10-14T01:50:11Z,southern gothic,Fantasy,0.308,0.583,5,-8.881,1,0.0325,0.257,0.0025,0.123,0.38,97.092,4
spotify:track:35dSYPOnoGvis2ZOUe4xDv,House On Fire - Ghost Note Symphonies,"The Ghost Note Symphonies, Vol.1",Rise Against,7/27/2018,204381,42,TRUE,,2022-10-14T01:04:42Z,"punk,hardcore punk",Virgin Records (US1A),0.509,0.591,6,-5.754,1,0.0332,0.701,0,0.111,0.651,151.991,4
spotify:track:4DMKwE2E2iYDKY01C335Uw,Carry on Wayward Son,Leftoverture (Expanded Edition),Kansas,1976,323000,82,FALSE,,2022-10-13T18:54:16Z,"classic rock,progressive rock,aor",Epic/Legacy,0.482,0.786,7,-5.735,1,0.032,0.00321,0.0000888,0.446,0.793,126.755,4
spotify:track:4yugZvBYaoREkJKtbG08Qr,Take It Easy - 2013 Remaster,Eagles (2013 Remaster),Eagles,6/1/1972,211577,83,FALSE,,2022-10-13T18:50:31Z,"classic rock,yacht rock,soft rock",Rhino/Elektra,0.575,0.67,7,-10.39,1,0.0318,0.343,0.00000495,0.129,0.74,139.191,4
spotify:track:3RTUfvRgq3pYTf7XY0FIcS,Lookin' Out My Back Door,Cosmo's Factory (Expanded Edition),Creedence Clearwater Revival,7/25/1970,152453,63,FALSE,,2022-10-13T18:44:38Z,"classic rock,southern rock,country rock",Craft Recordings,0.745,0.656,10,-6.393,1,0.0405,0.188,0.00337,0.0941,0.858,105.318,4
spotify:track:5DnT9a5IM3eMjKgXTWVJvi,Have You Ever Seen The Rain,Pendulum,Creedence Clearwater Revival,12/7/1970,160333,71,FALSE,,2022-10-13T18:38:23Z,"classic rock,southern rock,country rock",Fantasy Records,0.743,0.47,0,-13.154,1,0.029,0.0936,0.0000315,0.186,0.89,116.122,4
spotify:track:2oSpQ7QtIKTNFfA08Cy0ku,It's The End Of The World As We Know It (And I Feel Fine),Document (R.E.M. No. 5),R.E.M.,9/1/1987,246933,72,FALSE,,2022-10-13T18:33:04Z,"jangle pop,alternative rock,rock",IRS,0.381,0.894,7,-8.638,1,0.037,0.0258,0,0.0251,0.797,205.528,4
spotify:track:2olVm1lHicpveMAo4AUDRB,The Power Of Love,Greatest Hits: Huey Lewis And The News,Huey Lewis & The News,1/1/2006,234333,78,FALSE,,2022-10-13T05:49:38Z,,Capitol Records,0.768,0.828,5,-5.109,1,0.0313,0.0964,0.0000285,0.097,0.961,118.777,4
spotify:track:57ebBLITHpRgRKGrlbxMZS,Faithfully,Frontiers,Journey,2/22/1983,267080,2,FALSE,,2022-10-13T05:30:25Z,"aor,classic rock",Columbia/Legacy,0.39,0.644,11,-5.212,1,0.0281,0.0979,0,0.109,0.266,129.752,4
spotify:track:4vnj7Z2AYZxtVDmOWtZfO6,Love Walks In - 2004 Remaster,The Best of Both Worlds,Van Halen,7/19/2004,311626,28,FALSE,,2022-10-13T05:22:21Z,"glam metal,classic rock,rock,hard rock",Rhino/Warner Records,0.324,0.716,5,-4.625,1,0.028,0.195,0,0.0794,0.297,86.953,4
spotify:track:6pwQEpLOlwclrsjgEOHEp0,Shadows Of The Night,Get Nervous,Pat Benatar,1/1/1982,261560,65,FALSE,,2022-10-13T05:02:35Z,aor,Chrysalis\EMI Records (USA),0.522,0.682,6,-10.183,1,0.0344,0.29,0.0000123,0.339,0.529,111.902,4
spotify:track:0PsbWiVtix5FoTZ1s00mEl,Come Sail Away,The Grand Illusion,Styx,1/1/1977,367000,68,FALSE,,2022-10-13T04:47:24Z,"classic rock,aor,progressive rock",A&M,0.324,0.335,0,-15.595,1,0.0355,0.099,0.00000108,0.0995,0.141,119.513,4
spotify:track:6OnfBiiSc9RGKiBKKtZXgQ,We Built This City,Knee Deep In The Hoopla,Starship,9/10/1985,296080,80,FALSE,,2022-10-13T04:46:41Z,,Rhino,0.661,0.908,5,-4.897,1,0.039,0.052,0,0.0708,0.656,144.091,4
spotify:track:1lZeAoeRbCSKRyqx1PBvT6,St Elmo's Fire (Anniversary Edition),St Elmo's Fire (Anniversary Edition),John Parr,9/18/2013,255626,68,FALSE,,2022-10-13T04:44:18Z,,JOHN PARR MUSIC LIMITED,0.575,0.831,9,-5.707,1,0.0372,0.145,0.219,0.256,0.543,111.038,4
spotify:track:7N3PAbqfTjSEU1edb2tY8j,Jump - 2015 Remaster,1984 (Remastered),Van Halen,1/4/1984,241599,81,FALSE,,2022-10-13T02:10:48Z,"glam metal,classic rock,rock,hard rock",Rhino/Warner Records,0.572,0.835,0,-6.219,1,0.0317,0.171,0.000377,0.0702,0.795,129.981,4
spotify:track:13iR4Ltdo6I3L5C9101w10,Superman's Dead - Calgary/Edmonton Live Show Version,Live,Our Lady Peace,6/24/2003,352840,19,FALSE,,2022-10-13T02:10:22Z,post-grunge,Columbia,0.127,0.962,10,-4.04,0,0.262,0.0112,0.000025,0.978,0.161,81.648,4
spotify:track:1UcWNtdPvWzKBsley8vixH,Be Like That,The Greatest Hits,3 Doors Down;Jack Joseph Puig,1/1/2012,266226,54,FALSE,,2022-10-13T01:32:34Z,post-grunge,Universal Records,0.52,0.83,7,-4.753,1,0.0252,0.0066,0,0.0975,0.362,96.002,4
spotify:track:5f2wSctNJlAOUAaRxQAcoM,Follow You Down - Edit,Follow You Down,Gin Blossoms,1/1/1996,227706,63,FALSE,,2022-10-13T01:31:27Z,,A&M,0.49,0.883,4,-8.736,0,0.0423,0.0121,0,0.0635,0.684,155.832,4
spotify:track:37EJtTS7jT5WUyXGZzrwnI,Santa Monica,Sparkle And Fade,Everclear,5/11/1995,191506,72,FALSE,,2022-10-13T01:28:00Z,"post-grunge,alternative rock",Capitol Records,0.491,0.942,7,-5.333,1,0.109,0.156,0,0.367,0.398,100.441,4
spotify:track:4o7ZPI2fmEi3piRe0Hrfpy,Hey Jealousy,New Miserable Experience,Gin Blossoms,1/1/1992,236626,70,FALSE,,2022-10-13T01:18:24Z,,A&M,0.471,0.797,6,-8.407,0,0.0389,0.000179,0.00000649,0.299,0.497,152.903,4
spotify:track:39yvhCgBmNrLf0m9lan0Ge,Tragedy + Time,The Black Market,Rise Against,1/1/2014,257000,52,FALSE,,2022-10-12T21:53:26Z,"punk,hardcore punk",Geffen,0.264,0.97,0,-3.428,0,0.116,0.0007,0.0000289,0.131,0.533,175.672,4
spotify:track:46IZ0fSY2mpAiktS3KOqds,Easy On Me,30,Adele,11/19/2021,224694,85,FALSE,,2022-10-12T21:14:58Z,soft pop,Columbia,0.604,0.366,5,-7.519,1,0.0282,0.578,0,0.133,0.13,141.981,4
spotify:track:5uS9wvMZRGItgtOEzKZoTK,Only Us (with Dan + Shay) - From The “Dear Evan Hansen” Original Motion Picture Soundtrack,Only Us (From The “Dear Evan Hansen” Original Motion Picture Soundtrack),Carrie Underwood;Dan + Shay,8/11/2021,225621,40,FALSE,,2022-10-12T20:56:37Z,country,Universal Studios/Interscope Records,0.365,0.401,4,-7.331,1,0.0303,0.722,0,0.0952,0.3,138.365,4
spotify:track:5PPMR30jGgfFp2loOPIOo3,teenage diary,a teenage diary,Lexi Jayde,7/23/2021,183010,0,FALSE,,2022-10-12T20:43:36Z,,"Artist Partner Group, Inc.",0.594,0.784,0,-7.329,1,0.053,0.188,0.00000167,0.486,0.741,105.98,4
spotify:track:7dfJGeGLIJ6BjcSR2AfgTJ,Rest My Bones,Rest My Bones,The Northern Empty,12/9/2016,217912,35,FALSE,,2022-10-12T06:25:35Z,,The Northern Empty,0.576,0.695,5,-5.781,1,0.0352,0.114,0.00000102,0.101,0.478,119.903,4
spotify:track:7dXdD5If8p1sFgywuGJQqT,Indestructible,Apollo,Daniel Baron,3/12/2015,228567,22,FALSE,,2022-10-12T06:21:28Z,,Rockstar Records,0.32,0.554,9,-9.771,0,0.0488,0.457,0.00727,0.0951,0.353,119.789,4
spotify:track:2VQzy5hIet7TpNop2MSFgN,Wildflowers,Whirlwind,Maddie Poppe,5/17/2019,182813,51,FALSE,,2022-10-12T06:16:49Z,,Hollywood Records,0.739,0.529,2,-6.514,1,0.0375,0.0669,0,0.377,0.529,126.027,4
spotify:track:5GeyeJIjw875GptYSAGGZf,Empty Coffee Cups,Stumbling Forward,Nicholas Wells,10/6/2015,282720,26,FALSE,,2022-10-12T06:06:08Z,,Nicholas Wells,0.627,0.698,11,-6.474,1,0.0323,0.122,0,0.115,0.497,144.91,4
spotify:track:3zmOO38eyJvqPbNbs3Ns7J,Last September,Last September,Derek,1/2/2019,253723,27,FALSE,,2022-10-12T06:00:09Z,,Derek,0.42,0.425,3,-10.095,0,0.0371,0.346,0.0000106,0.0953,0.155,188.01,3
spotify:track:3ZjS0wXbazmyarWRSmbhTN,Now or Never,Now or Never,Tyler Russell,8/15/2018,166375,25,FALSE,,2022-10-12T05:47:20Z,,RUSSELLMUSIC,0.739,0.734,8,-6.196,1,0.0574,0.00723,0,0.0605,0.56,120.03,4
spotify:track:4EGD5WPd2wG7Re8V0mU1lb,Tropicana,Tropicana,Caleb Blair,12/7/2018,229811,35,FALSE,,2022-10-12T05:44:22Z,,Caleb Blair,0.576,0.831,3,-5.037,1,0.0424,0.000996,0,0.356,0.56,144.082,4
spotify:track:2HERWly97lgiEsxmiGrDzQ,Head Above Water,Head Above Water,Roll for It,11/12/2018,210461,28,FALSE,,2022-10-12T05:41:05Z,,Give Heart Records,0.48,0.857,0,-4.667,1,0.0543,0.0197,0.000387,0.269,0.153,129.873,4
spotify:track:6AP7SrxDiQdIoyWZ32nTVm,Take It Back,Take It Back (Feat. Dom Fricot),Jef Miles;Dom Fricot,1/24/2018,220473,56,FALSE,,2022-10-12T05:37:04Z,"progressive house,tropical house",Twelve 30 Records,0.733,0.567,5,-8.508,1,0.0684,0.0504,0.00000948,0.133,0.519,123.984,4
spotify:track:5Pq4y8vj5F7HnSgy71mvbh,Whisper Something,Water & Guns,Aaron Sprinkle,9/30/2013,210813,35,FALSE,,2022-10-12T05:32:23Z,"christian alternative rock,christian folk",BEC Recordings,0.592,0.793,7,-5.257,1,0.0354,0.0215,0,0.205,0.692,83.036,4
spotify:track:1qHffsS21tTvquvrcziuSR,I Did It All,I Did It All,Vince Myers,2/27/2015,238112,42,FALSE,,2022-10-12T05:32:14Z,,Vince Myers,0.641,0.676,9,-7.563,1,0.0352,0.061,0,0.19,0.131,119.943,4
spotify:track:32VyGnyU53QXha0slpCKGB,Feels So Right,Weights & Wings,Matt Wertz,3/15/2011,145706,0,FALSE,,2022-10-12T05:32:05Z,,Nettwerk Music Group,0.463,0.861,6,-4.956,1,0.0408,0.0253,0.0000395,0.365,0.4,132.192,4
spotify:track:3Fa4VIrk956ZRWSR43gjRd,Dear Future Me,So This Is How Things Are Now,Little King,11/23/2018,240650,27,FALSE,,2022-10-12T05:10:02Z,,Little King,0.647,0.591,5,-6.605,1,0.026,0.255,0.00629,0.118,0.754,91.554,4
spotify:track:5SYb42keVyr5S9smozZRWl,I'll Fight,Baptized (Deluxe Version),Daughtry,11/15/2013,180733,47,FALSE,,2022-10-12T05:05:24Z,post-grunge,RCA Records Label,0.588,0.772,6,-4.444,1,0.0626,0.00562,0,0.239,0.729,155.033,4
spotify:track:6nxd6zt56Rr1iJCNWMDc4O,You Lift Me Up,Mikey Wax,Mikey Wax,1/1/2014,226837,0,FALSE,,2022-10-12T05:04:12Z,,Toucan Cove Entertainment,0.517,0.839,3,-3.551,0,0.0336,0.00205,0,0.101,0.35,124.087,4
spotify:track:36klADHmXP2FLOl26Pzzu9,Neverland,Love Matter,Travis Van Hoff ,2/17/2014,297461,0,FALSE,,2022-10-12T04:58:21Z,,Cinch Records,0.552,0.728,0,-7.456,1,0.029,0.0112,0.0000403,0.159,0.226,129.984,4
spotify:track:1s1LGJTj22jFgfdG30fGTa,Hole in My Heart,Hole in My Heart,Luke Friend,2/10/2017,188089,0,FALSE,,2022-10-12T04:51:36Z,,BMG Rights Management GmbH,0.404,0.712,6,-4.975,1,0.0284,0.0905,0,0.116,0.387,176.043,3
spotify:track:5JXWDnPxZW1wxs9yl28zw1,Chances (Live),Live with String Quartet,Five For Fighting,10/12/2018,224600,0,FALSE,,2022-10-12T04:44:59Z,,John Ondrasik,0.284,0.56,10,-6.809,1,0.0319,0.923,0,0.722,0.316,158.48,4
spotify:track:1tkRrjk71WZXeKbvw12PuV,Into The Wild,Into The Wild,Connell Cruise,2/24/2015,195226,27,FALSE,,2022-10-12T04:44:56Z,,Mercury Records,0.695,0.814,11,-6.079,0,0.0351,0.00144,0.00000136,0.296,0.627,96.991,4
spotify:track:2rzb5bMRoTlW7TaW1Lz7cV,Feel Bad,Good Looks,A Story Told,10/13/2017,266671,0,FALSE,,2022-10-12T04:36:33Z,,A Story Told,0.571,0.97,4,-4.774,1,0.0965,0.00324,0.000362,0.385,0.229,123.033,4
spotify:track:0SA903LGHxe4ExdRY2SqVH,Killer Queen,Killer Queen,5 Seconds of Summer,10/25/2018,199357,50,FALSE,,2022-10-12T02:48:01Z,,EMI,0.262,0.789,10,-4.548,1,0.123,0.00422,0,0.325,0.487,171.009,3
spotify:track:4YwXnWv3lnSFxpW9bO18hJ,Raise Your Horns,Back From the Dead,Halestorm,5/6/2022,198799,46,FALSE,,2022-10-11T22:16:27Z,,Atlantic Records,0.435,0.38,8,-5.776,1,0.0349,0.625,0,0.11,0.226,99.406,3
spotify:track:4NgsFDgvexIMJdvLsKKXeB,OK Overture,OK ORCHESTRA,AJR,3/26/2021,271884,0,TRUE,,2022-10-11T22:06:06Z,,S-Curve Records,0.427,0.454,7,-8.603,0,0.0535,0.262,0.0000153,0.271,0.351,138.515,3
spotify:track:07m8PuXxxv5J4qPEDq6ZkK,Brand New,Brand New,Ben Rector,8/28/2015,243933,63,FALSE,,2022-10-11T22:03:25Z,,Tempo Music,0.555,0.934,9,-5.04,1,0.113,0.00268,0,0.122,0.422,144.874,4
spotify:track:2KVwlelhxKUy8LVV6JypH3,Push,Yourself or Someone Like You,Matchbox Twenty,10/1/1996,238666,80,FALSE,,2022-10-11T22:00:13Z,post-grunge,Lava/Atlantic,0.42,0.672,6,-7.902,1,0.027,0.0067,0,0.108,0.476,168.019,4
spotify:track:7JBORNKYEw0ubz6VyzS6DM,3 O'Clock Things,OK ORCHESTRA,AJR,3/26/2021,228376,0,FALSE,,2022-10-11T22:00:06Z,,S-Curve Records,0.685,0.523,6,-8.633,1,0.0783,0.0344,0,0.161,0.346,94.026,4
spotify:track:02MWAaffLxlfxAUY7c5dvx,Heat Waves,Dreamland (+ Bonus Levels),Glass Animals,8/6/2020,238805,11,FALSE,,2022-10-11T22:00:02Z,,Polydor Records,0.761,0.525,11,-6.9,1,0.0944,0.44,0.0000067,0.0921,0.531,80.87,4
spotify:track:2j6QH8Q3q3TFYHpOQvExiE,Audience Of One - Ghost Note Symphonies,"The Ghost Note Symphonies, Vol.1",Rise Against,7/27/2018,248697,46,FALSE,,2022-10-11T18:53:16Z,"punk,hardcore punk",Virgin Records (US1A),0.415,0.405,1,-6.266,1,0.0296,0.619,0,0.0969,0.372,159.779,4
spotify:track:74zUPQTB6HMnfS1cagJnd8,Nowhere Generation,Nowhere Generation,Rise Against,3/18/2021,232933,48,FALSE,,2022-10-11T18:49:17Z,"punk,hardcore punk",Loma Vista Recordings,0.373,0.944,11,-3.99,1,0.0998,0.00265,0.0000355,0.422,0.376,165.881,4
spotify:track:0TaT50ZZxT4ytZxuqkE3A9,Why Can't This Be Love,5150,Van Halen,3/24/1986,227693,72,FALSE,,2022-10-11T18:43:06Z,"glam metal,classic rock,rock,hard rock",Warner Records,0.531,0.626,0,-13.371,1,0.0452,0.0606,0,0.0767,0.746,88.236,4
spotify:track:3JvrhDOgAt6p7K8mDyZwRd,Riptide,Dream Your Life Away (Special Edition),Vance Joy,9/8/2014,204280,9,FALSE,,2022-10-11T18:42:21Z,folk pop,Atlantic Records,0.484,0.731,1,-6.694,1,0.0379,0.431,0,0.151,0.51,101.654,4
spotify:track:4z4PB23xYTg1oANmyZovsw,Why Can't I?,Liz Phair,Liz Phair,1/1/2003,208360,65,TRUE,,2022-10-11T18:41:50Z,,Capitol Records,0.487,0.759,11,-4.849,1,0.0405,0.0273,0,0.165,0.227,80.958,4
spotify:track:4oGTdOClZUxcM2H3UmXlwL,Ironic,Jagged Little Pill,Alanis Morissette,1995,225933,63,FALSE,,2022-10-11T18:37:49Z,,Maverick,0.495,0.595,11,-7.57,1,0.0443,0.246,0,0.236,0.392,85.341,4
spotify:track:2f5N826udWfjT9iomeaBJt,If You're Gone,Mad Season,Matchbox Twenty,5/23/2000,274933,71,FALSE,,2022-10-11T18:37:16Z,post-grunge,Atlantic Records,0.544,0.659,9,-7.191,1,0.0298,0.427,0.00000133,0.126,0.361,109.933,4
spotify:track:1G8jae4jD8mwkXdodqHsBM,Name,A Boy Named Goo,The Goo Goo Dolls,1995,270000,77,FALSE,,2022-10-11T18:37:13Z,,Warner Records,0.464,0.701,9,-5.943,1,0.0341,0.0691,0.00182,0.0766,0.407,73.97,4
spotify:track:2toY6JyyfKy9TwNk3Ou2XG,She's so Mean,North (Deluxe Edition),Matchbox Twenty,8/28/2012,232320,68,FALSE,,2022-10-11T18:37:10Z,post-grunge,Emblem/Atlantic,0.672,0.875,0,-3.728,1,0.0378,0.0136,0,0.279,0.676,118.014,4
spotify:track:0PXWpNBYg52gABrn1qL1bD,Unwell - 2007 Remaster,Exile on Mainstream,Matchbox Twenty,10/2/2007,237266,63,FALSE,,2022-10-11T18:37:03Z,post-grunge,Atlantic Records,0.442,0.793,9,-5.152,1,0.0347,0.0456,0,0.328,0.437,80.985,4
spotify:track:6Qyc6fS4DsZjB2mRW9DsQs,Iris,Dizzy up the Girl,The Goo Goo Dolls,1998,289533,96,FALSE,,2022-10-11T18:36:54Z,,Warner Records,0.315,0.715,11,-8.072,0,0.0362,0.00125,0.00000797,0.0942,0.497,155.925,3
spotify:track:0p9sEGpxxooSZCjfKrWcZy,The Riddle,Two Lights,Five For Fighting,6/15/2006,227026,53,FALSE,,2022-10-11T18:36:48Z,,Aware/Columbia,0.59,0.562,10,-5.8,1,0.029,0.327,0,0.135,0.271,119.429,4
spotify:track:4r7im8h2DTRPvl25YfNyIT,Long Day,Yourself or Someone Like You,Matchbox Twenty,10/1/1996,225666,65,FALSE,,2022-10-11T18:36:45Z,post-grunge,Lava/Atlantic,0.458,0.822,8,-6.613,0,0.0431,0.00279,0,0.15,0.6,104.103,4
spotify:track:5zmaypMaWb21FUGBxbw8hT,Black Balloon,Dizzy up the Girl,The Goo Goo Dolls,1998,249533,70,FALSE,,2022-10-11T18:36:44Z,,Warner Records,0.339,0.625,1,-8.57,1,0.028,0.057,0.000102,0.229,0.334,104.68,4
spotify:track:5fIrBv7PrI2MBcktQOcmpI,Sympathy,Gutterflower,The Goo Goo Dolls,4/8/2002,178146,67,FALSE,,2022-10-11T18:36:35Z,,Warner Records,0.546,0.631,8,-5.757,1,0.0283,0.25,0,0.123,0.569,129.556,4
spotify:track:4l7YIni9bAiGwWMqK5wvgV,You Learn - 2015 Remaster,Jagged Little Pill (2015 Remaster),Alanis Morissette,1995,239640,69,FALSE,,2022-10-11T18:36:28Z,,Rhino/Maverick Records,0.401,0.706,8,-7.554,1,0.0404,0.00415,0,0.0916,0.458,168.669,4
spotify:track:0gbLfFlEyVHiKzlZIb0gce,How Far We've Come,Exile on Mainstream,Matchbox Twenty,10/2/2007,212253,59,FALSE,,2022-10-11T18:36:23Z,post-grunge,Atlantic Records,0.566,0.906,0,-5.092,1,0.0642,0.00452,0,0.21,0.787,83,4
spotify:track:1uzWOoJdADfstQuFtQFTUn,Breakfast At Tiffany's,Home,Deep Blue Something,1/1/1995,257373,75,FALSE,,2022-10-11T18:36:19Z,,Interscope,0.622,0.829,2,-5.548,1,0.029,0.11,0,0.0954,0.539,110.367,4
spotify:track:500Tkm3vJmVtdUwdCVxCTb,Run-Around,Four,Blues Traveler,1/1/1994,279800,73,FALSE,,2022-10-11T18:36:14Z,jam band,A&M,0.628,0.867,7,-7.307,1,0.0604,0.0865,0,0.126,0.877,151.695,4
spotify:track:5vYA1mW9g2Coh1HUFUSmlb,3AM,Yourself or Someone Like You,Matchbox Twenty,10/1/1996,225946,79,FALSE,,2022-10-11T18:36:11Z,post-grunge,Lava/Atlantic,0.521,0.673,8,-8.685,1,0.0284,0.00573,0,0.12,0.543,108.031,4
spotify:track:0nnwn7LWHCAu09jfuH1xTA,Slide,Dizzy up the Girl,The Goo Goo Dolls,1998,212066,79,FALSE,,2022-10-11T18:36:09Z,,Warner Records,0.395,0.843,8,-4.476,1,0.0374,0.00483,0,0.0404,0.481,112.423,4
spotify:track:37DziDjAAxRySqsYGNYBlW,The Thing That Should Not Be - Live with the SFSO,S&M,Metallica,11/23/1999,446666,37,FALSE,,2022-10-11T18:36:00Z,"metal,thrash metal,rock,heavy metal,hard rock",Blackened Recordings,0.263,0.914,3,-5.474,0,0.0593,0.00000907,0.0607,0.379,0.18,112.99,4
spotify:track:71ICzL8lwdvR76llazQKAf,Slip to the Void (Live),Live at the Royal Albert Hall Featuring the Parallax Orchestra,Alter Bridge;The Parallax Orchestra,9/7/2018,318268,30,FALSE,,2022-10-11T18:35:58Z,"post-grunge,alternative metal,hard rock",Napalm Records Handels GmbH,0.0887,0.875,6,-6.249,1,0.108,0.000775,0.0235,0.481,0.0902,83.098,4
spotify:track:6uiIsmgbL72FFTlW70UMH3,Little Things - Live,Live in Tampa,Bush,4/24/2020,591167,20,FALSE,,2022-10-11T18:35:51Z,"grunge,post-grunge",Cleopatra Records,0.173,0.9,7,-7.904,1,0.0898,0.000046,0.0000873,0.409,0.198,154.879,4
spotify:track:0wFL6kJKvHY6t5OcOiAbCZ,Master Of Puppets - Live with the SFSO,S&M,Metallica,11/23/1999,534773,41,FALSE,,2022-10-11T18:35:47Z,"metal,thrash metal,rock,heavy metal,hard rock",Blackened Recordings,0.279,0.99,1,-3.312,1,0.0971,0.00000636,0.00442,0.726,0.24,107.146,4
spotify:track:0Jc29ZEgzvXEPP4QZZnnLu,Addicted to Pain (Live),Live at the Royal Albert Hall Featuring the Parallax Orchestra,Alter Bridge;The Parallax Orchestra,9/7/2018,264864,31,FALSE,,2022-10-11T18:35:45Z,"post-grunge,alternative metal,hard rock",Napalm Records Handels GmbH,0.416,0.995,6,-5.172,1,0.0813,0.00000372,0.00865,0.721,0.0806,118.543,4
spotify:track:7waRjsA2ehXv619f47lYOT,Everything Zen - 2014 Remastered,Sixteen Stone (2014 Remastered),Bush,10/14/2014,278133,1,FALSE,,2022-10-11T18:35:37Z,"grunge,post-grunge",Round Hill Music,0.48,0.856,0,-4.409,1,0.0484,0.000347,0.00418,0.133,0.324,134.229,4
spotify:track:1ZCj3AabIF9OtX1ZMKvhnE,Wherever I May Roam - Live with the SFSO,S&M,Metallica,11/23/1999,421466,37,FALSE,,2022-10-11T18:35:35Z,"metal,thrash metal,rock,heavy metal,hard rock",Blackened Recordings,0.26,0.943,3,-4.193,1,0.0661,0.0000187,0.00342,0.958,0.191,136.349,4
spotify:track:66LIXKuNRZs38OyHAE3M3u,All Hope Is Gone,AB III,Alter Bridge,1/1/2010,288386,34,FALSE,,2022-10-11T18:35:33Z,"post-grunge,alternative metal,hard rock",Unknown,0.306,0.84,10,-4.908,0,0.0517,0.0000388,0.00000729,0.243,0.275,163.046,3
spotify:track:2ox1STg6AbcEHoHWlFtFwr,Comedown - 2014 Remastered,Sixteen Stone (2014 Remastered),Bush,10/14/2014,326666,1,FALSE,,2022-10-11T18:35:25Z,"grunge,post-grunge",Round Hill Music,0.46,0.81,11,-5.008,0,0.0557,0.0000654,0.000189,0.123,0.38,139.671,4
spotify:track:6g3XrmNrWVa33dZuxIhMbF,Way Less Sad,OK ORCHESTRA,AJR,3/26/2021,206108,1,FALSE,,2022-10-11T18:35:18Z,,S-Curve Records,0.701,0.547,2,-8.238,1,0.0483,0.00843,0,0.0987,0.4,140.015,4
spotify:track:6dJODklApmve5IzgKWUqV2,Machinehead - 2014 Remastered,Sixteen Stone (2014 Remastered),Bush,10/14/2014,256333,4,FALSE,,2022-10-11T18:35:16Z,"grunge,post-grunge",Round Hill Music,0.143,0.919,9,-4.438,1,0.11,0.0000257,0.00427,0.134,0.201,172.668,3
spotify:track:0oYB2jJWFABCjNRY4KSZ9w,Of Wolf And Man - Live with the SFSO,S&M,Metallica,11/23/1999,258866,38,FALSE,,2022-10-11T18:35:13Z,"metal,thrash metal,rock,heavy metal,hard rock",Blackened Recordings,0.392,0.977,1,-3.497,0,0.0725,0.0000136,0.0000557,0.979,0.277,125.687,4
spotify:track:7yQP0dsMgIV5FJT94htpxe,Fuel - Live with the SFSO,S&M,Metallica,11/23/1999,275893,40,FALSE,,2022-10-11T18:35:09Z,"metal,thrash metal,rock,heavy metal,hard rock",Blackened Recordings,0.295,0.99,10,-4.04,0,0.177,0.000017,0.000151,0.71,0.148,115.569,4
spotify:track:003vvx7Niy0yvhvHt4a68B,Mr. Brightside,Hot Fuss,The Killers,2004,222973,95,FALSE,,2022-10-11T18:35:05Z,alternative rock,Island Records,0.352,0.911,1,-5.23,1,0.0747,0.00121,0,0.0995,0.236,148.033,4
spotify:track:4VsClQxmqKJndZnX6tNBi9,Glycerine (Live) [feat. Gwen Stefani],Glycerine (Live) [feat. Gwen Stefani],Bush,12/13/2012,278333,41,FALSE,,2022-10-11T18:35:02Z,"grunge,post-grunge",Zuma Rock Records,0.255,0.764,5,-2.494,1,0.059,0.247,0,0.484,0.413,114.899,4
spotify:track:0l0pSXUMHrz9ew18hIdsid,Broken Wings (Live),Live at the Royal Albert Hall Featuring the Parallax Orchestra,Alter Bridge;The Parallax Orchestra,9/7/2018,315379,32,FALSE,,2022-10-11T18:34:57Z,"post-grunge,alternative metal,hard rock",Napalm Records Handels GmbH,0.355,0.779,10,-6.145,0,0.0411,0.00032,0.0343,0.903,0.341,144.136,4
spotify:track:6fpGop5og9FIoOaZieJGUa,Into The Night,Agony & Irony,Alkaline Trio,7/1/2008,202493,0,FALSE,,2022-10-11T18:33:44Z,"pop punk,punk,emo,skate punk",Epic,0.428,0.972,5,-2.408,1,0.0701,0.00027,0.00135,0.221,0.408,172.785,4
spotify:track:4BhQPUU3wsJSlrAzTeuPTF,"Love Love, Kiss Kiss",Agony & Irony,Alkaline Trio,7/1/2008,205240,0,FALSE,,2022-10-11T18:33:37Z,"pop punk,punk,emo,skate punk",Epic,0.6,0.899,7,-2.935,1,0.039,0.0135,0.00534,0.353,0.451,115.052,4
spotify:track:1IKiLR3P0rK4i4diaKuFNd,"Live Young, Die Fast",Agony & Irony,Alkaline Trio,7/1/2008,253773,0,FALSE,,2022-10-11T18:33:35Z,"pop punk,punk,emo,skate punk",Epic,0.522,0.905,6,-3.455,0,0.0422,0.0000354,0.000221,0.119,0.235,107.77,3
spotify:track:3b02OTLptmiqASGWBUuET9,I Found Away feat. Douglas P,Agony & Irony,Alkaline Trio,7/1/2008,240760,0,FALSE,,2022-10-11T18:33:31Z,"pop punk,punk,emo,skate punk",Epic,0.432,0.902,1,-4.982,0,0.127,0.00334,0.00000124,0.155,0.402,168.927,4
spotify:track:3aDr0qgtVD6nBOvZQNwPcp,Over And Out,Agony & Irony,Alkaline Trio,7/1/2008,193840,0,FALSE,,2022-10-11T18:33:22Z,"pop punk,punk,emo,skate punk",Epic,0.569,0.901,9,-5.072,1,0.0641,0.0102,0.000133,0.1,0.433,136.094,4
spotify:track:3WWw0TnNdplVi2Kg2YMnQm,In Vein,Agony & Irony,Alkaline Trio,7/1/2008,236453,0,FALSE,,2022-10-11T18:33:20Z,"pop punk,punk,emo,skate punk",Epic,0.612,0.804,5,-4.522,1,0.0432,0.00041,0.00000788,0.377,0.444,122.077,4
spotify:track:23mkKDVw5XAX48KCKEq3Ru,Calling All Skeletons,Agony & Irony,Alkaline Trio,7/1/2008,198786,0,FALSE,,2022-10-11T18:33:17Z,"pop punk,punk,emo,skate punk",Epic,0.575,0.944,7,-3.377,1,0.0784,0.00343,0.00000162,0.318,0.531,130.009,4
spotify:track:3d77Bfg3W4CwdW38GUkiif,Pocket Knife,My Shame Is True (Deluxe Edition),Alkaline Trio,4/2/2013,163040,27,FALSE,,2022-10-11T18:33:01Z,"pop punk,punk,emo,skate punk",Epitaph,0.396,0.969,1,-4.106,0,0.109,0.00214,0.0000118,0.117,0.453,124.654,4
spotify:track:6sEggmTY2zxpmni8QdCYQp,The Torture Doctor,My Shame Is True (Deluxe Edition),Alkaline Trio,4/2/2013,217973,30,FALSE,,2022-10-11T18:31:26Z,"pop punk,punk,emo,skate punk",Epitaph,0.273,0.974,0,-3.515,1,0.0935,0.000801,0,0.345,0.427,178.059,4
spotify:track:0YCFg0xT3mu189q1KmhjO6,I Wanna Be A Warhol,My Shame Is True (Deluxe Edition),Alkaline Trio,4/2/2013,187480,39,FALSE,,2022-10-11T18:31:11Z,"pop punk,punk,emo,skate punk",Epitaph,0.318,0.974,0,-4.829,1,0.115,0.00665,0,0.13,0.186,176.547,4
spotify:track:3rQWKxOJtn2EXr6j3KfHdO,She Lied To The FBI,My Shame Is True (Deluxe Edition),Alkaline Trio,4/2/2013,168773,46,FALSE,,2022-10-11T18:31:08Z,"pop punk,punk,emo,skate punk",Epitaph,0.405,0.968,4,-4.842,1,0.14,0.00539,0,0.345,0.502,179.985,4
spotify:track:2LI6D6z57Lq2QTQH6Tgsz0,This Addiction,This Addiction (Deluxe Edition),Alkaline Trio,2/23/2010,154866,41,FALSE,,2022-10-11T18:30:29Z,"pop punk,punk,emo,skate punk",Epitaph,0.536,0.953,4,-4.008,1,0.0597,0.0000218,0.00000468,0.114,0.63,107.488,4
spotify:track:23r9kDmwhUQuBHl523d87n,"Love Love, Kiss Kiss",Agony & Irony,Alkaline Trio,7/1/2008,205240,0,FALSE,,2022-10-11T18:29:21Z,"pop punk,punk,emo,skate punk",Epic,0.6,0.899,7,-2.935,1,0.039,0.0135,0.00534,0.353,0.451,115.052,4
spotify:track:4uicyqoy9VwvWzxu5nbyDc,Calling All Skeletons,Agony & Irony,Alkaline Trio,7/1/2008,198786,0,FALSE,,2022-10-11T18:29:18Z,"pop punk,punk,emo,skate punk",Epic,0.575,0.944,7,-3.377,1,0.0784,0.00343,0.00000162,0.318,0.531,130.009,4
spotify:track:2lFlveK1y13WWp3vnQtrr3,100 Years,The Battle for Everything,Five For Fighting,2003,244600,67,FALSE,,2022-10-11T17:28:09Z,,Aware/Columbia,0.643,0.569,7,-7.459,1,0.0276,0.544,0.0000217,0.178,0.275,120.507,4
spotify:track:22KbVMZekQbkrHGrubQTpQ,What If,Bookmarks,Five For Fighting,9/17/2013,207228,49,FALSE,,2022-10-11T04:36:58Z,,Wind-up Records,0.565,0.895,0,-5.354,1,0.04,0.194,0,0.101,0.592,149.919,4
spotify:track:0qJGlogD7AyMLAJfQ42aI2,Heaven Knows,Bookmarks,Five For Fighting,9/17/2013,210612,54,FALSE,,2022-10-11T03:47:33Z,,Wind-up Records,0.6,0.845,10,-7.076,1,0.0311,0.048,0,0.24,0.392,97.631,4
spotify:track:5wQnmLuC1W7ATsArWACrgW,Welcome to the Black Parade,The Black Parade,My Chemical Romance,10/20/2006,311106,84,FALSE,,2022-10-08T02:58:26Z,"emo,pop punk",Reprise,0.217,0.905,2,-4.103,1,0.0752,0.000289,0.00011,0.222,0.236,96.95,4
spotify:track:37GzFUHxA4IWlNnaXnsfdR,Savior - Ghost Note Symphonies,"The Ghost Note Symphonies, Vol.1",Rise Against,7/27/2018,294510,48,FALSE,,2022-10-05T18:38:20Z,"punk,hardcore punk",Virgin Records (US1A),0.371,0.445,10,-7.593,0,0.0533,0.71,0.00000161,0.0847,0.304,90.753,4
spotify:track:0gMW8XpPFPjoApDii5Tj1u,Waving Through A Window,Dear Evan Hansen (Original Broadway Cast Recording),Ben Platt;Original Broadway Cast of Dear Evan Hansen,2/3/2017,236360,65,FALSE,,2022-10-05T01:52:00Z,musicals,Atlantic Records,0.549,0.705,9,-5.563,1,0.0564,0.316,0,0.12,0.52,146.024,4
spotify:track:7tC4T389FAv0vk1r1UVvmZ,Take the Crown,Walk the Sky 2.0 (Deluxe),Alter Bridge,11/6/2020,287052,19,FALSE,,2022-10-04T20:58:27Z,"post-grunge,alternative metal,hard rock",Napalm Records Handels GmbH,0.425,0.925,9,-6.228,1,0.0714,0.0000437,0.659,0.134,0.145,89.03,4
spotify:track:03KULe4p57jvqWreB8pLKg,Rise Today - Live,Live at the O2 Arena,Alter Bridge,9/8/2017,402786,20,FALSE,,2022-10-04T20:52:04Z,"post-grunge,alternative metal,hard rock",Napalm Records Handels GmbH,0.219,0.944,6,-4.767,1,0.0745,0.0000701,0.0244,0.648,0.103,80.808,4
