Track URI,Track Name,Album Name,Artist Name(s),Release Date,Duration (ms),Popularity,Explicit,Added By,Added At,Genres,Record Label,Danceability,Energy,Key,Loudness,Mode,Speechiness,Acousticness,Instrumentalness,Liveness,Valence,Tempo,Time Signature
spotify:track:6kWxIqQDsKFYCJGbU4AjCX,Hardest To Love,After Hours,The Weeknd,2020-03-20,211400,68,TRUE,tcgbb1ix1h1h974y7pakbtpr2,2026-09-01T20:30:03Z,,Republic Records,0.392,0.608,7,-7.847,0,0.0713,0.0909,0.0000883,0.125,0.111,81.898,4
spotify:track:5Y77SQxEr1eiofPeUTPHxM,You,Street Love,Lloyd;Lil Wayne,2007-02-12,273133,86,FALSE,tcgbb1ix1h1h974y7pakbtpr2,2026-09-01T20:30:03Z,"r&b,rap,hip hop","I.G. Records, Inc./Universal Records",0.412,0.876,5,-6.008,0,0.472,0.102,0,0.297,0.706,130.21,5
spotify:track:1mhVXWduD8ReDwusfaHNwU,Tell Your Friends,Beauty Behind The Madness,The Weeknd,2015-08-28,334333,71,TRUE,tcgbb1ix1h1h974y7pakbtpr2,2026-09-01T20:30:03Z,,The Weeknd/Lyric,0.583,0.454,1,-11.091,0,0.0425,0.265,0,0.181,0.309,74.64,4
spotify:track:058gdiBln6OADguG08GOaU,Tru,TRU - LP,Lloyd,2018-08-31,255640,64,TRUE,tcgbb1ix1h1h974y7pakbtpr2,2026-09-01T20:30:03Z,r&b,Young Goldie Music / EMPIRE,0.45,0.556,9,-5.877,1,0.067,0.119,0,0.117,0.135,143.358,4
spotify:track:6n3HGiq4v35D6eFOSwqYuo,Teenage Fever,More Life,Drake,2017-03-18,219692,84,TRUE,tcgbb1ix1h1h974y7pakbtpr2,2026-09-01T20:30:03Z,,Cash Money Records/Young Money Ent./Universal Rec.,0.766,0.283,8,-10.33,0,0.0846,0.111,0.0172,0.115,0.144,97.04,4
spotify:track:6qBFSepqLCuh5tehehc1bd,Like I Want You,TAKE TIME,GIVĒON,2020-03-27,260776,78,FALSE,tcgbb1ix1h1h974y7pakbtpr2,2026-09-01T20:30:03Z,rap,Epic/Not So Fast,0.678,0.355,10,-7.757,0,0.0627,0.759,0.0000706,0.114,0.438,119.772,3
spotify:track:4BhGTc3Cgay2U1QcTS7vQe,Fire & Desire,Views,Drake,2016-05-06,238120,77,TRUE,tcgbb1ix1h1h974y7pakbtpr2,2026-09-01T20:30:03Z,rap,Cash Money Records/Young Money Ent./Universal Rec.,0.722,0.252,1,-14.411,0,0.0761,0.0671,0,0.0852,0.275,79.923,4
spotify:track:0oufSLnKQDoBFX5mgkDCgR,Trust,Lost,Brent Faiyaz,2018-10-19,158420,77,TRUE,tcgbb1ix1h1h974y7pakbtpr2,2026-09-01T20:30:03Z,r&b,Lost Kids / Human Re Sources,0.764,0.394,8,-8.559,1,0.152,0.231,0.0000937,0.117,0.465,92.009,4
spotify:track:0zWbYGQq5O1KQd0iqzgjP6,Rehab (Winter In Paris),Fuck The World,Brent Faiyaz,2020-02-07,180303,75,TRUE,tcgbb1ix1h1h974y7pakbtpr2,2026-09-01T20:30:03Z,r&b,Lost Kids,0.549,0.242,5,-11.692,1,0.038,0.809,0.000081,0.127,0.286,144.211,4
spotify:track:047fCsbO4NdmwCBn8pcUXl,Marvins Room,Take Care (Deluxe),Drake,2011-11-15,347226,82,TRUE,tcgbb1ix1h1h974y7pakbtpr2,2026-09-01T20:30:03Z,rap,Cash Money Records/Young Money Ent./Universal Rec.,0.492,0.26,9,-17.341,0,0.0921,0.646,0.00178,0.0705,0.312,111.519,5
spotify:track:43PuMrRfbyyuz4QpZ3oAwN,Exchange,T R A P S O U L,Bryson Tiller,2015-10-02,194613,81,TRUE,tcgbb1ix1h1h974y7pakbtpr2,2026-09-01T20:30:03Z,"trap soul,r&b",TrapSoul/RCA Records,0.525,0.433,6,-10.598,1,0.185,0.107,0,0.135,0.276,160.108,4
spotify:track:4at3d5QWnlibMVN75ECDrp,Pretty Little Fears (feat. J. Cole),East Atlanta Love Letter,6LACK;J. Cole,2018-09-14,240341,72,TRUE,tcgbb1ix1h1h974y7pakbtpr2,2026-09-01T20:30:03Z,rap,LVRN Records,0.61,0.458,9,-11.336,1,0.36,0.696,0.000103,0.0852,0.246,192.099,4
spotify:track:7LaI3mRTJu66r9HKdv7iBx,Gang Over Luv,Sonder Son,Brent Faiyaz,2017-10-13,204841,71,FALSE,tcgbb1ix1h1h974y7pakbtpr2,2026-09-01T20:30:03Z,r&b,Lost Kids,0.781,0.277,8,-9.35,1,0.326,0.0408,0.000339,0.0754,0.302,163.987,4
spotify:track:6MO2bfLHKykUgCChFdw91H,"Slide (Remix) (feat. Pop Smoke, A Boogie Wit da Hoodie & Chris Brown) (feat. Pop Smoke)","Slide (Remix) (feat. Pop Smoke, A Boogie Wit da Hoodie & Chris Brown) (feat. Pop Smoke)",H.E.R.;A Boogie Wit da Hoodie;Chris Brown;Pop Smoke,2020-01-17,296011,65,FALSE,tcgbb1ix1h1h974y7pakbtpr2,2026-09-01T20:30:03Z,"r&b,melodic rap,brooklyn drill,new york drill,drill",MBK Entertainment/RCA Records,0.816,0.513,1,-8.363,1,0.244,0.0145,0.000102,0.14,0.17,96.981,4
spotify:track:5ScbulRnixQ2XAdvrPMFjz,Get Along Better,Certified Lover Boy,Drake;Ty Dolla $ign,2021-09-03,229303,73,TRUE,tcgbb1ix1h1h974y7pakbtpr2,2026-09-01T20:30:03Z,"rap,trap soul",OVO,0.32,0.466,8,-6.77,1,0.0374,0.00645,0,0.133,0.338,177.693,3
spotify:track:6zMUIb4uce1CzpbjR3vMdN,Foolish,Ashanti,Ashanti,2002-01-01,227386,79,TRUE,tcgbb1ix1h1h974y7pakbtpr2,2026-09-01T20:30:03Z,r&b,"I.G. Records, Inc./Universal Records",0.665,0.695,0,-5.763,1,0.0532,0.347,0,0.106,0.707,90.119,4
spotify:track:0uEp9E98JB5awlA084uaIg,Doo Wop (That Thing),The Miseducation of Lauryn Hill,Ms. Lauryn Hill,1998-08-25,320266,81,FALSE,tcgbb1ix1h1h974y7pakbtpr2,2026-09-01T20:30:03Z,neo soul,Ruffhouse/Columbia,0.535,0.505,2,-8.926,0,0.245,0.0393,0,0.0923,0.495,99.935,4
spotify:track:7lurcq2Yw96B1K0KOJAHxg,Southside,Southside,Lloyd;Ashanti,2004-01-01,277840,65,FALSE,tcgbb1ix1h1h974y7pakbtpr2,2026-09-01T20:30:03Z,r&b,"I.G. Records, Inc./Universal Records",0.688,0.404,9,-9.481,0,0.0818,0.377,0,0.0813,0.448,75.007,3
spotify:track:2E0UymXqHER6j37pBoHTC0,Whoa,"- Ugh, those feels again",Snoh Aalegra,2019-08-16,199179,0,FALSE,tcgbb1ix1h1h974y7pakbtpr2,2026-09-01T20:30:03Z,"alternative r&b,neo soul","Artium Recordings, LLC",0.665,0.516,0,-11.27,0,0.0642,0.121,0.00152,0.105,0.494,93.983,4
spotify:track:5PF2WtSZV4EtmGx4oER1zt,"NEON PEACH feat. Tyler, The Creator",TEMPORARY HIGHS IN THE VIOLET SKIES,"Snoh Aalegra;Tyler, The Creator",2021-07-09,192106,47,TRUE,tcgbb1ix1h1h974y7pakbtpr2,2026-09-01T20:30:03Z,"alternative r&b,neo soul","Artium Recordings, LLC, under exclusive license to Roc Nation Records, LLC",0.748,0.67,8,-7.118,1,0.0842,0.223,0.000076,0.146,0.331,111.353,4
spotify:track:3GTpHuThSwghiUEvVQCwsz,Time,FEELS,Snoh Aalegra,2017-10-20,224066,0,FALSE,tcgbb1ix1h1h974y7pakbtpr2,2026-09-01T20:30:03Z,"alternative r&b,neo soul",Artium Recordings,0.42,0.223,1,-7.049,1,0.0355,0.96,0,0.11,0.126,147.719,4
spotify:track:0LVaWrTztFOuN7g7gcyLs8,Luv Is Art (feat. Lil Uzi Vert),Artist 2.0,A Boogie Wit da Hoodie;Lil Uzi Vert,2020-02-14,161055,49,TRUE,tcgbb1ix1h1h974y7pakbtpr2,2026-09-01T20:30:03Z,"melodic rap,rage rap",Highbridge the Label / Atlantic Records,0.489,0.554,2,-8.437,1,0.183,0.212,0.0000019,0.088,0.331,86.584,4
spotify:track:1njRzdfGNUY2RZU0lVO787,Reply (feat. Lil Uzi Vert),Artist 2.0,A Boogie Wit da Hoodie;Lil Uzi Vert,2020-02-14,183588,51,TRUE,tcgbb1ix1h1h974y7pakbtpr2,2026-09-01T20:30:03Z,"melodic rap,rage rap",Highbridge the Label / Atlantic Records,0.512,0.623,9,-6.553,0,0.0808,0.0187,0,0.13,0.219,112.15,5
spotify:track:5BOBHIBuzvQuIYL1E1nDzl,Shea Butter Baby (with J. Cole),Shea Butter Baby,Ari Lennox;J. Cole,2019-05-07,211610,66,TRUE,tcgbb1ix1h1h974y7pakbtpr2,2026-09-01T20:30:03Z,"alternative r&b,neo soul,rap",Dreamville/Interscope Records,0.709,0.49,4,-7.457,0,0.0757,0.11,0.00345,0.12,0.0397,155.069,4
spotify:track:6j8gTlbhj9KJSeypNcNAS9,Street Lights,808s & Heartbreak,Kanye West,2008-11-24,189906,65,FALSE,tcgbb1ix1h1h974y7pakbtpr2,2026-09-01T20:30:03Z,rap,Roc-A-Fella,0.644,0.487,6,-9.654,1,0.034,0.0287,0.0166,0.206,0.467,125.528,4
spotify:track:2QsZVnbWVSjKMXK6K3uRBL,U Remind Me,8701,USHER,2001-08-07,266893,79,FALSE,tcgbb1ix1h1h974y7pakbtpr2,2026-09-01T20:30:03Z,r&b,Arista,0.657,0.629,6,-4.938,1,0.0782,0.194,0,0.254,0.726,93.985,4
spotify:track:68vgtRHr7iZHpzGpon6Jlo,My Boo,Confessions (Expanded Edition),USHER;Alicia Keys,2004-03-23,223440,84,FALSE,tcgbb1ix1h1h974y7pakbtpr2,2026-09-01T20:30:03Z,"r&b,neo soul",LaFace Records,0.662,0.507,5,-8.238,1,0.118,0.257,0,0.0465,0.676,86.412,4
spotify:track:7FOJvA3PxiIU0DN3JjQ7jT,Power Trip (feat. Miguel),Born Sinner,J. Cole;Miguel,2013-06-14,241160,1,TRUE,tcgbb1ix1h1h974y7pakbtpr2,2026-09-01T20:30:03Z,"rap,r&b",Roc Nation/Columbia,0.667,0.61,1,-7.054,1,0.217,0.322,0.000203,0.426,0.465,99.991,4
spotify:track:4j1Bk0BEIGCF9hR7cSwl9d,Candy Rain,Candy Rain,Soul For Real,1995,276066,76,FALSE,tcgbb1ix1h1h974y7pakbtpr2,2026-09-01T20:30:03Z,"new jack swing,r&b",Geffen*,0.589,0.699,11,-7.529,0,0.0788,0.00389,0.0000476,0.0577,0.63,188.253,4
spotify:track:0PXp9QxBfSKGGpWUNaws2X,Drama (feat. Drake),Exis,Roy Woods;Drake,2015-07-31,251859,2,TRUE,tcgbb1ix1h1h974y7pakbtpr2,2026-09-01T20:30:03Z,rap,OVO Sound/Warner Records,0.709,0.362,11,-9.814,1,0.055,0.157,0,0.109,0.113,122.043,4
spotify:track:5rgrBsAFYMun6yhtnLKRPz,Right My Wrongs,T R A P S O U L,Bryson Tiller,2015-10-02,249318,82,FALSE,tcgbb1ix1h1h974y7pakbtpr2,2026-09-01T20:30:03Z,"trap soul,r&b",TrapSoul/RCA Records,0.543,0.449,1,-8.065,1,0.0463,0.345,0,0.157,0.29,132.609,4
spotify:track:7E2C5rBLpCKwQlhJPVFBRS,You’re Mines Still (feat. Drake),You’re Mines Still (feat. Drake),Yung Bleu;Drake,2020-10-15,226220,0,TRUE,tcgbb1ix1h1h974y7pakbtpr2,2026-09-01T20:30:03Z,rap,OVO Sound/Warner Records,0.575,0.609,5,-4.88,0,0.121,0.317,0,0.105,0.339,83.004,4
spotify:track:6qvtoU0gbkaOcTx6mnVDgV,Still Your Best,When It's All Said And Done... Take Time,GIVĒON,2021-03-12,177445,67,FALSE,tcgbb1ix1h1h974y7pakbtpr2,2026-09-01T20:30:03Z,r&b,Epic/Not So Fast,0.535,0.406,3,-7.681,0,0.0654,0.481,0,0.144,0.217,113.467,4
spotify:track:1m8WpLYXEiNVZchsWEcCSy,Come Through and Chill (feat. J. Cole & Salaam Remi),War & Leisure,Miguel;J. Cole;Salaam Remi,2017-12-01,322000,70,TRUE,tcgbb1ix1h1h974y7pakbtpr2,2026-09-01T20:30:03Z,"r&b,rap",ByStorm Entertainment/RCA Records,0.461,0.653,6,-8.617,1,0.327,0.158,0,0.197,0.588,81.628,1
spotify:track:2J6OF7CkpdQGSfm1wdclqn,Clouded,Fuck The World,Brent Faiyaz,2020-02-07,110128,77,TRUE,tcgbb1ix1h1h974y7pakbtpr2,2026-09-01T20:30:03Z,r&b,Lost Kids,0.583,0.344,2,-8.765,1,0.0559,0.774,0,0.143,0.581,65.203,3
spotify:track:4SCnCPOUOUXUmCX2uHb3r7,Outta Time (feat. Drake),A N N I V E R S A R Y,Bryson Tiller;Drake,2020-10-02,198821,69,FALSE,tcgbb1ix1h1h974y7pakbtpr2,2026-09-01T20:30:03Z,"trap soul,r&b,rap",TrapSoul/RCA Records,0.714,0.582,5,-7.272,0,0.0808,0.0129,0,0.0774,0.338,92.819,4
spotify:track:1wZqJM5FGDEl3FjHDxDyQd,Come and See Me (feat. Drake),PARTYNEXTDOOR 3 (P3),PARTYNEXTDOOR;Drake,2016-08-12,235477,3,TRUE,tcgbb1ix1h1h974y7pakbtpr2,2026-09-01T20:30:03Z,"dark r&b,r&b,trap soul,rap",OVO Sound/Warner Records,0.717,0.347,11,-10.265,0,0.0636,0.0511,0.00000243,0.087,0.0589,84.987,4
spotify:track:2KvHC9z14GSl4YpkNMX384,Do Not Disturb,More Life,Drake,2017-03-18,283550,80,TRUE,tcgbb1ix1h1h974y7pakbtpr2,2026-09-01T20:30:03Z,rap,Cash Money Records/Young Money Ent./Universal Rec.,0.618,0.693,7,-5.943,0,0.45,0.246,0,0.112,0.454,170.982,4
spotify:track:4rHIfYRQw6ittRQXAlurk0,Favorite Mistake,TAKE TIME,GIVĒON,2020-03-27,172907,64,FALSE,tcgbb1ix1h1h974y7pakbtpr2,2026-09-01T20:30:03Z,r&b,Epic/Not So Fast,0.535,0.409,7,-9.517,0,0.0855,0.777,0,0.129,0.138,170.123,4
spotify:track:6oEVnWKgPqIEPc53OYDNqG,Could've Been (feat. Bryson Tiller),I Used To Know Her,H.E.R.;Bryson Tiller,2019-08-30,252750,77,FALSE,tcgbb1ix1h1h974y7pakbtpr2,2026-09-01T20:30:03Z,"r&b,trap soul",MBK Entertainment/RCA Records,0.45,0.352,1,-11.733,0,0.267,0.649,0.0000038,0.249,0.408,102.679,4
spotify:track:2CzUlaKN1mvb0szagSR3ux,Fuck The World (Summer in London),Fuck The World,Brent Faiyaz,2020-02-07,236703,66,TRUE,tcgbb1ix1h1h974y7pakbtpr2,2026-09-01T20:30:03Z,r&b,Lost Kids,0.679,0.281,3,-15.506,0,0.184,0.873,0.00335,0.215,0.234,74.996,4
spotify:track:23c9gmiiv7RCu7twft0Mym,Who Hurt You?,Who Hurt You?,Daniel Caesar,2018-10-16,231964,2,TRUE,tcgbb1ix1h1h974y7pakbtpr2,2026-09-01T20:30:03Z,,Golden Child Recordings,0.649,0.493,11,-7.645,0,0.11,0.586,0.000167,0.0667,0.277,104.542,4
spotify:track:5JycxhApZmzbA4xSwvqh6k,All To Me,When It's All Said And Done... Take Time,GIVĒON,2021-03-12,127807,68,FALSE,tcgbb1ix1h1h974y7pakbtpr2,2026-09-01T20:30:03Z,r&b,Epic/Not So Fast,0.523,0.543,5,-8.39,0,0.156,0.65,0,0.257,0.318,116.161,3
spotify:track:2FTeQQ5Rg9tBpgpTF5mnhE,Still Think About You,Artist,A Boogie Wit da Hoodie,2016-09-16,246987,83,TRUE,tcgbb1ix1h1h974y7pakbtpr2,2026-09-01T20:30:03Z,melodic rap,Highbridge The Label,0.946,0.646,5,-6.604,1,0.21,0.219,0,0.0643,0.961,127.978,4
spotify:track:7eb5G8a12Fn4TwRr3cbJBd,I Want You Around (feat. 6LACK) - Remix,I Want You Around (feat. 6LACK) [Remix],Snoh Aalegra;6LACK,2019-11-01,213040,14,FALSE,tcgbb1ix1h1h974y7pakbtpr2,2026-09-01T20:30:03Z,"alternative r&b,neo soul","Artium Recordings, LLC",0.718,0.454,4,-9.775,1,0.256,0.34,0.0228,0.0814,0.631,168.037,4
spotify:track:1eUGmzzvahJjOSWgDHuRlv,Girl With The Tattoo Enter.lewd,All I Want Is You,Miguel,2010-11-30,102813,81,FALSE,tcgbb1ix1h1h974y7pakbtpr2,2026-09-01T20:30:03Z,r&b,Jive,0.372,0.239,6,-11.314,0,0.0296,0.856,0.000175,0.168,0.127,113.451,4
spotify:track:25cUhiAod71TIQSNicOaW3,Adorn,Kaleidoscope Dream,Miguel,2012-09-28,193146,73,FALSE,tcgbb1ix1h1h974y7pakbtpr2,2026-09-01T20:30:03Z,r&b,ByStorm Entertainment/RCA Records,0.625,0.576,11,-5.693,0,0.175,0.0543,0.0000407,0.187,0.235,179.063,4
spotify:track:7zFXmv6vqI4qOt4yGf3jYZ,Get You (feat. Kali Uchis),Freudian,Daniel Caesar;Kali Uchis,2017-08-25,278179,9,FALSE,tcgbb1ix1h1h974y7pakbtpr2,2026-09-01T20:30:03Z,,Golden Child Recordings,0.658,0.294,4,-8.533,0,0.0321,0.422,0.000052,0.0749,0.358,74.038,4
spotify:track:4cRBqWBjuccCowYVHFlXK6,Redemption,Views,Drake,2016-05-06,333946,71,TRUE,tcgbb1ix1h1h974y7pakbtpr2,2026-09-01T20:30:03Z,rap,Cash Money Records/Young Money Ent./Universal Rec.,0.694,0.314,0,-7.82,1,0.116,0.611,0.00000207,0.117,0.341,119.905,4
spotify:track:6VFKuuqSbA1GpMEosUgTwQ,Nobody But You,Nobody But You,Sonder;Jorja Smith,2021-04-09,213214,74,TRUE,tcgbb1ix1h1h974y7pakbtpr2,2026-09-01T20:30:03Z,"r&b,dark r&b,uk r&b",Sonder Global,0.637,0.299,7,-11.314,1,0.0366,0.742,0,0.359,0.364,83.872,4
spotify:track:4O7FYAjDATiyylfIIAuRNE,24 Hours (feat. Lil Durk) [Bonus],B4 AVA,A Boogie Wit da Hoodie;Lil Durk,2021-12-10,205702,58,TRUE,tcgbb1ix1h1h974y7pakbtpr2,2026-09-01T20:30:03Z,"melodic rap,chicago drill,drill",Highbridge the Label / Atlantic Records,0.586,0.474,2,-9.21,0,0.18,0.334,0,0.118,0.146,91.105,4
spotify:track:6VwBbL8CzPiC4QV66ay7oR,Wicked Games,Trilogy,The Weeknd,2012-11-13,323746,75,TRUE,tcgbb1ix1h1h974y7pakbtpr2,2026-09-01T20:30:03Z,,CP Records,0.658,0.594,9,-5.196,1,0.031,0.00934,0.00000499,0.325,0.317,114.078,4
spotify:track:6LGwYMXXgURfaequXipzHx,You Don't Know My Name,The Diary Of Alicia Keys,Alicia Keys,2003-12-02,366733,76,FALSE,tcgbb1ix1h1h974y7pakbtpr2,2026-09-01T20:30:03Z,"r&b,neo soul",J Records,0.264,0.663,9,-8.264,1,0.187,0.59,0.00443,0.342,0.249,167.078,4
spotify:track:6NKtO7hYNDtjGFXE858qEk,Comfortable,Tha Carter III,Lil Wayne;Babyface,2008-06-10,265240,55,TRUE,tcgbb1ix1h1h974y7pakbtpr2,2026-09-01T20:30:03Z,"rap,hip hop,quiet storm,new jack swing,r&b,contemporary r&b",CM/Republic,0.596,0.831,6,-7.739,0,0.0871,0.0169,0.0000261,0.585,0.684,94.199,4
spotify:track:4JOP8ELK6AaeySe7sKe996,Un-thinkable (I'm Ready),The Element Of Freedom,Alicia Keys,2009-12-15,249240,74,FALSE,tcgbb1ix1h1h974y7pakbtpr2,2026-09-01T20:30:03Z,"r&b,neo soul",J Records,0.596,0.505,7,-7.892,1,0.0619,0.732,0.0000197,0.106,0.335,86.097,4
spotify:track:6I6NX6tjGsxFAsIfGzY9lJ,Deja Vu,4 Your Eyez Only,J. Cole,2016-12-09,264746,71,TRUE,tcgbb1ix1h1h974y7pakbtpr2,2026-09-01T20:30:03Z,rap,J. Cole P&D,0.657,0.421,9,-11.378,1,0.412,0.352,0.000218,0.187,0.181,174.063,4
spotify:track:3zM2prB16NRn1zggh1KCY0,She’s The One,Death Race For Love,Juice WRLD,2019-03-08,188837,0,TRUE,tcgbb1ix1h1h974y7pakbtpr2,2026-09-01T20:30:03Z,"melodic rap,emo rap",Grade A Productions/Interscope Records,0.621,0.804,6,-5.502,0,0.225,0.308,0,0.297,0.396,155.984,4
spotify:track:44EkzAU92xwm30YpD4p31i,It's On Again (feat. Kendrick Lamar) - From The Amazing Spider-Man 2 Soundtrack,It's On Again (feat. Kendrick Lamar) [From The Amazing Spider-Man 2 Soundtrack],Alicia Keys;Kendrick Lamar,2014-04-25,229827,68,FALSE,tcgbb1ix1h1h974y7pakbtpr2,2026-09-01T20:30:03Z,"r&b,neo soul,hip hop,west coast hip hop",RCA Records Label,0.647,0.687,7,-5.274,0,0.121,0.06,0,0.495,0.494,110.14,4
spotify:track:0mL82sxCRjrs3br407IdJh,Is There Someone Else?,Dawn FM,The Weeknd,2022-01-06,199111,84,FALSE,tcgbb1ix1h1h974y7pakbtpr2,2026-09-01T20:30:03Z,,XO / Republic Records,0.702,0.586,9,-7.83,0,0.0313,0.0388,0.0000727,0.156,0.608,134.951,4
spotify:track:7Fos4vYGRc7HYzzrKCEzAE,"Catch The Sun - From ""Queen & Slim: The Soundtrack""",My Turn,Lil Baby,2020-02-28,182329,54,TRUE,tcgbb1ix1h1h974y7pakbtpr2,2026-09-01T20:30:03Z,,Quality Control/Motown Records,0.472,0.65,1,-6.676,1,0.126,0.117,0,0.14,0.11,82.563,4
spotify:track:0YkUwXxnTkeJBvt5upeEtP,From Florida With Love,Dark Lane Demo Tapes,Drake,2020-05-01,234782,62,TRUE,tcgbb1ix1h1h974y7pakbtpr2,2026-09-01T20:30:03Z,rap,OVO,0.787,0.477,6,-7.837,0,0.199,0.768,0,0.104,0.476,80.506,4
spotify:track:3dhvQUA0NyrAea4vQ7X6Gn,She Ain't You,F.A.M.E. (Expanded Edition),Chris Brown,2011-03-22,248106,67,FALSE,tcgbb1ix1h1h974y7pakbtpr2,2026-09-01T20:30:03Z,r&b,Jive,0.634,0.716,2,-6.502,1,0.128,0.0341,0,0.0877,0.619,91.039,4
spotify:track:2QjOHCTQ1Jl3zawyYOpxh6,Sweater Weather,I Love You.,The Neighbourhood,2013-04-22,240400,95,FALSE,tcgbb1ix1h1h974y7pakbtpr2,2026-09-01T20:30:03Z,,Columbia,0.612,0.807,10,-2.81,1,0.0336,0.0495,0.0177,0.101,0.398,124.053,4
spotify:track:37y7iDayfwm3WXn5BiAoRk,Dark Red,Dark Red,Steve Lacy,2017-02-20,173104,5,FALSE,tcgbb1ix1h1h974y7pakbtpr2,2026-09-01T20:30:03Z,,Three Quarter,0.603,0.783,6,-4.023,1,0.062,0.449,0.00000796,0.119,0.775,172.041,4
spotify:track:52ztI2AthLbmFHyGE3CzSl,Monday to Monday,Say Less,Roy Woods,2017-12-01,272675,0,TRUE,tcgbb1ix1h1h974y7pakbtpr2,2026-09-01T20:30:03Z,,OVO Sound/Warner Records,0.618,0.589,6,-6.753,0,0.0388,0.61,0,0.188,0.453,77.471,4
spotify:track:65APaGGVoN1efvB7Sd3mmy,The Way You Sex,Say Less,Roy Woods,2017-12-01,235527,0,TRUE,tcgbb1ix1h1h974y7pakbtpr2,2026-09-01T20:30:03Z,,OVO Sound/Warner Records,0.914,0.378,10,-9.799,1,0.241,0.0768,0.000167,0.0891,0.175,125.353,5
spotify:track:2bxG0N7YsdkIBfuLsE0J8i,She Knows About Me,Waking at Dawn,Roy Woods,2016-07-01,220408,0,FALSE,tcgbb1ix1h1h974y7pakbtpr2,2026-09-01T20:30:03Z,,OVO Sound/Warner Records,0.445,0.541,9,-7.407,0,0.0816,0.751,0,0.199,0.377,81.656,4
spotify:track:2RGe02P8xxSF9syj0ltPjX,Chronic Sunshine,Chronic Sunshine,Cosmo Pyke,2017-01-30,270926,0,FALSE,tcgbb1ix1h1h974y7pakbtpr2,2026-09-01T20:30:03Z,bedroom pop,70Hz Recordings Ltd,0.431,0.773,2,-5.002,1,0.0636,0.0264,0,0.348,0.504,111.387,4
spotify:track:76gUmNLXGQVOsGhfcshkFP,Madiba Riddim,More Life,Drake,2017-03-18,205162,67,FALSE,tcgbb1ix1h1h974y7pakbtpr2,2026-09-01T20:30:03Z,rap,Cash Money Records/Young Money Ent./Universal Rec.,0.839,0.521,7,-10.45,1,0.166,0.245,0.00545,0.607,0.33,105.992,4
spotify:track:1P5l3fAjZ7Z9XTmFHzSck5,Needed,Sonder Son,Brent Faiyaz,2017-10-13,248293,63,FALSE,tcgbb1ix1h1h974y7pakbtpr2,2026-09-01T20:30:03Z,r&b,Lost Kids,0.807,0.37,4,-10.783,0,0.0462,0.308,0,0.191,0.792,123.948,4
spotify:track:3TOfcOKNuu6ZPZXJie5msH,Canceled,Canceled,Bryson Tiller,2018-09-11,183960,55,TRUE,tcgbb1ix1h1h974y7pakbtpr2,2026-09-01T20:30:03Z,"trap soul,r&b",TrapSoul/RCA Records,0.767,0.611,5,-5.173,0,0.0983,0.157,0.0116,0.0836,0.11,94.034,4
spotify:track:0ifooM33X1iBxVYyOkSbXW,A Lonely Night,Starboy,The Weeknd,2016-11-25,220173,68,FALSE,tcgbb1ix1h1h974y7pakbtpr2,2026-09-01T20:30:03Z,,The Weeknd/Lyric,0.853,0.663,7,-6.955,0,0.0755,0.0431,0.00000871,0.0891,0.864,113.998,4
spotify:track:0TiC3GtlMCskf2hIUIBcDV,Crew Love,Take Care (Deluxe),Drake;The Weeknd,2011-11-15,208813,36,TRUE,tcgbb1ix1h1h974y7pakbtpr2,2026-09-01T20:30:03Z,rap,"Aspire Music Group, LLC",0.418,0.546,0,-9.057,0,0.238,0.227,0,0.229,0.294,160.152,4
spotify:track:4y4KG66qCAN2TTevOAEjHy,She,Goblin,"Tyler, The Creator;Frank Ocean",2011-05-09,253386,0,TRUE,tcgbb1ix1h1h974y7pakbtpr2,2026-09-01T20:30:03Z,,XL Recordings,0.351,0.622,8,-6.495,0,0.235,0.256,0.0000344,0.613,0.457,83.375,4
spotify:track:5k3VjTwIsOjQ2woGz3Yx71,Can't Help but Wait,Trey Day,Trey Songz,2007-10-01,206413,71,FALSE,tcgbb1ix1h1h974y7pakbtpr2,2026-09-01T20:30:03Z,r&b,Atlantic Records,0.699,0.699,8,-5.564,0,0.0737,0.358,0,0.0912,0.611,94.977,4
spotify:track:5h66wqaGklsSa8eSxTwcJT,4 Min Convo (Favorite Song),Hoodie SZN,A Boogie Wit da Hoodie,2018-12-21,257273,58,TRUE,tcgbb1ix1h1h974y7pakbtpr2,2026-09-01T20:30:03Z,melodic rap,Highbridge the Label / Atlantic Records,0.705,0.65,7,-5.654,0,0.212,0.359,0,0.169,0.658,91.053,4
spotify:track:5VlTQnZO89Ioku8ssdbqJk,Dead Man Walking,Dead Man Walking,Brent Faiyaz,2020-09-18,247079,65,TRUE,tcgbb1ix1h1h974y7pakbtpr2,2026-09-01T20:30:03Z,r&b,Lost Kids,0.505,0.267,9,-13.763,0,0.05,0.279,0,0.096,0.439,143.929,4
spotify:track:1Xm9CQRcJbOgTCpKCpS9s5,Talk 2 U,Sonder Son,Brent Faiyaz,2017-10-13,159485,69,FALSE,tcgbb1ix1h1h974y7pakbtpr2,2026-09-01T20:30:03Z,r&b,Lost Kids,0.688,0.634,5,-10.443,0,0.0929,0.14,0.000263,0.253,0.561,88.018,4
spotify:track:3Lj4DA8yaVF17X2buYZGJC,So Far Gone / Fast Life Bluez,Sonder Son,Brent Faiyaz,2017-10-13,331018,60,TRUE,tcgbb1ix1h1h974y7pakbtpr2,2026-09-01T20:30:03Z,r&b,Lost Kids,0.511,0.439,9,-11.79,0,0.218,0.841,0.0000312,0.225,0.124,159.815,4
spotify:track:4mwiRPRAUSSFD6lJ86m98B,Stay Down,Sonder Son,Brent Faiyaz,2017-10-13,207325,70,FALSE,tcgbb1ix1h1h974y7pakbtpr2,2026-09-01T20:30:03Z,r&b,Lost Kids,0.551,0.301,11,-13.065,1,0.111,0.617,0.000011,0.136,0.488,84.695,4
spotify:track:3pXF1nA74528Edde4of9CC,Don't,T R A P S O U L,Bryson Tiller,2015-10-02,198294,86,TRUE,tcgbb1ix1h1h974y7pakbtpr2,2026-09-01T20:30:03Z,"trap soul,r&b",TrapSoul/RCA Records,0.765,0.356,11,-5.556,0,0.195,0.223,0,0.0963,0.189,96.991,4
spotify:track:4eSGSqP2TZvvX0kadZZttM,Doing It Wrong,Take Care (Deluxe),Drake,2011-11-15,265120,78,TRUE,tcgbb1ix1h1h974y7pakbtpr2,2026-09-01T20:30:03Z,rap,Cash Money Records/Young Money Ent./Universal Rec.,0.397,0.172,6,-15.698,0,0.0445,0.841,0.0000678,0.108,0.123,101.275,4
spotify:track:3HBZIY3FVzXu6YjhExNqWe,Vixen,All I Want Is You,Miguel,2010-11-30,181533,68,FALSE,tcgbb1ix1h1h974y7pakbtpr2,2026-09-01T20:30:03Z,r&b,Jive,0.427,0.499,0,-6.213,0,0.0601,0.392,0,0.389,0.338,82.523,4
spotify:track:5VA4Ispp52EA1sOqzMz3Av,All I Want Is You (feat. J. Cole),All I Want Is You,Miguel;J. Cole,2010-11-30,297506,83,TRUE,tcgbb1ix1h1h974y7pakbtpr2,2026-09-01T20:30:03Z,"r&b,rap",Jive,0.776,0.603,5,-5.696,1,0.0343,0.0728,0.0000625,0.111,0.921,96.888,4
spotify:track:564oa00vY05d1uYnTEAAmE,Herside Story,At What Cost,GoldLink;Hare Squead,2017-03-24,183760,57,TRUE,tcgbb1ix1h1h974y7pakbtpr2,2026-09-01T20:30:03Z,,Squaaash Club/RCA Records,0.885,0.595,7,-5.487,1,0.286,0.656,0.00000442,0.105,0.754,148.034,4
spotify:track:3NsPvsr9VrcMtAxJ50XCL9,Summatime (feat. Wale & Radiant Children),At What Cost,GoldLink;Wale;Radiant Children,2017-03-24,226164,45,TRUE,tcgbb1ix1h1h974y7pakbtpr2,2026-09-01T20:30:03Z,"alternative r&b,neo soul",Squaaash Club/RCA Records,0.807,0.689,10,-6.646,0,0.207,0.249,0.0000693,0.338,0.677,95.014,4
spotify:track:6wN4nT2qy3MQc098yL3Eu9,Deuces (feat. Tyga & Kevin McCall),F.A.M.E. (Expanded Edition),Chris Brown;Tyga;Kevin McCall,2011-03-22,276560,75,TRUE,tcgbb1ix1h1h974y7pakbtpr2,2026-09-01T20:30:03Z,r&b,Jive,0.692,0.736,1,-5.109,1,0.11,0.0324,0,0.0787,0.217,73.987,4
spotify:track:3yfBq40ZhwQWs9xcdQMcmY,Magic,Nocturnal,Roy Woods,2016-12-23,203773,0,TRUE,tcgbb1ix1h1h974y7pakbtpr2,2026-09-01T20:30:03Z,,OVO Sound/Warner Records,0.675,0.664,4,-7.732,0,0.0482,0.277,0,0.0985,0.288,106.06,4
spotify:track:4PZ4xyWBCCJqAeWI8uSLca,Down Girl,Waking at Dawn,Roy Woods,2016-07-01,169604,0,TRUE,tcgbb1ix1h1h974y7pakbtpr2,2026-09-01T20:30:03Z,,OVO Sound/Warner Records,0.797,0.507,1,-9.214,1,0.0694,0.308,0,0.108,0.447,102.069,4
spotify:track:1zZA8kT0U3pADcJ3GIhdEQ,Four Seasons,Nocturnal,Roy Woods,2016-12-23,189295,0,TRUE,tcgbb1ix1h1h974y7pakbtpr2,2026-09-01T20:30:03Z,,OVO Sound/Warner Records,0.731,0.42,5,-10.822,0,0.0524,0.266,0.0000201,0.114,0.559,141.979,4
spotify:track:4CluZnxfygZoo4OwFm0xUd,Love You,Nocturnal,Roy Woods,2016-12-23,197720,0,TRUE,tcgbb1ix1h1h974y7pakbtpr2,2026-09-01T20:30:03Z,,OVO Sound/Warner Records,0.541,0.399,11,-10.414,1,0.131,0.723,0.0000602,0.111,0.392,203.893,4
spotify:track:2A1RPZzGu3qxFL6PiFtyPw,Gwan Big up Urself,Waking at Dawn,Roy Woods,2016-07-01,200000,0,FALSE,tcgbb1ix1h1h974y7pakbtpr2,2026-09-01T20:30:03Z,,OVO Sound/Warner Records,0.674,0.527,5,-7.397,0,0.0388,0.0714,0,0.0756,0.272,90.027,4
spotify:track:7KyTq7H5f3Oavmuo9TX6QK,Too Many Years,Lil Big Pac,Kodak Black;PnB Rock,2016-06-10,196336,66,TRUE,tcgbb1ix1h1h974y7pakbtpr2,2026-09-01T20:30:03Z,melodic rap,Dollaz N Dealz Ent,0.664,0.704,8,-6.859,0,0.0974,0.0233,0,0.112,0.633,147.067,4
spotify:track:2WcPWXOjoDKDVouyyWV8Eq,Searchin,Into,Sonder,2017-01-27,264242,70,FALSE,tcgbb1ix1h1h974y7pakbtpr2,2026-09-01T20:30:03Z,"r&b,dark r&b",Sonder,0.718,0.396,10,-12.539,0,0.0357,0.148,0.0000108,0.176,0.338,103.994,4
spotify:track:5nCL0ULKVpkeJdQJ4UYVAI,Diana (feat. King Combs),Shoot For The Stars Aim For The Moon (Deluxe),Pop Smoke;King Combs,2020-07-20,188976,0,TRUE,tcgbb1ix1h1h974y7pakbtpr2,2026-09-01T20:30:03Z,"brooklyn drill,new york drill,drill",Victor Victor Worldwide,0.794,0.792,7,-6.889,1,0.186,0.22,0,0.0998,0.546,126.994,4
spotify:track:2HsSzwrvvgiYSCdsYLiJWB,Young Grizzley World (feat. A Boogie Wit Da Hoodie & YNW Melly),Scriptures,Tee Grizzley;A Boogie Wit da Hoodie;YNW Melly,2019-06-07,332195,62,TRUE,tcgbb1ix1h1h974y7pakbtpr2,2026-09-01T20:30:03Z,melodic rap,300 Entertainment,0.779,0.705,8,-6.383,0,0.051,0.237,0,0.0899,0.451,122.996,4
spotify:track:3cjF2OFRmip8spwZYQRKxP,Feel No Ways,Views,Drake,2016-05-06,240653,79,TRUE,tcgbb1ix1h1h974y7pakbtpr2,2026-09-01T20:30:03Z,rap,Cash Money Records/Young Money Ent./Universal Rec.,0.582,0.677,7,-7.081,1,0.172,0.0312,0.0000066,0.122,0.205,193.818,4
spotify:track:79EkGysjP2dL5GdpeQjRxT,This Side of Paradise,Color,Coyote Theory,2011-06-20,242010,80,FALSE,tcgbb1ix1h1h974y7pakbtpr2,2026-09-01T20:30:03Z,,Arista Records,0.306,0.664,9,-6.07,1,0.0276,0.432,0.0000075,0.135,0.321,158.283,4
spotify:track:0W4NhJhcqKCqEP2GIpDCDq,Love,The Way It Is,Keyshia Cole,2005-06-21,255333,85,FALSE,tcgbb1ix1h1h974y7pakbtpr2,2026-09-01T20:30:03Z,r&b,A&M (UC),0.688,0.518,5,-4.285,1,0.0283,0.0642,0,0.1,0.314,116.714,4
spotify:track:61S79KIVA4I9FXbnsylEHT,In The Bible (with Lil Durk & Giveon),Certified Lover Boy,Drake;Lil Durk;GIVĒON,2021-09-03,296568,67,TRUE,tcgbb1ix1h1h974y7pakbtpr2,2026-09-01T20:30:03Z,"rap,chicago drill,drill,r&b",OVO,0.686,0.385,7,-8.35,0,0.297,0.614,0,0.131,0.147,143.07,4
spotify:track:4OkiWfrZKmmVoILXk8JEtl,In The Morning,Cole World: The Sideline Story,J. Cole;Drake,2011-09-27,234386,73,FALSE,tcgbb1ix1h1h974y7pakbtpr2,2026-09-01T20:30:03Z,rap,Roc Nation LLC,0.44,0.671,3,-10.598,0,0.477,0.764,0,0.212,0.479,83.078,4
spotify:track:00imgaPlYRrMGn9o83hfmk,LOOSE CHANGE,WASTELAND,Brent Faiyaz,2022-07-08,226011,64,TRUE,tcgbb1ix1h1h974y7pakbtpr2,2026-09-01T20:30:03Z,r&b,"Lost Kids LLC., Marketed by Venice / Stem",0.574,0.369,1,-8.931,0,0.0814,0.753,0,0.147,0.44,84.975,4
spotify:track:3zakx7RAwdkUQlOoQ7SJRt,"GRAVITY (FEAT. TYLER, THE CREATOR)",WASTELAND,"Brent Faiyaz;Dahi;Tyler, The Creator",2022-07-08,214692,69,TRUE,tcgbb1ix1h1h974y7pakbtpr2,2026-09-01T20:30:03Z,r&b,"Lost Kids LLC., Marketed by Venice / Stem",0.541,0.619,1,-8.746,0,0.254,0.167,0.00633,0.144,0.491,163.908,4
spotify:track:2krESug6AyfOL07tlaGwts,GHETTO GATSBY (FEAT. ALICIA KEYS),WASTELAND,Brent Faiyaz;Alicia Keys,2022-07-08,198005,59,TRUE,tcgbb1ix1h1h974y7pakbtpr2,2026-09-01T20:30:03Z,"r&b,neo soul","Lost Kids LLC., Marketed by Venice / Stem",0.524,0.233,3,-12.991,0,0.104,0.869,0.00000459,0.369,0.585,175.805,4
spotify:track:01VzuxoBYMAJLObfU0w6dI,ADDICTIONS (FEAT. Tre' Amani),WASTELAND,Brent Faiyaz;Tre' Amani,2022-07-08,192010,65,TRUE,tcgbb1ix1h1h974y7pakbtpr2,2026-09-01T20:30:03Z,r&b,"Lost Kids LLC., Marketed by Venice / Stem",0.889,0.489,10,-8.587,0,0.108,0.0209,0.0000178,0.0814,0.843,93.039,4
spotify:track:1wGpEisE7VmhhSazD8hZ5l,ROLE MODEL,WASTELAND,Brent Faiyaz,2022-07-08,194009,74,TRUE,tcgbb1ix1h1h974y7pakbtpr2,2026-09-01T20:30:03Z,r&b,"Lost Kids LLC., Marketed by Venice / Stem",0.606,0.544,10,-7.968,0,0.0421,0.0285,0.00000488,0.152,0.335,90.104,4
spotify:track:7tGlzXJv6GD5e5qlu5YmDg,Love Me,I Am Not A Human Being II (Deluxe),Lil Wayne;Drake;Future,2013-01-01,253440,3,TRUE,tcgbb1ix1h1h974y7pakbtpr2,2026-09-01T20:30:03Z,"rap,hip hop,trap",CM/Republic,0.674,0.608,8,-6.628,0,0.0334,0.0119,0,0.103,0.464,124.952,4
spotify:track:6lhlzSra6YxSPWw5lzv7hG,Welcome Back,2000,Joey Bada$$;Chris Brown;Capella Grey,2022-07-22,222773,35,TRUE,tcgbb1ix1h1h974y7pakbtpr2,2026-09-01T20:30:03Z,"hip hop,jazz rap,rap,r&b",Columbia,0.568,0.808,8,-5.05,1,0.258,0.109,0,0.107,0.691,90.534,4
spotify:track:1MQ8ydvrTnn2QJgXFATJvD,Ex Calling,FREE 6LACK,6LACK,2016-11-18,211960,60,TRUE,tcgbb1ix1h1h974y7pakbtpr2,2026-09-01T20:30:03Z,,LVRN Records,0.773,0.564,1,-7.241,1,0.249,0.00561,0.0000199,0.213,0.0588,155.976,4
spotify:track:2V8OJ8i3WBh4Los9wG6OKQ,Learn Ya,FREE 6LACK,6LACK,2016-11-18,215680,52,TRUE,tcgbb1ix1h1h974y7pakbtpr2,2026-09-01T20:30:03Z,,LVRN Records,0.416,0.527,0,-8.692,0,0.331,0.509,0.00312,0.112,0.202,81.576,4
spotify:track:5irqvOUbWsUefjZ8KPSQ66,Luving U,FREE 6LACK,6LACK,2016-11-18,252893,57,TRUE,tcgbb1ix1h1h974y7pakbtpr2,2026-09-01T20:30:03Z,,LVRN Records,0.723,0.471,10,-9.506,1,0.122,0.0886,0.000881,0.112,0.135,121.962,4
spotify:track:4AtZRwSR8BOTTQg5ihSggt,PRBLMS,FREE 6LACK,6LACK,2016-11-18,246773,70,TRUE,tcgbb1ix1h1h974y7pakbtpr2,2026-09-01T20:30:03Z,,LVRN Records,0.417,0.58,9,-4.574,1,0.207,0.0307,0.00000145,0.179,0.139,68.58,5
spotify:track:7wpyrkjEgz7W1vNYDxMKrF,GYALIS,GYALIS,Capella Grey,2021-01-04,105377,60,TRUE,tcgbb1ix1h1h974y7pakbtpr2,2026-09-01T20:30:03Z,,Capitol Records,0.666,0.643,8,-7.01,1,0.423,0.386,0,0.283,0.756,96.375,4
spotify:track:4VY32hdU4byJ6cpEBAXRul,Outside,Outside,Bryson Tiller,2022-09-08,188579,57,TRUE,tcgbb1ix1h1h974y7pakbtpr2,2026-09-01T20:30:03Z,"trap soul,r&b",TrapSoul/RCA Records,0.755,0.522,6,-7.525,1,0.0843,0.124,0,0.143,0.792,98.007,4
spotify:track:3MAgQuClHcAV8E9CbeBS6f,Lotus Flower Bomb (feat. Miguel),Ambition,Wale;Miguel,2011-10-28,213253,73,TRUE,tcgbb1ix1h1h974y7pakbtpr2,2026-09-01T20:30:03Z,r&b,MMG/Warner Records,0.512,0.598,9,-4.959,0,0.115,0.611,0,0.0881,0.345,70.189,4
spotify:track:3a3dQOO19moXPeTt2PomoT,What You Heard,What You Heard,Sonder,2019-02-22,238242,82,TRUE,tcgbb1ix1h1h974y7pakbtpr2,2026-09-01T20:30:03Z,"r&b,dark r&b",Sonder Global,0.429,0.371,2,-9.017,0,0.0327,0.546,0.00000571,0.104,0.135,137.134,4
spotify:track:3KkXRkHbMCARz0aVfEt68P,Sunflower - Spider-Man: Into the Spider-Verse,Spider-Man: Into the Spider-Verse (Soundtrack From & Inspired by the Motion Picture),Post Malone;Swae Lee,2018-12-14,158040,90,FALSE,tcgbb1ix1h1h974y7pakbtpr2,2026-09-01T20:30:03Z,,Universal Records,0.76,0.478,2,-5.574,1,0.0467,0.552,0,0.0703,0.913,89.908,4
spotify:track:5fBoh0hqi7shM8a8nfPnDB,Sparks Will Fly (feat. Jhené Aiko),Born Sinner (Deluxe Version),J. Cole;Jhené Aiko,2013-06-18,252053,69,TRUE,tcgbb1ix1h1h974y7pakbtpr2,2026-09-01T20:30:03Z,"rap,r&b",Roc Nation LLC,0.502,0.821,1,-6.904,0,0.23,0.0674,0,0.15,0.683,122.835,5
spotify:track:4k2VqYy2brbDYjBaeQtsjE,winter wonderland (feat. Halo),A Different Christmas,Bryson Tiller;Halo,2021-11-19,156753,36,FALSE,tcgbb1ix1h1h974y7pakbtpr2,2026-09-01T20:30:03Z,"trap soul,r&b",TrapSoul/RCA Records,0.67,0.673,1,-5.65,1,0.0812,0.113,0,0.266,0.307,122.192,4
spotify:track:7e9tzvqywrtzSz8GjjCzye,Exchange,T R A P S O U L (Deluxe),Bryson Tiller,2020-09-25,194613,46,TRUE,tcgbb1ix1h1h974y7pakbtpr2,2026-09-01T20:30:03Z,"trap soul,r&b",TrapSoul/RCA Records,0.525,0.433,6,-10.598,1,0.185,0.107,0,0.135,0.276,160.108,4
spotify:track:5GG3knKdxKWrNboRijxeKF,Run Me Dry,True to Self,Bryson Tiller,2017-05-26,169247,62,TRUE,tcgbb1ix1h1h974y7pakbtpr2,2026-09-01T20:30:03Z,"trap soul,r&b",TrapSoul/RCA Records,0.646,0.756,9,-9.017,0,0.488,0.393,0.00003,0.202,0.602,193.88,4
spotify:track:0wXuerDYiBnERgIpbb3JBR,Redbone,"""Awaken, My Love!""",Childish Gambino,2016-12-02,326933,6,TRUE,tcgbb1ix1h1h974y7pakbtpr2,2026-09-01T20:30:03Z,,Glassnote Entertainment Group LLC,0.743,0.344,1,-11.174,1,0.118,0.169,0.00879,0.103,0.577,160.15,4
spotify:track:0x1H3uM6zu2xYNMGMDNIqc,Came Right Back,Lost,Brent Faiyaz,2018-10-19,240859,57,TRUE,tcgbb1ix1h1h974y7pakbtpr2,2026-09-01T20:30:03Z,r&b,Lost Kids / Human Re Sources,0.409,0.358,7,-15.041,0,0.361,0.623,0.00000108,0.133,0.311,82.174,4
spotify:track:0dJhXJKZTpiaxTUc7uItIN,Let Me Know,Fuck The World,Brent Faiyaz,2020-02-07,215057,64,FALSE,tcgbb1ix1h1h974y7pakbtpr2,2026-09-01T20:30:03Z,r&b,Lost Kids,0.743,0.548,6,-6.545,0,0.0947,0.175,0.00018,0.088,0.558,85.017,4
spotify:track:6BIcjFZIVDZxNAcofRFPx4,So Gone,After The Storm,Monica,2003,242773,65,FALSE,tcgbb1ix1h1h974y7pakbtpr2,2026-09-01T20:30:03Z,r&b,J Records,0.618,0.552,8,-6.863,1,0.0981,0.176,0,0.252,0.586,81.975,4
spotify:track:2tFwYCvY0x9IfeW63AdMpM,Take Shots (feat. Tory Lanez),Take Shots (feat. Tory Lanez),A Boogie Wit da Hoodie;Tory Lanez,2022-10-21,281985,47,TRUE,tcgbb1ix1h1h974y7pakbtpr2,2026-09-01T20:30:03Z,melodic rap,Highbridge the Label / Atlantic Records,0.63,0.505,10,-4.923,0,0.244,0.0331,0,0.0713,0.578,92.537,4
spotify:track:1SBdQujLm2pg30EzL9swm0,December Back 2 June,December Back 2 June,Alicia Keys,2022-10-28,163920,22,FALSE,tcgbb1ix1h1h974y7pakbtpr2,2026-09-01T20:30:03Z,"r&b,neo soul",Alicia Keys Records,0.613,0.527,5,-8.206,0,0.0443,0.0672,0,0.101,0.463,90.053,4
spotify:track:7eZ7ODAt9cALYnWLO8F6Fd,D.D.,Trilogy,The Weeknd,2012-11-13,275493,59,FALSE,tcgbb1ix1h1h974y7pakbtpr2,2026-09-01T20:30:03Z,,CP Records,0.68,0.707,7,-7.225,0,0.099,0.479,0,0.511,0.382,119.996,4
spotify:track:2VjXGuPVVxyhMgER3Uz2Fe,Ex-Factor,The Miseducation of Lauryn Hill,Ms. Lauryn Hill,1998-08-25,326533,80,FALSE,tcgbb1ix1h1h974y7pakbtpr2,2026-09-01T20:30:03Z,neo soul,Ruffhouse/Columbia,0.593,0.619,3,-9.003,0,0.0976,0.118,0,0.484,0.668,80.02,4
spotify:track:3CA9pLiwRIGtUBiMjbZmRw,Nice For What,Scorpion,Drake,2018-06-29,210746,81,TRUE,tcgbb1ix1h1h974y7pakbtpr2,2026-09-01T20:30:03Z,rap,Cash Money/Drake LP6,0.585,0.909,8,-6.474,1,0.0707,0.0891,0.000097,0.119,0.758,93.372,4
spotify:track:0eiib9JkepIyYfCAcVuUga,Hold On Girl,Hold On Girl,Fanum;Chrisnxtdoor,2021-02-09,134452,28,TRUE,tcgbb1ix1h1h974y7pakbtpr2,2026-09-01T20:30:03Z,,769661 Records DK,0.58,0.605,10,-6.312,0,0.0346,0.187,0.0000329,0.068,0.59,75.026,4
spotify:track:0JXXNGljqupsJaZsgSbMZV,Sure Thing,All I Want Is You,Miguel,2010-11-30,195373,90,FALSE,tcgbb1ix1h1h974y7pakbtpr2,2026-09-01T20:30:03Z,r&b,Jive,0.684,0.607,11,-8.127,0,0.1,0.0267,0.000307,0.191,0.498,81.001,4
spotify:track:7dB1PiZseXwBZSObScI2nH,Hard Way,All I Want Is You,Miguel,2010-11-30,229320,46,FALSE,tcgbb1ix1h1h974y7pakbtpr2,2026-09-01T20:30:03Z,r&b,Jive,0.71,0.953,9,-5.237,0,0.0498,0.325,0.00019,0.174,0.538,97.953,4
spotify:track:2TYcxKCale4adLTwDRKkmV,be mine this christmas,A Different Christmas,Bryson Tiller,2021-11-19,203456,40,FALSE,tcgbb1ix1h1h974y7pakbtpr2,2026-09-01T20:30:03Z,"trap soul,r&b",TrapSoul/RCA Records,0.617,0.624,6,-6.896,0,0.481,0.209,0,0.323,0.727,86.087,4
spotify:track:0npGoOENjn7vVvIMmvWekQ,Lay It Down,King Of Hearts (Deluxe),Lloyd,2011,240106,73,TRUE,tcgbb1ix1h1h974y7pakbtpr2,2026-09-01T20:30:03Z,r&b,Zone 4 Inc/Interscope,0.527,0.797,1,-5.111,0,0.062,0.017,0,0.0798,0.536,155.994,4
spotify:track:2xB46Bj9HZ4cr058yN4Pla,Secrets,Artist 2.0 (Deluxe),A Boogie Wit da Hoodie,2020-06-19,133331,76,TRUE,tcgbb1ix1h1h974y7pakbtpr2,2026-09-01T20:30:03Z,melodic rap,Highbridge the Label / Atlantic Records,0.539,0.648,4,-6.008,1,0.0619,0.118,0,0.362,0.403,91.066,4
spotify:track:50iiDJGpAPdr2VTrz999XA,House Of Balloons / Glass Table Girls,Trilogy,The Weeknd,2012-11-13,405213,78,TRUE,tcgbb1ix1h1h974y7pakbtpr2,2026-09-01T20:30:03Z,,CP Records,0.65,0.711,0,-5.417,1,0.0377,0.0121,0.00995,0.301,0.32,89.019,4
spotify:track:15EPc80XuFrb2LmOzGjuRg,Crew (feat. Brent Faiyaz & Shy Glizzy),At What Cost,GoldLink;Brent Faiyaz;Shy Glizzy,2017-03-24,176390,78,TRUE,tcgbb1ix1h1h974y7pakbtpr2,2026-09-01T20:30:03Z,r&b,Squaaash Club/RCA Records,0.728,0.607,1,-8.417,0,0.132,0.133,0,0.0864,0.445,129.938,4
spotify:track:6V3cdH8lpwPxeS9SakKg60,Why DON'T You LOVE me?,LoVE me NOw (ReLoAdeD),Tory Lanez,2018-10-26,212143,50,TRUE,tcgbb1ix1h1h974y7pakbtpr2,2026-09-01T20:30:03Z,,Mad Love/Interscope Records,0.588,0.775,4,-6.318,0,0.0495,0.0415,0,0.39,0.181,119.928,4
spotify:track:1E5Xu8dur0fAjSP1VpVhAZ,Best Friends,Dawn FM,The Weeknd,2022-01-06,163504,66,FALSE,tcgbb1ix1h1h974y7pakbtpr2,2026-09-01T20:30:03Z,,XO / Republic Records,0.737,0.564,4,-7.045,0,0.105,0.436,0,0.351,0.528,90,4
spotify:track:1xzi1Jcr7mEi9K2RfzLOqS,CUFF IT,RENAISSANCE,Beyoncé,2022-07-29,225388,77,TRUE,tcgbb1ix1h1h974y7pakbtpr2,2026-09-01T20:30:03Z,,Parkwood Entertainment/Columbia,0.78,0.689,7,-5.668,1,0.141,0.0368,0.00000969,0.0698,0.642,115.042,4
spotify:track:3FImu2LpSuH6gDHBuFgIbS,DO 4 LOVE,Spotify Singles,Snoh Aalegra,2021-10-29,189462,72,FALSE,tcgbb1ix1h1h974y7pakbtpr2,2026-09-01T20:30:03Z,"alternative r&b,neo soul","Artium Recordings, LLC, under exclusive license to Roc Nation Records, LLC",0.367,0.142,6,-12.717,0,0.0319,0.913,0.00367,0.107,0.1,69.827,4
spotify:track:3ibKnFDaa3GhpPGlOUj7ff,Let Me Love You,Let Me Love You,Mario,2004-09-21,256733,80,FALSE,tcgbb1ix1h1h974y7pakbtpr2,2026-09-01T20:30:03Z,r&b,J Records,0.656,0.578,7,-8.97,0,0.0922,0.235,0,0.118,0.556,94.514,4
spotify:track:1zpu1PZ8ecmcX525Z3X8cl,Yo (Excuse Me Miss),Chris Brown,Chris Brown,2005-11-29,229040,0,FALSE,tcgbb1ix1h1h974y7pakbtpr2,2026-09-01T20:30:03Z,r&b,Jive,0.605,0.633,1,-5.899,0,0.251,0.119,0,0.225,0.592,87.26,4
spotify:track:6XsT5UGfpaFeHQf5LRIy4W,"Me, Myself and I",Dangerously In Love,Beyoncé,2003-06-24,301133,65,FALSE,tcgbb1ix1h1h974y7pakbtpr2,2026-09-01T20:30:03Z,,Columbia,0.75,0.458,1,-9.092,1,0.0803,0.226,0.0000325,0.137,0.536,83.61,4
spotify:track:2QdSb68BzZGMgCbsrFmSLc,Higher,For Broken Ears,Tems,2020-09-25,196204,77,FALSE,tcgbb1ix1h1h974y7pakbtpr2,2026-09-01T20:30:03Z,"afrobeats,afro r&b,alté,afrobeat",Leading Vibe Ltd,0.609,0.581,2,-10.854,1,0.277,0.509,0,0.283,0.528,102.964,3
spotify:track:59nOXPmaKlBfGMDeOVGrIK,WAIT FOR U (feat. Drake & Tems),I NEVER LIKED YOU,Future;Drake;Tems,2022-04-29,189893,85,TRUE,tcgbb1ix1h1h974y7pakbtpr2,2026-09-01T20:30:03Z,"rap,trap,afrobeats,afro r&b,alté,afrobeat",Epic/Freebandz,0.463,0.642,1,-4.474,1,0.34,0.314,0,0.0686,0.339,83.389,4
spotify:track:1otG6j1WHNvl9WgXLWkHTo,"After The Storm (feat. Tyler, The Creator & Bootsy Collins)",Isolation,"Kali Uchis;Tyler, The Creator;Bootsy Collins",2018-04-06,207454,83,FALSE,tcgbb1ix1h1h974y7pakbtpr2,2026-09-01T20:30:03Z,funk,EMI,0.702,0.659,4,-6.766,0,0.13,0.301,0.00201,0.218,0.843,79.64,4
spotify:track:00hh0NPClA0PJetfwn4k5R,Know What I Want,Por Vida,Kali Uchis,2015-02-04,251110,0,FALSE,tcgbb1ix1h1h974y7pakbtpr2,2026-09-01T20:30:03Z,,Kali Uchis LLC,0.706,0.631,6,-4.292,1,0.0381,0.167,0.00000491,0.155,0.603,81.004,4
spotify:track:1DMYEiuAgz1OKvANXiNFrN,Recognize (feat. Drake),PARTYNEXTDOOR TWO,PARTYNEXTDOOR;Drake,2014-07-29,311197,78,TRUE,tcgbb1ix1h1h974y7pakbtpr2,2026-09-01T20:30:03Z,"dark r&b,r&b,trap soul,rap",OVO Sound,0.644,0.541,2,-5.801,1,0.0426,0.0102,0,0.102,0.165,119.513,4
spotify:track:6tDDoYIxWvMLTdKpjFkc1B,telepatía,Sin Miedo (del Amor y Otros Demonios) ∞,Kali Uchis,2020-12-04,160191,87,FALSE,tcgbb1ix1h1h974y7pakbtpr2,2026-09-01T20:30:03Z,,EMI / Interscope,0.653,0.524,11,-9.016,0,0.0502,0.112,0,0.203,0.553,83.97,4
spotify:track:6m59VvDUi0UQsB2eZ9wVbH,Poison,Poison,Bell Biv DeVoe,1990-01-01,261853,80,FALSE,tcgbb1ix1h1h974y7pakbtpr2,2026-09-01T20:30:03Z,new jack swing,Geffen,0.84,0.56,6,-10.53,0,0.21,0.00195,0.00417,0.633,0.775,111.815,4
spotify:track:18AIesWCXvIbXu8RqQw1E1,Cinderella Story,Artist 2.0,A Boogie Wit da Hoodie,2020-02-14,185454,50,TRUE,tcgbb1ix1h1h974y7pakbtpr2,2026-09-01T20:30:03Z,melodic rap,Highbridge the Label / Atlantic Records,0.639,0.571,4,-7.332,1,0.511,0.272,0,0.144,0.569,88.047,4
spotify:track:47UXC6AlmVuuRP90txhQm6,Snow White,Snow White,Roy Woods,2018-06-08,261834,42,TRUE,tcgbb1ix1h1h974y7pakbtpr2,2026-09-01T20:30:03Z,,OVO Sound,0.795,0.559,0,-7.955,0,0.0412,0.195,0.00000216,0.112,0.203,88.032,4
spotify:track:5rZlwNFl01HqLWBQGryKSm,Mood Swings (feat. Lil Tjay),Shoot For The Stars Aim For The Moon,Pop Smoke;Lil Tjay,2020-07-03,213333,15,TRUE,tcgbb1ix1h1h974y7pakbtpr2,2026-09-01T20:30:03Z,"brooklyn drill,new york drill,drill,melodic rap",Victor Victor Worldwide,0.48,0.602,10,-6.335,0,0.368,0.487,0,0.0848,0.269,179.798,4
spotify:track:2mzM4Y0Rnx2BDZqRnhQ5Q6,Free Mind,For Broken Ears,Tems,2020-09-25,247578,79,FALSE,tcgbb1ix1h1h974y7pakbtpr2,2026-09-01T20:30:03Z,"afrobeats,afro r&b,alté,afrobeat",Leading Vibe Ltd,0.562,0.463,6,-7.478,1,0.0787,0.442,0.000145,0.157,0.416,125.15,5
spotify:track:2DnXXNkr3YQICQqdg9NH9F,One More Chance / Stay with Me - Remix; 2007 Remaster,Music Inspired By Biggie: I Got A Story To Tell,The Notorious B.I.G.,2021-03-01,268706,71,TRUE,tcgbb1ix1h1h974y7pakbtpr2,2026-09-01T20:30:03Z,"old school hip hop,gangster rap,east coast hip hop,hip hop",Rhino Atlantic,0.755,0.681,0,-6.037,1,0.217,0.149,0,0.127,0.704,90.969,4
spotify:track:0fK60qLRIpyT05TXzoSBY0,Hereditary,The Never Story,JID,2017-03-10,243206,56,TRUE,tcgbb1ix1h1h974y7pakbtpr2,2026-09-01T20:30:03Z,,J. Cole/ DreamVille,0.487,0.552,7,-12.403,1,0.332,0.457,0.0000259,0.203,0.354,154.617,4
spotify:track:4VMRsbfZzd3SfQtaJ1Wpwi,Double Fantasy (with Future),Double Fantasy,The Weeknd;Future,2023-04-21,268235,74,TRUE,tcgbb1ix1h1h974y7pakbtpr2,2026-09-01T20:30:03Z,"rap,trap",Republic Records,0.613,0.573,9,-7.277,0,0.0345,0.00572,0.00000258,0.432,0.124,119.041,4
spotify:track:2wAJTrFhCnQyNSD3oUgTZO,Work Out,Cole World: The Sideline Story,J. Cole,2011-09-27,235320,86,TRUE,tcgbb1ix1h1h974y7pakbtpr2,2026-09-01T20:30:03Z,rap,Roc Nation LLC,0.831,0.427,2,-6.903,1,0.106,0.0531,0,0.307,0.216,93.004,4
spotify:track:5kYSScXYOZYyi0fxramiW6,BEAUTIFUL (feat. Future & SZA),GOD DID,DJ Khaled;Future;SZA,2022-08-26,223232,59,TRUE,tcgbb1ix1h1h974y7pakbtpr2,2026-09-01T20:30:03Z,"rap,trap,r&b",Epic/We The Best,0.489,0.55,6,-6.729,1,0.233,0.103,0,0.118,0.241,171.882,4
spotify:track:0dGqP4VickYjtIaB5VOt4H,3:15 (Breathe),3:15 (Breathe),Russ,2021-05-21,184000,77,TRUE,tcgbb1ix1h1h974y7pakbtpr2,2026-09-01T20:30:03Z,,Russ My Way Inc,0.451,0.627,8,-4.59,1,0.127,0.591,0.00958,0.118,0.77,74.69,4
spotify:track:4BycRneKmOs6MhYG9THsuX,Find Your Love,Thank Me Later,Drake,2010-01-01,208946,73,FALSE,tcgbb1ix1h1h974y7pakbtpr2,2026-09-01T20:30:03Z,rap,"Aspire Music Group, LLC",0.627,0.614,6,-6.006,0,0.17,0.0211,0,0.0286,0.758,96.038,4
spotify:track:6WzRpISELf3YglGAh7TXcG,Popular (with Playboi Carti & Madonna) - From The Idol Vol. 1 (Music from the HBO Original Series),Popular (Music from the HBO Original Series),The Weeknd;Playboi Carti;Madonna,2023-06-02,215466,85,TRUE,tcgbb1ix1h1h974y7pakbtpr2,2026-09-01T20:30:03Z,rage rap,XO / Republic Records,0.854,0.674,1,-6.23,1,0.184,0.0517,0.0000853,0.509,0.848,99.022,4
spotify:track:6uNuT1YKpKjgZOOKiY4Nmf,Your Peace (feat. Lil Baby),King of R&B,Jacquees;Lil Baby,2019-11-08,183933,59,TRUE,tcgbb1ix1h1h974y7pakbtpr2,2026-09-01T20:30:03Z,"r&b,trap soul",Cash Money Records Inc.,0.51,0.624,6,-5.977,0,0.16,0.0105,0,0.102,0.575,196.059,4
spotify:track:5NijSs5dAwaIybq1GaRTIe,Poison,Poison,Brent Faiyaz,2016-08-03,212992,78,FALSE,tcgbb1ix1h1h974y7pakbtpr2,2026-09-01T20:30:03Z,r&b,Lost Kids,0.689,0.394,2,-10.102,0,0.065,0.711,0.000905,0.0859,0.382,117.489,3
spotify:track:7ncVTZ86MJQZK1FuW4hWLs,Risk It All (feat. Tory Lanez),King of R&B,Jacquees;Tory Lanez,2019-11-08,206893,58,TRUE,tcgbb1ix1h1h974y7pakbtpr2,2026-09-01T20:30:03Z,"r&b,trap soul",Cash Money Records Inc.,0.495,0.719,4,-6.84,0,0.131,0.133,0,0.152,0.323,94.782,4
spotify:track:3EG9FJ0ToLfgnc1IG2Z1wz,SWEET / I THOUGHT YOU WANTED TO DANCE (feat. Brent Faiyaz & Fana Hues),CALL ME IF YOU GET LOST,"Tyler, The Creator;Brent Faiyaz;Fana Hues",2021-06-25,588139,74,TRUE,tcgbb1ix1h1h974y7pakbtpr2,2026-09-01T20:30:03Z,"r&b,alternative r&b",Columbia,0.468,0.652,0,-4.912,1,0.0722,0.333,0.000318,0.55,0.39,140.223,4
spotify:track:5VCyMvzBaZdqVSAnot7faU,Finesse (feat. Bryson Tillerr),True To You (feat. Bryson Tillerr),Xavier Dixon;Bryson Tillerr,2023-10-01,163370,0,TRUE,tcgbb1ix1h1h974y7pakbtpr2,2026-09-01T20:30:03Z,,Xavier Dixon,0.578,0.331,8,-10.976,1,0.239,0.2,0,0.188,0.391,106.952,4
spotify:track:2i2gDpKKWjvnRTOZRhaPh2,Moonlight,Moonlight,Kali Uchis,2023-02-24,187557,78,FALSE,tcgbb1ix1h1h974y7pakbtpr2,2026-09-01T20:30:03Z,,Geffen Records,0.64,0.719,7,-6.452,0,0.0516,0.477,0,0.16,0.889,136.79,4
spotify:track:61IQZRyAmtndcGpXvVLOTt,Forever Yours,Larger Than Life,Brent Faiyaz,2023-10-27,96368,38,FALSE,tcgbb1ix1h1h974y7pakbtpr2,2026-09-01T20:30:03Z,r&b,ISO Supremacy under exclusive license to UnitedMasters LLC,0.641,0.504,2,-7.483,1,0.0314,0.00367,0.000247,0.634,0.811,137.001,4
spotify:track:7MOgLN4PHcXhhTZLchodnC,Plastic 100°C,Process (Bonus Edition),Sampha,2017,316187,53,FALSE,tcgbb1ix1h1h974y7pakbtpr2,2026-09-01T20:30:03Z,indie soul,Young,0.591,0.361,3,-11.879,0,0.0539,0.735,0.00227,0.654,0.175,132.08,4
spotify:track:3azJifCSqg9fRij2yKIbWz,The Color Violet,Alone At Prom,Tory Lanez,2021-12-10,226466,89,FALSE,tcgbb1ix1h1h974y7pakbtpr2,2026-09-01T20:30:03Z,,One Umbrella Records,0.645,0.534,6,-10.8,0,0.0479,0.157,0,0.0863,0.463,105.02,4
spotify:track:2PLOCIYlFr8XxNsz0Lgs4l,Ballad of a Badman,Alone At Prom,Tory Lanez,2021-12-10,254764,69,FALSE,tcgbb1ix1h1h974y7pakbtpr2,2026-09-01T20:30:03Z,,One Umbrella Records,0.546,0.845,1,-5.884,0,0.063,0.00341,0,0.45,0.581,162.101,4
spotify:track:6ieWL5CLN9WdC875guWtMe,Lady Of Namek,Alone At Prom,Tory Lanez,2021-12-10,193993,77,TRUE,tcgbb1ix1h1h974y7pakbtpr2,2026-09-01T20:30:03Z,,One Umbrella Records,0.676,0.659,11,-5.123,0,0.0476,0.194,0,0.283,0.595,134.985,4
spotify:track:7JXZq0JgG2zTrSOAgY8VMC,Jungle,If You're Reading This It's Too Late,Drake,2015-02-12,320400,78,TRUE,tcgbb1ix1h1h974y7pakbtpr2,2026-09-01T20:30:03Z,rap,Cash Money Records/Young Money Ent./Universal Rec.,0.697,0.235,7,-8.651,1,0.0534,0.62,0.000144,0.107,0.378,99.947,4
spotify:track:4dIiJbA32UIWpkwfRdd8qI,Cup Full,Cup Full,Jay Safari,2023-08-11,143242,40,FALSE,tcgbb1ix1h1h974y7pakbtpr2,2026-09-01T20:30:03Z,,Jay Safari,0.811,0.276,8,-12.237,0,0.042,0.313,0.00000279,0.2,0.835,108.604,4
spotify:track:1U4yfIDARp95wtUGOZZW51,Dance,Bad Decisions,Jay Safari,2022-11-18,165485,45,TRUE,tcgbb1ix1h1h974y7pakbtpr2,2026-09-01T20:30:03Z,,Jay Safari,0.79,0.661,9,-8.295,0,0.0349,0.0321,0.00305,0.126,0.628,116.007,4
spotify:track:60W2cDi5kzq1n785VKhk4n,"Led Me On - Live at the Lair, Orlando, 2023",Live in the Lair,Jay Safari,2024-01-15,167101,44,FALSE,tcgbb1ix1h1h974y7pakbtpr2,2026-09-01T20:30:03Z,,Jay Safari,0.85,0.526,5,-5.174,1,0.0398,0.048,0.0375,0.0816,0.503,122.203,4
spotify:track:2gdz7TlVOlDemmW2RoI3st,Poison Ivy,Alone at Prom (Deluxe),Tory Lanez,2023-11-17,187924,56,FALSE,tcgbb1ix1h1h974y7pakbtpr2,2026-09-01T20:30:03Z,,One Umbrella Records,0.754,0.789,1,-6.256,1,0.204,0.00596,0,0.102,0.748,106.081,4
spotify:track:0ZDwhNFZnPx9EIPCcwGUHC,Hell N Back (feat. Summer Walker),Hell N Back (feat. Summer Walker),Bakar;Summer Walker,2023-09-21,195147,72,TRUE,tcgbb1ix1h1h974y7pakbtpr2,2026-09-01T20:30:03Z,r&b,Black Butter,0.64,0.673,5,-4.519,0,0.563,0.288,0.00000215,0.113,0.736,209.942,4
spotify:track:3mHO1J6kfiArjBo1zhLFGP,Coming Down,House Of Balloons (Original),The Weeknd,2011-03-21,295435,80,FALSE,tcgbb1ix1h1h974y7pakbtpr2,2026-09-01T20:30:03Z,,The Weeknd/Lyric,0.694,0.649,2,-5.262,0,0.0353,0.303,0.0000241,0.206,0.344,120.973,4
spotify:track:2g4jtlKn4tSIzHFn4Z3IYg,CALYPSO,Bryson Tiller,Bryson Tiller,2024-04-05,188314,58,TRUE,tcgbb1ix1h1h974y7pakbtpr2,2026-09-01T20:30:03Z,"trap soul,r&b",TrapSoul/RCA Records,0.748,0.728,1,-4.449,1,0.155,0.0258,0,0.159,0.324,97.98,4
spotify:track:4bpuF6xenrFjMLA9tfKuc7,Stay Gold,Bryson Tiller,Bryson Tiller,2024-04-05,157161,46,TRUE,tcgbb1ix1h1h974y7pakbtpr2,2026-09-01T20:30:03Z,"trap soul,r&b",TrapSoul/RCA Records,0.469,0.738,7,-7.823,0,0.402,0.0814,0,0.0856,0.232,83.156,4
spotify:track:4CGORuRtjSK6xMy8s1VvSS,The Mission,The Mission,Bakar,2021-08-19,191478,58,FALSE,tcgbb1ix1h1h974y7pakbtpr2,2026-09-01T20:30:03Z,,Black Butter,0.708,0.437,10,-6.982,0,0.0807,0.188,0,0.0976,0.393,94.053,4
spotify:track:4Dx4e0X5dR6TW85dtFU42x,Red Leather,WE STILL DON'T TRUST YOU,Future;Metro Boomin;J. Cole,2024-04-12,414893,68,TRUE,tcgbb1ix1h1h974y7pakbtpr2,2026-09-01T20:30:03Z,"rap,trap",Wilburn Holding Co./Boominati/Epic/Republic,0.676,0.607,6,-4.792,1,0.372,0.51,0.00143,0.12,0.601,170.047,4
spotify:track:1bjeWoagtHmUKputLVyDxQ,Saturn,Saturn,SZA,2024-02-22,186191,78,FALSE,tcgbb1ix1h1h974y7pakbtpr2,2026-09-01T20:30:03Z,r&b,Top Dawg Entertainment/RCA Records,0.411,0.619,1,-6.834,1,0.0368,0.62,0,0.11,0.337,177.937,4
spotify:track:2BVhDSkTX5YUIsgnAtoWsI,D.T.N.,ALONE,A Boogie Wit da Hoodie,2024-04-22,166986,42,TRUE,tcgbb1ix1h1h974y7pakbtpr2,2026-09-01T20:30:03Z,melodic rap,Highbridge the Label / Atlantic Records,0.598,0.565,5,-7.011,0,0.157,0.278,0.00000366,0.317,0.0666,90.724,4
spotify:track:5iwUwADk4uQUvgMF6PlTRl,Upset (feat. Tommy Richman & FELIX!),Larger Than Life,Brent Faiyaz;FELIX!;Tommy Richman,2023-10-27,177899,73,TRUE,tcgbb1ix1h1h974y7pakbtpr2,2026-09-01T20:30:03Z,r&b,ISO Supremacy under exclusive license to UnitedMasters LLC,0.856,0.5,11,-9.393,1,0.18,0.487,0,0.104,0.886,135.03,4
spotify:track:4fHaxjpiE0znaTJT5slLbR,"772 Love, Pt.2 (Mellyy)","772 Love, Pt.2 (Mellyy)",Proper Etiquette,2024-04-28,299010,0,TRUE,tcgbb1ix1h1h974y7pakbtpr2,2026-09-01T20:30:03Z,,Rapchat Records,0.751,0.344,11,-11.822,0,0.188,0.301,0.00000447,0.215,0.442,125.642,4
spotify:track:3XKIUb7HzIF1Vu9usunMzc,Maria Maria (feat. The Product G&B),Supernatural (Remastered),Santana;The Product G&B,1999-06-15,261973,77,FALSE,tcgbb1ix1h1h974y7pakbtpr2,2026-09-01T20:30:03Z,,Columbia/Legacy,0.777,0.601,2,-5.931,1,0.126,0.0406,0.00201,0.0348,0.68,97.911,4
spotify:track:5oady7OSE7dH7LHiqmb3Cr,"Dreams, Fairytales, Fantasies (feat. Brent Faiyaz & Salaam Remi)",Floor Seats,A$AP Ferg;Brent Faiyaz;Salaam Remi,2019-08-16,222987,80,TRUE,tcgbb1ix1h1h974y7pakbtpr2,2026-09-01T20:30:03Z,"rap,r&b",A$AP Worldwide/Polo Grounds Music/RCA Records,0.737,0.597,7,-7.333,1,0.119,0.292,0,0.13,0.449,92.049,4
spotify:track:58FUwmyGUqkt53YPUcm7cJ,Knock You Down,In A Perfect World...,Keri Hilson;Kanye West;Ne-Yo,2009-01-01,326186,72,TRUE,tcgbb1ix1h1h974y7pakbtpr2,2026-09-01T20:30:03Z,rap,Mosley / Interscope,0.588,0.877,8,-4.78,1,0.16,0.00952,0,0.171,0.645,155.165,4
spotify:track:2LmGKdWkv8iMJymOnmzHQi,Trillions (feat. Brent Faiyaz) - Radio Edit,Trillions (feat. Brent Faiyaz) [Radio Edit],Alicia Keys;Brent Faiyaz,2022-08-11,148960,48,TRUE,tcgbb1ix1h1h974y7pakbtpr2,2026-09-01T20:30:03Z,"r&b,neo soul",RCA Records Label,0.672,0.615,1,-7.437,1,0.0298,0.286,0.0000701,0.0839,0.16,106.934,4
spotify:track:6ydWxkzjDktHsTzvWcaZ1i,In For It,In For It,Tory Lanez;RL Grime,2015-01-15,293306,77,TRUE,tcgbb1ix1h1h974y7pakbtpr2,2026-09-01T20:30:03Z,"edm trap,future bass,edm",Benny Blanco Major,0.383,0.531,5,-7.814,0,0.0741,0.0753,0.000102,0.108,0.0375,105.971,4
spotify:track:2uuJs2nltcYFh9pkKP7bW4,Show Me,2000,Joey Bada$$,2022-07-22,220386,71,TRUE,tcgbb1ix1h1h974y7pakbtpr2,2026-09-01T20:30:03Z,"hip hop,jazz rap,rap",Columbia,0.599,0.646,6,-6.326,1,0.337,0.222,0.00000436,0.128,0.638,176.153,4
spotify:track:0DmkBOGgEWMbUJlL6VwwF2,Helmet,Gemini Rights,Steve Lacy,2022-07-15,201510,76,TRUE,tcgbb1ix1h1h974y7pakbtpr2,2026-09-01T20:30:03Z,,L-M Records/RCA Records,0.612,0.675,9,-6.518,0,0.0231,0.0994,0,0.217,0.763,97.04,4
spotify:track:3Ox7FJrgNNBfctIGPgj40s,Only U,PARTYNEXTDOOR 3 (P3),PARTYNEXTDOOR,2016-08-12,175211,67,FALSE,tcgbb1ix1h1h974y7pakbtpr2,2026-09-01T20:30:03Z,"dark r&b,r&b,trap soul",OVO Sound,0.37,0.786,0,-6.748,1,0.18,0.306,0,0.243,0.734,65.904,3
spotify:track:74fQgHleHZ4V7Gm1XYcGkj,One Night Only,One Night Only,Sonder,2018-02-09,195909,81,FALSE,tcgbb1ix1h1h974y7pakbtpr2,2026-09-01T20:30:03Z,"r&b,dark r&b",Sonder Global / Human Re Sources,0.874,0.402,4,-5.786,1,0.0691,0.263,0.00094,0.147,0.764,119.99,4
spotify:track:0GGfGINoVYiSFXPOjg3RHj,Found (feat. Brent Faiyaz),Found (feat. Brent Faiyaz),Tems;Brent Faiyaz,2021-09-09,209454,69,FALSE,tcgbb1ix1h1h974y7pakbtpr2,2026-09-01T20:30:03Z,"afrobeats,afro r&b,alté,afrobeat,r&b",RCA Records/Since 93',0.821,0.412,7,-7.795,1,0.0341,0.625,0.0000164,0.0985,0.333,109.977,4
spotify:track:2dFqK2ZkYB9Xc47gr3xXWl,Replay,If Orange Was A Place,Tems,2021-09-14,179999,69,FALSE,tcgbb1ix1h1h974y7pakbtpr2,2026-09-01T20:30:03Z,"afrobeats,afro r&b,alté,afrobeat",RCA Records/Since 93',0.613,0.549,9,-8.187,1,0.231,0.097,0,0.116,0.78,123.879,5
spotify:track:1ppL3Tjizx9C6Vhd1TiIW0,Velvet Blue,Pairing Mode,Ray Lozano,2023-03-03,64410,51,FALSE,tcgbb1ix1h1h974y7pakbtpr2,2026-09-01T20:30:03Z,"alternative r&b,neo soul",Melting Pot Music,0.546,0.249,1,-12.787,0,0.22,0.816,0.00733,0.0678,0.96,135.579,5
spotify:track:5PvVkf1Yuq3XyMqqjPiKPd,Been Away,Fuck The World,Brent Faiyaz,2020-02-07,223629,78,TRUE,tcgbb1ix1h1h974y7pakbtpr2,2026-09-01T20:30:03Z,r&b,Lost Kids,0.602,0.5,8,-9.377,1,0.298,0.477,0.0000569,0.295,0.395,132.798,4
spotify:track:5Ha9IheRrkDyr7ZdhaRsWb,Ryd,Steve Lacy's Demo,Steve Lacy,2017-02-24,140182,70,FALSE,tcgbb1ix1h1h974y7pakbtpr2,2026-09-01T20:30:03Z,,Three Quarter,0.788,0.939,9,-7.327,0,0.0544,0.0723,0.000181,0.133,0.98,137.002,4
spotify:track:1eDI5oU04SLsXl0TfxfwYf,Love Me JeJe,Born in the Wild,Tems,2024-06-06,178041,76,FALSE,tcgbb1ix1h1h974y7pakbtpr2,2026-09-01T20:30:03Z,"afrobeats,afro r&b,alté,afrobeat",RCA Records/Since 93',0.834,0.516,8,-10.871,0,0.138,0.156,0.53,0.109,0.531,103.955,4
spotify:track:31kxPC3ZB9AYwCLyHaqEVX,Me & U,Born in the Wild,Tems,2024-06-06,192751,82,FALSE,tcgbb1ix1h1h974y7pakbtpr2,2026-09-01T20:30:03Z,"afrobeats,afro r&b,alté,afrobeat",RCA Records/Since 93',0.795,0.571,10,-9.835,1,0.0433,0.121,0.00781,0.0853,0.248,112.048,4
spotify:track:5Bngj85IUf1HrAWGhMAwRn,Interference,For Broken Ears,Tems,2020-09-25,175238,58,FALSE,tcgbb1ix1h1h974y7pakbtpr2,2026-09-01T20:30:03Z,"afrobeats,afro r&b,alté,afrobeat",Leading Vibe Ltd,0.614,0.0908,3,-13.388,1,0.0503,0.938,0,0.323,0.299,126.217,4
spotify:track:0NHvTrD8Igke3fawcp3njY,Wus Good / Curious,PARTYNEXTDOOR,PARTYNEXTDOOR,2013-07-01,212880,76,TRUE,tcgbb1ix1h1h974y7pakbtpr2,2026-09-01T20:30:03Z,"dark r&b,r&b,trap soul",OVO Sound,0.343,0.536,11,-8.215,1,0.0805,0.0737,0.000129,0.225,0.456,82.836,5
spotify:track:3xKsf9qdS1CyvXSMEid6g8,Pink + White,Blonde,Frank Ocean,2016-08-20,184516,89,FALSE,tcgbb1ix1h1h974y7pakbtpr2,2026-09-01T20:30:03Z,,Boys Don't Cry,0.545,0.545,9,-7.362,1,0.107,0.667,0.0000548,0.417,0.549,159.94,3
spotify:track:4c2xt1trwYZpMqPWY35Xi9,Jaded,Scorpion,Drake,2018-06-29,262453,76,TRUE,tcgbb1ix1h1h974y7pakbtpr2,2026-09-01T20:30:03Z,rap,Cash Money/Drake LP6,0.764,0.271,0,-5.697,1,0.0414,0.037,0,0.175,0.0371,116.019,4
spotify:track:7sBwAWyXfiIgrYQ8BaJESH,Keep The Family Close,Views,Drake,2016-05-06,328906,67,TRUE,tcgbb1ix1h1h974y7pakbtpr2,2026-09-01T20:30:03Z,rap,Cash Money Records/Young Money Ent./Universal Rec.,0.378,0.566,9,-7.685,0,0.0482,0.149,0,0.382,0.196,87.691,3
spotify:track:0Vu1Q1op2URimTTN9h3Eam,Topless in Miami - Lost Tapes 2016,Topless in Miami (Lost Tapes 2016),Tory Lanez,2024-09-20,137142,46,TRUE,tcgbb1ix1h1h974y7pakbtpr2,2026-09-01T20:30:03Z,,One Umbrella Records,0.584,0.66,9,-6.294,0,0.0486,0.00811,0.00304,0.077,0.246,146.983,4
spotify:track:4sMmYKC0ot3GTbl2RzHw7T,And This is Just The Intro,PLAYBOY,Tory Lanez,2021-03-05,326813,72,TRUE,tcgbb1ix1h1h974y7pakbtpr2,2026-09-01T20:30:03Z,,One Umbrella Records,0.53,0.517,5,-9.253,0,0.399,0.387,0,0.176,0.381,137.554,4
spotify:track:2G8tfTExxzpRKssKzKwDYV,Simple And Clean,COLORS,Hikaru Utada,2003-01-29,300760,64,FALSE,tcgbb1ix1h1h974y7pakbtpr2,2026-09-01T20:30:03Z,"j-pop,j-r&b,anime",Universal Music LLC,0.592,0.885,5,-4.201,0,0.0489,0.047,0.000134,0.348,0.548,88.012,4
spotify:track:5b76EVdwLAMg1OR1Ueu6Nw,Eden,Black History Always / Music For the Movement Vol. 2,Brent Faiyaz,2021-02-26,199825,41,FALSE,tcgbb1ix1h1h974y7pakbtpr2,2026-09-01T20:30:03Z,r&b,Hollywood Records,0.473,0.336,4,-8.809,1,0.0314,0.882,0.000867,0.253,0.173,125.673,4
spotify:track:3zs0eWdQ9zpWUX8ZbFLJZz,Allure,Allure,Brent Faiyaz,2015-01-20,264826,60,TRUE,tcgbb1ix1h1h974y7pakbtpr2,2026-09-01T20:30:03Z,r&b,Lost Kids,0.437,0.176,11,-15.466,0,0.0626,0.57,0.0138,0.108,0.46,171.94,4
spotify:track:3Doecjax5UIcX1Lui8jPIx,Worst In Us,Worst In Us,d3puu,2023-06-15,259031,1,TRUE,tcgbb1ix1h1h974y7pakbtpr2,2026-09-01T20:30:03Z,,d3puu,0.405,0.224,1,-17.533,1,0.0573,0.546,0.000151,0.104,0.0526,132.43,5
spotify:track:1ZqvVE8uiqOxtJ2E8FLl8x,Lady of Neptune,PLAYBOY,Tory Lanez,2021-03-05,268946,63,TRUE,tcgbb1ix1h1h974y7pakbtpr2,2026-09-01T20:30:03Z,,One Umbrella Records,0.571,0.691,5,-8.137,0,0.216,0.271,0,0.297,0.5,81.091,4
spotify:track:3UChNf9rb9hJZvOcU9HCTb,Liquid Smooth,Lush,Mitski,2012-01-31,169773,0,FALSE,tcgbb1ix1h1h974y7pakbtpr2,2026-09-01T20:30:03Z,,Mitski,0.356,0.342,7,-9.469,0,0.0383,0.837,0,0.136,0.116,113.52,3
spotify:track:1XDusI9Tc8F0gjPlKYYzez,Bag of Bones,Lush,Mitski,2012-01-31,276226,0,FALSE,tcgbb1ix1h1h974y7pakbtpr2,2026-09-01T20:30:03Z,,Mitski,0.429,0.24,0,-13.338,1,0.0369,0.936,0,0.126,0.323,84.084,4
spotify:track:27pdZVcxywmfewrks4GvCD,And This Is Just The Intro (Live),PLAYBOY Live,Tory Lanez,2021-05-07,403264,53,TRUE,tcgbb1ix1h1h974y7pakbtpr2,2026-09-01T20:30:03Z,,One Umbrella Records,0.601,0.384,10,-12.795,0,0.488,0.0593,0,0.167,0.114,113.238,3
spotify:track:3c6afiysmB7OnxQzzSqRfD,So Into You,Tamia,Tamia,1998,261866,76,FALSE,tcgbb1ix1h1h974y7pakbtpr2,2026-09-01T20:30:03Z,r&b,Rhino/Warner Records,0.656,0.479,7,-7.055,0,0.0348,0.0665,0.00272,0.168,0.708,184.374,4
spotify:track:2MJlhN2OockKCadeGS4AEP,Shameless,Shameless,Avenoir,2022-08-19,175386,72,TRUE,tcgbb1ix1h1h974y7pakbtpr2,2026-09-01T20:30:03Z,"dark r&b,alternative r&b,r&b",Avenoir,0.686,0.415,4,-11.502,0,0.0425,0.743,0.000162,0.228,0.236,130.015,4
spotify:track:2nYeyMeqYDiFSYYtl2BWD6,Piece of My Heart (feat. Brent Faiyaz),Piece of My Heart (feat. Brent Faiyaz),Wizkid;Brent Faiyaz,2024-10-18,259354,57,FALSE,tcgbb1ix1h1h974y7pakbtpr2,2026-09-01T20:30:03Z,"afrobeats,afrobeat,afropop,azonto,afroswing,afro r&b,afropiano,r&b",Starboy/RCA Records,0.737,0.648,1,-5.493,1,0.138,0.252,0.00000692,0.105,0.746,93.2,4
spotify:track:7iCs98iS5n6KCI4q3H7zp9,Tell Him,The Miseducation of Lauryn Hill,Ms. Lauryn Hill,1998-08-25,280760,70,FALSE,tcgbb1ix1h1h974y7pakbtpr2,2026-09-01T20:30:03Z,neo soul,Ruffhouse/Columbia,0.655,0.647,1,-9.465,1,0.0903,0.19,0.00877,0.0412,0.931,80.077,4
spotify:track:4osgfFTICMkcGbbigdsa53,Novacane,Novacane,Frank Ocean,2011-01-01,302346,86,TRUE,tcgbb1ix1h1h974y7pakbtpr2,2026-09-01T20:30:03Z,,Red Zone Entertainment / IDJ,0.762,0.508,3,-9.112,1,0.0919,0.0584,0.00126,0.16,0.37,93.51,4
spotify:track:0llA0pYA6GpGk7fTjew0wO,The Resistance,Thank Me Later,Drake,2010-01-01,225360,75,TRUE,tcgbb1ix1h1h974y7pakbtpr2,2026-09-01T20:30:03Z,rap,"Aspire Music Group, LLC",0.547,0.741,0,-8.127,1,0.163,0.822,0,0.117,0.637,82.589,4
spotify:track:2aSC2xhRxOLiiZZVjhbylH,"Hold On, We're Going Home",Nothing Was The Same,Drake;Majid Jordan,2013-01-01,227880,72,FALSE,tcgbb1ix1h1h974y7pakbtpr2,2026-09-01T20:30:03Z,rap,Cash Money Records/Young Money Ent./Universal Rec.,0.777,0.414,6,-7.44,0,0.0946,0.00421,0.0000273,0.0724,0.287,100.002,4
spotify:track:4zLOwx1yRJXWkHKt1XzF1p,Now & Forever,If You're Reading This It's Too Late,Drake,2015-02-12,281320,70,TRUE,tcgbb1ix1h1h974y7pakbtpr2,2026-09-01T20:30:03Z,rap,Cash Money Records/Young Money Ent./Universal Rec.,0.555,0.481,6,-7.419,1,0.0322,0.124,0,0.101,0.098,107.793,4
spotify:track:35sZOqVnTQNIGWGURrFdLh,Dreamin,Dreamin,PARTYNEXTDOOR,2015-03-08,147146,81,TRUE,tcgbb1ix1h1h974y7pakbtpr2,2026-09-01T20:30:03Z,"dark r&b,r&b,trap soul",OVO Sound,0.746,0.629,9,-6.463,1,0.0454,0.218,0.000293,0.112,0.163,114.727,4
spotify:track:12VH4g5pTMZmrUVzfJq7F7,M a k e I t T o T h e M o r n i n g,PARTYNEXTDOOR 4 (P4),PARTYNEXTDOOR,2024-04-26,168453,84,TRUE,tcgbb1ix1h1h974y7pakbtpr2,2026-09-01T20:30:03Z,"dark r&b,r&b,trap soul",OVO Sound,0.677,0.622,4,-5.901,0,0.0287,0.0831,0.00749,0.154,0.0903,122.738,4
spotify:track:0eSTu4biq1whc8u8SaS3F3,Who Can Blame Her,Who Can Blame Her,Zeke Pujols,2024-01-05,185106,0,FALSE,tcgbb1ix1h1h974y7pakbtpr2,2026-09-01T20:30:03Z,dark r&b,Zeke Pujols,0.507,0.455,11,-10.401,0,0.13,0.45,0,0.108,0.325,94.445,4
spotify:track:2gjidmxtA1pyj2HYrdOTG1,I Want You Around,"- Ugh, those feels again",Snoh Aalegra,2019-08-16,212787,67,TRUE,tcgbb1ix1h1h974y7pakbtpr2,2026-09-01T20:30:03Z,"alternative r&b,neo soul","Artium Recordings, LLC",0.705,0.432,4,-9.7,1,0.205,0.381,0.133,0.0841,0.599,168.005,4
spotify:track:3Yyssxt2z69If6IXkBDr6s,Time - Lost Tapes 2016,Time (Lost Tapes 2016),Tory Lanez,2024-09-13,128914,60,TRUE,tcgbb1ix1h1h974y7pakbtpr2,2026-09-01T20:30:03Z,,One Umbrella Records,0.415,0.387,10,-11.65,0,0.188,0.429,0,0.071,0.0989,101.71,4
spotify:track:1QRpKIlwwqXxDgQEXSvR92,The Beach,When It's All Said And Done... Take Time,GIVĒON,2021-03-12,205663,56,FALSE,tcgbb1ix1h1h974y7pakbtpr2,2026-09-01T20:30:03Z,r&b,Epic/Not So Fast,0.423,0.51,3,-9.498,0,0.166,0.179,0.000494,0.934,0.224,199.872,4
spotify:track:4QhWbupniDd44EDtnh2bFJ,Pyramids,channel ORANGE,Frank Ocean,2012-07-10,592920,84,TRUE,tcgbb1ix1h1h974y7pakbtpr2,2026-09-01T20:30:03Z,,Red Zone Entertainment / IDJ,0.4,0.65,5,-6.104,0,0.0466,0.0118,0.0000762,0.791,0.15,107.989,4
spotify:track:1PxKsGzQcmiwDHvA9ig5gv,Witchy (feat. Childish Gambino),TIMELESS,KAYTRANADA;Childish Gambino,2024-06-07,227000,69,TRUE,tcgbb1ix1h1h974y7pakbtpr2,2026-09-01T20:30:03Z,,KAYTRANADA/RCA Records,0.592,0.619,5,-8.183,1,0.137,0.00125,0.000918,0.119,0.319,109.924,4
spotify:track:6R55Qoa7SRZ744U85UdMVp,Random Access Memory [RAM] (feat. Clara La San),Bryson Tiller,Bryson Tiller;Clara La San,2024-04-05,144112,55,TRUE,tcgbb1ix1h1h974y7pakbtpr2,2026-09-01T20:30:03Z,"trap soul,r&b",TrapSoul/RCA Records,0.449,0.469,10,-11.188,0,0.206,0.485,0.0000022,0.639,0.354,150.178,4
spotify:track:35xSkNIXi504fcEwz9USRB,Solo,Blonde,Frank Ocean,2016-08-20,257380,74,TRUE,tcgbb1ix1h1h974y7pakbtpr2,2026-09-01T20:30:03Z,,Boys Don't Cry,0.469,0.289,5,-10.625,0,0.0366,0.85,0.00000248,0.161,0.258,133.805,4
spotify:track:3tQqkI9EO7EXVHw2VY68Ru,Here with Me,Hiatus,Crazyups,2019-03-15,144076,38,FALSE,tcgbb1ix1h1h974y7pakbtpr2,2026-09-01T20:30:03Z,,Crazyups,0.464,0.493,6,-9.396,1,0.119,0.297,0.0661,0.0946,0.129,87.882,4
spotify:track:2pg2TiYo9Rb8KeB5JjP7jS,Sativa,Trip,Jhené Aiko;Swae Lee,2017-09-22,276960,81,TRUE,tcgbb1ix1h1h974y7pakbtpr2,2026-09-01T20:30:03Z,r&b,Def Jam Recordings,0.741,0.61,6,-7.34,0,0.0511,0.316,0,0.534,0.72,125.99,4
spotify:track:5ctk3VJoHoURSiwkCJn2bf,How Many Drinks?,Kaleidoscope Dream,Miguel,2012-09-28,272986,75,FALSE,tcgbb1ix1h1h974y7pakbtpr2,2026-09-01T20:30:03Z,r&b,ByStorm Entertainment/RCA Records,0.379,0.608,0,-7.011,0,0.134,0.00311,0.000614,0.248,0.241,81.822,4
spotify:track:49sXkAcR5LvOrtq5Qcn5cf,Superpower (feat. Frank Ocean),BEYONCÉ [Platinum Edition],Beyoncé;Frank Ocean,2014-11-24,276560,59,FALSE,tcgbb1ix1h1h974y7pakbtpr2,2026-09-01T20:30:03Z,,Parkwood Entertainment/Columbia,0.525,0.334,0,-11.54,1,0.0686,0.641,0,0.114,0.185,80.307,3
spotify:track:0iFOG4Ki9aDmJUYUFHQlPG,Frontin' (feat. JAY-Z) - Club Mix,The Neptunes Present... Clones,Pharrell Williams;JAŸ-Z,2003-08-19,236506,71,TRUE,tcgbb1ix1h1h974y7pakbtpr2,2026-09-01T20:30:03Z,"hip hop,east coast hip hop,rap",Arista,0.894,0.404,9,-5.913,0,0.13,0.453,0.00000157,0.0801,0.759,102.009,4
spotify:track:7Bar1kLTmsRmH6FCKKMEyU,Hit Different,Hit Different,SZA;The Neptunes;Pharrell Williams;Ty Dolla $ign,2020-09-04,202007,70,TRUE,tcgbb1ix1h1h974y7pakbtpr2,2026-09-01T20:30:03Z,"r&b,trap soul",Top Dawg Entertainment/RCA Records,0.679,0.516,0,-6.371,0,0.0452,0.199,0,0.0965,0.716,120.074,4
spotify:track:1NaSrCqTnZdlusQ82SJhGN,TWENTIES,TWENTIES,GIVĒON,2025-02-07,171955,67,FALSE,tcgbb1ix1h1h974y7pakbtpr2,2026-09-01T20:30:03Z,r&b,Epic,0.547,0.583,7,-7.69,1,0.0475,0.0512,0,0.302,0.401,78.972,3
spotify:track:0QyJXG36Q3Kta662XS8GhY,Too Fast,Into,Sonder,2017-01-27,295800,78,FALSE,tcgbb1ix1h1h974y7pakbtpr2,2026-09-01T20:30:03Z,"r&b,dark r&b",Sonder,0.407,0.323,4,-11.076,0,0.041,0.281,0.0000242,0.487,0.136,99.209,3
spotify:track:5RG1HRQocUAafoCrGd9lY5,LIMB,Don't Throw Rocks At The Moon,Planet Giza,2021-02-12,104827,2,FALSE,tcgbb1ix1h1h974y7pakbtpr2,2026-09-01T20:30:03Z,,Planet Giza,0.467,0.272,8,-13.789,0,0.0382,0.879,0,0.272,0.372,87.262,4
spotify:track:2fwsmT1AbClEwHbujP4ZMr,Why Can't You,Why Can't You,Bryant Barnes,2025-01-17,195440,58,FALSE,tcgbb1ix1h1h974y7pakbtpr2,2026-09-01T20:30:03Z,,Republic Records,0.559,0.435,3,-8.322,1,0.0289,0.598,0.0000649,0.133,0.462,166.081,3
spotify:track:6UgxOrbHWJeqHvh0ost7Aa,Too Much,Nothing Was The Same,Drake;Sampha,2013-01-01,261853,59,TRUE,tcgbb1ix1h1h974y7pakbtpr2,2026-09-01T20:30:03Z,"rap,indie soul",Cash Money Records/Young Money Ent./Universal Rec.,0.681,0.569,6,-5.859,1,0.546,0.173,0,0.18,0.147,140.532,4
spotify:track:2HA4tNLIXY1dGvDVCLeslk,Little Things,3,Ella Mai,2024-11-03,172924,67,FALSE,tcgbb1ix1h1h974y7pakbtpr2,2026-09-01T20:30:03Z,r&b,10 Summers/Interscope Records,0.725,0.566,11,-5.989,1,0.16,0.477,0,0.142,0.232,135.794,4
spotify:track:2uvE4L5ZsYKpv8hbK4TIOt,MUTT,MUTT,Leon Thomas,2024-09-27,192933,83,TRUE,tcgbb1ix1h1h974y7pakbtpr2,2026-09-01T20:30:03Z,,EZMNY Records/Motown Records,0.572,0.455,1,-8.078,1,0.134,0.216,0.00000388,0.072,0.597,179.787,4
spotify:track:1WwrfoGe0K33z1tVI6mevJ,VIBES DON'T LIE,MUTT,Leon Thomas,2024-09-27,201567,67,TRUE,tcgbb1ix1h1h974y7pakbtpr2,2026-09-01T20:30:03Z,,EZMNY Records/Motown Records,0.584,0.637,10,-8.061,0,0.0542,0.219,0.13,0.117,0.208,81.043,4
spotify:track:46O9cBukCSQbkSFvEKVNjC,Here We Go (Uh Oh) [Remix] (feat. Leon Thomas),Here We Go (Uh Oh) [Remix] (feat. Leon Thomas),Coco Jones;Leon Thomas,2025-01-31,216507,47,FALSE,tcgbb1ix1h1h974y7pakbtpr2,2026-09-01T20:30:03Z,,High Standardz/Def Jam,0.336,0.775,3,-2.366,0,0.146,0.285,0.00000149,0.112,0.614,178.205,3
spotify:track:2R6jF4DMNAFKuhYgXZxqMu,SAFE PLACE,MUTT,Leon Thomas,2024-09-27,159495,56,TRUE,tcgbb1ix1h1h974y7pakbtpr2,2026-09-01T20:30:03Z,,EZMNY Records/Motown Records,0.487,0.931,0,-4.248,1,0.248,0.198,0,0.21,0.729,100.905,4
spotify:track:1uzVgNkXqQC7hsJhFZ749o,Sonder Son (Interlude),Sonder Son,Brent Faiyaz,2017-10-13,100303,62,FALSE,tcgbb1ix1h1h974y7pakbtpr2,2026-09-01T20:30:03Z,r&b,Lost Kids,0.461,0.303,2,-11.137,1,0.0543,0.746,0.00000898,0.223,0.099,152.862,4
spotify:track:7B1c8GzIeRVfuU7pqgmBaR,BP,Last Day Of Summer,Summer Walker,2018-10-19,109413,59,FALSE,tcgbb1ix1h1h974y7pakbtpr2,2026-09-01T20:30:03Z,r&b,LVRN/Interscope Records,0.355,0.311,8,-11.543,1,0.104,0.729,0.0000511,0.206,0.227,75.849,1
spotify:track:6QU0n5ELw1SC8fojMhpovr,Do No Wrong,Do No Wrong,Zeke Pujols,2024-04-11,117714,0,FALSE,tcgbb1ix1h1h974y7pakbtpr2,2026-09-01T20:30:03Z,dark r&b,Zeke Pujols,0.578,0.721,6,-6.736,0,0.0872,0.504,0,0.203,0.34,105.037,4
spotify:track:4RnvS1tmh1ERhjXX6dxv95,Language,Language,Paperboy Fabe;Brent Faiyaz,2017-05-12,150360,77,TRUE,tcgbb1ix1h1h974y7pakbtpr2,2026-09-01T20:30:03Z,r&b,True Purpose,0.62,0.721,4,-5.538,0,0.0887,0.0422,0.0075,0.563,0.77,169.904,4
spotify:track:01xD1ykb1Vv1oRlQLMBqDD,That's You,Algorithm,Lucky Daye,2024-06-27,319454,58,FALSE,tcgbb1ix1h1h974y7pakbtpr2,2026-09-01T20:30:03Z,,Keep Cool/RCA Records,0.592,0.49,11,-7.296,0,0.0488,0.267,0,0.483,0.457,130.123,4
spotify:track:6ywb8fhYB0URhVPhuYK8Z5,HERicane,Algorithm,Lucky Daye,2024-06-27,227368,44,FALSE,tcgbb1ix1h1h974y7pakbtpr2,2026-09-01T20:30:03Z,,Keep Cool/RCA Records,0.741,0.685,7,-6.312,0,0.0488,0.25,0.00178,0.0966,0.748,94.986,4
spotify:track:3NWTRZ0A8xKlBP1qgNftql,Special Affair,Ego Death,The Internet,2015-06-26,178057,63,TRUE,tcgbb1ix1h1h974y7pakbtpr2,2026-09-01T20:30:03Z,"neo soul,alternative r&b",Odd Future,0.795,0.409,9,-10.134,0,0.0859,0.183,0.00108,0.112,0.518,120.095,4
spotify:track:6gdhHMWUv1pvkOHqCUGvCp,One In A Million,One In A Million,Aaliyah,1996-08-27,270760,1,FALSE,tcgbb1ix1h1h974y7pakbtpr2,2026-09-01T20:30:03Z,"r&b,contemporary r&b","Blackground Records, LLC",0.741,0.508,11,-5.099,0,0.0507,0.0347,0.0000645,0.0602,0.354,121.965,4
spotify:track:1wjDFBUOMuZKm1eJ8GzRBX,IN YOUR EYES,TEMPORARY HIGHS IN THE VIOLET SKIES,Snoh Aalegra,2021-07-09,214453,68,FALSE,tcgbb1ix1h1h974y7pakbtpr2,2026-09-01T20:30:03Z,"alternative r&b,neo soul","Artium Recordings, LLC, under exclusive license to Roc Nation Records, LLC",0.879,0.566,9,-5.013,0,0.0578,0.47,0.0000793,0.0965,0.657,120.09,4
spotify:track:54IbnYEdA3ymfxv07WgN3b,Your Teeth In My Neck,Isolation,Kali Uchis,2018-04-06,186181,72,FALSE,tcgbb1ix1h1h974y7pakbtpr2,2026-09-01T20:30:03Z,,EMI,0.853,0.604,3,-5.794,0,0.0511,0.0696,0.00000165,0.135,0.86,116,4
spotify:track:0sKfhhj6hYyJIXnTiZV9vf,The Sweetest Taboo,Promise,Sade,1985-11-04,277373,74,FALSE,tcgbb1ix1h1h974y7pakbtpr2,2026-09-01T20:30:03Z,,Sony Music UK,0.752,0.823,10,-9.455,0,0.0447,0.128,0.0098,0.303,0.962,91.563,4
spotify:track:4atsB8EjUKY1kWg8KVag9h,Lottery,Por Vida,Kali Uchis,2015-02-04,206526,1,FALSE,tcgbb1ix1h1h974y7pakbtpr2,2026-09-01T20:30:03Z,,Kali Uchis LLC,0.738,0.535,2,-5.822,1,0.0472,0.115,0,0.215,0.447,95.03,4
spotify:track:0xQT5kbfnrU9Dv7x4MtMbi,The Night Song,Crush EP,Ravyn Lenae,2018-02-09,219435,47,FALSE,tcgbb1ix1h1h974y7pakbtpr2,2026-09-01T20:30:03Z,"alternative r&b,indie soul",Atlantic Records/Three Twenty Three Music Group,0.671,0.387,2,-9.578,1,0.0525,0.0977,0,0.193,0.667,93.872,4
spotify:track:3VeW0pO2pae144rAX2oXPP,Oceans,Magna Carta... Holy Grail,JAŸ-Z;Frank Ocean,2013-07-04,237920,61,TRUE,tcgbb1ix1h1h974y7pakbtpr2,2026-09-01T20:30:03Z,"hip hop,east coast hip hop,rap",Roc Nation / Jay-Z,0.365,0.943,11,-5.274,0,0.474,0.219,0,0.39,0.456,177.919,4
spotify:track:5nkUIVKqOqdpB6ApKgEMkv,Stay Ready (What A Life),Sail Out,Jhené Aiko;Kendrick Lamar,2013-01-01,382760,79,TRUE,tcgbb1ix1h1h974y7pakbtpr2,2026-09-01T20:30:03Z,"r&b,hip hop,west coast hip hop",Def Jam Recordings,0.347,0.493,8,-11.548,0,0.29,0.455,0.00366,0.127,0.308,82.887,4
spotify:track:1c2wTe7doRRk2n1XZe0KAM,Lovely,Into,Sonder,2017-01-27,291448,67,TRUE,tcgbb1ix1h1h974y7pakbtpr2,2026-09-01T20:30:03Z,"r&b,dark r&b",Sonder,0.506,0.503,8,-9.003,0,0.0468,0.581,0.000534,0.628,0.133,144.015,3
spotify:track:5fEB6ZmVkg63GZg9qO86jh,Break from Toronto,PARTYNEXTDOOR,PARTYNEXTDOOR,2013-07-01,99213,84,TRUE,tcgbb1ix1h1h974y7pakbtpr2,2026-09-01T20:30:03Z,"dark r&b,r&b,trap soul",OVO Sound,0.595,0.678,9,-5.18,1,0.0335,0.0199,0.00389,0.418,0.259,117.067,4
spotify:track:3ijLtvQmoX17q1wTgU7SiI,Break You Off,Too Late To Die Young,Sonder,2022-10-21,127142,71,TRUE,tcgbb1ix1h1h974y7pakbtpr2,2026-09-01T20:30:03Z,"r&b,dark r&b",Sonder Global LLC,0.788,0.394,11,-9.519,1,0.0929,0.797,0,0.535,0.471,105.002,4
spotify:track:5uXO1sjZ7VbNKexKaFRna3,Please Do Not Lean (feat. BADBADNOTGOOD),Please Do Not Lean,Daniel Caesar;BADBADNOTGOOD,2022-04-22,240937,59,FALSE,tcgbb1ix1h1h974y7pakbtpr2,2026-09-01T20:30:03Z,,Republic Records,0.67,0.41,1,-13.444,1,0.0381,0.241,0.00000855,0.167,0.46,127.972,4
spotify:track:736PP5LTtREkDgktNmX3Gu,Superpowers,NEVER ENOUGH,Daniel Caesar,2023-04-07,174512,88,FALSE,tcgbb1ix1h1h974y7pakbtpr2,2026-09-01T20:30:03Z,,Republic Records,0.459,0.433,7,-8.983,1,0.0367,0.614,0.0285,0.19,0.0482,106.626,5
spotify:track:0JwfrZk5keNp3SYhZn6Wi1,No One Knows,A.M. Paradox,Brent Faiyaz,2016-09-20,271246,77,TRUE,tcgbb1ix1h1h974y7pakbtpr2,2026-09-01T20:30:03Z,r&b,"Lost Kids, LLC",0.547,0.618,4,-9.709,0,0.207,0.357,0.0000431,0.106,0.307,103.919,4
spotify:track:3XVBdLihbNbxUwZosxcGuJ,If I Ain't Got You,The Diary Of Alicia Keys,Alicia Keys,2003-12-02,228706,86,FALSE,tcgbb1ix1h1h974y7pakbtpr2,2026-09-01T20:30:03Z,"r&b,neo soul",J Records,0.609,0.444,7,-9.129,1,0.106,0.603,0.00000686,0.104,0.166,118.402,3
spotify:track:5ZJ9wxMqAhIOekYLmukc2L,Jennifer,Jennifer,Trinidad Cardona,2017-09-11,213539,73,TRUE,tcgbb1ix1h1h974y7pakbtpr2,2026-09-01T20:30:03Z,,Run It Up Records/Island,0.757,0.769,5,-6.291,0,0.0992,0.518,0,0.334,0.774,124.129,4
spotify:track:4AUVtLD85OUgUROBzsCP2e,RATHER BE,BELOVED,GIVĒON,2025-07-11,171596,70,FALSE,tcgbb1ix1h1h974y7pakbtpr2,2026-09-01T20:30:03Z,r&b,Epic/Not So Fast,0.367,0.624,7,-5.933,1,0.0412,0.0283,0.000139,0.179,0.182,84.014,4
spotify:track:3U3hFkMr0Q90pD24EkE3Pr,BMF,SOS Deluxe: LANA,SZA,2024-12-20,180746,78,TRUE,tcgbb1ix1h1h974y7pakbtpr2,2026-09-01T20:30:03Z,r&b,Top Dawg Entertainment/RCA Records,0.792,0.55,10,-8.528,0,0.0307,0.506,0.0166,0.087,0.972,128.023,4
spotify:track:4iZ4pt7kvcaH6Yo8UoZ4s2,Snooze,SOS,SZA,2022-12-09,201800,89,TRUE,tcgbb1ix1h1h974y7pakbtpr2,2026-09-01T20:30:03Z,r&b,Top Dawg Entertainment/RCA Records,0.559,0.551,5,-7.231,1,0.132,0.141,0,0.11,0.392,143.008,4
spotify:track:3YJJjQPAbDT7mGpX3WtQ9A,Good Days,Good Days,SZA,2020-12-25,279203,74,TRUE,tcgbb1ix1h1h974y7pakbtpr2,2026-09-01T20:30:03Z,r&b,Top Dawg Entertainment/RCA Records,0.436,0.655,1,-8.37,0,0.0583,0.499,0.0000081,0.688,0.412,121.002,4
spotify:track:0q75NwOoFiARAVp4EXU4Bs,Love Galore (feat. Travis Scott),Ctrl,SZA;Travis Scott,2017-06-09,275085,79,TRUE,tcgbb1ix1h1h974y7pakbtpr2,2026-09-01T20:30:03Z,"r&b,rap",Top Dawg Entertainment/RCA Records,0.795,0.594,0,-6.2,1,0.0748,0.112,0,0.162,0.409,135.002,4
spotify:track:4iuNZTcvT9diFySSzVsnVS,When I See U,Fantasia,Fantasia,2006-12-09,217346,75,FALSE,tcgbb1ix1h1h974y7pakbtpr2,2026-09-01T20:30:03Z,r&b,J Records,0.569,0.596,8,-6.486,1,0.172,0.452,0.0000792,0.205,0.754,93.135,4
spotify:track:3eRE1KwnUma75nu1HhoNY4,Can We Talk,I'm Ready,Tevin Campbell,1993,284080,73,FALSE,tcgbb1ix1h1h974y7pakbtpr2,2026-09-01T20:30:03Z,"new jack swing,quiet storm",Rhino/Warner Records,0.66,0.646,2,-9.111,0,0.0426,0.0312,0.00000506,0.033,0.621,172.376,4
spotify:track:1dnECPoSYg3ni8dr8HhulX,2 seconds - Bonus,Sailing Soul(s),Jhené Aiko,2021-03-19,152400,71,TRUE,tcgbb1ix1h1h974y7pakbtpr2,2026-09-01T20:30:03Z,r&b,Def Jam Recordings,0.657,0.633,7,-9.538,1,0.0555,0.575,0,0.21,0.493,125.898,4
spotify:track:7eZXAeqqdLDrAp2MvrPzWn,stranger,Sailing Soul(s),Jhené Aiko,2021-03-19,214893,79,TRUE,tcgbb1ix1h1h974y7pakbtpr2,2026-09-01T20:30:03Z,r&b,Def Jam Recordings,0.708,0.555,11,-7.275,0,0.0734,0.182,0.00565,0.111,0.316,140.017,4
spotify:track:4v2AdwK5xJneq1RosH0JJS,hoe (feat. Miguel),Sailing Soul(s),Jhené Aiko;Miguel,2021-03-19,217720,58,TRUE,tcgbb1ix1h1h974y7pakbtpr2,2026-09-01T20:30:03Z,r&b,Def Jam Recordings,0.649,0.687,7,-9.213,1,0.23,0.333,0,0.124,0.616,73.004,4
spotify:track:2B8Y5LaNSEkuB3LA9okArd,my mine,Sailing Soul(s),Jhené Aiko,2021-03-19,241773,74,FALSE,tcgbb1ix1h1h974y7pakbtpr2,2026-09-01T20:30:03Z,r&b,Def Jam Recordings,0.608,0.659,9,-7.704,0,0.19,0.511,0,0.348,0.773,147.759,4
spotify:track:1PDP7mLiAMwhfmgIwzhOm2,Yebba’s Heartbreak,Certified Lover Boy,Drake;Yebba,2021-09-03,133762,81,TRUE,tcgbb1ix1h1h974y7pakbtpr2,2026-09-01T20:30:03Z,rap,OVO,0.476,0.161,8,-11.665,0,0.0407,0.967,0.0381,0.109,0.0908,119.614,4
spotify:track:0ReoK9isNvJmI7nV2iJcNR,Paper Soldier (feat. Joony),Paper Soldier (feat. Joony),Brent Faiyaz;Joony;ISO Supremacy,2021-02-08,202106,74,TRUE,tcgbb1ix1h1h974y7pakbtpr2,2026-09-01T20:30:03Z,"r&b,dark r&b",ISO Supremacy under exclusive license to UnitedMasters LLC,0.687,0.598,5,-9.184,0,0.056,0.163,0.00952,0.248,0.489,151.027,4
spotify:track:7q1rfAWSkb8AQpZCgEX3jq,Running on E,Running on E,Brent Faiyaz,2015-11-15,282040,69,TRUE,tcgbb1ix1h1h974y7pakbtpr2,2026-09-01T20:30:03Z,r&b,Lost Kids,0.724,0.343,9,-11.791,1,0.0478,0.191,0.559,0.104,0.176,134.017,4
spotify:track:2Rmuzh89p29BeTIF63Opwo,Right Here,Believe,Justin Bieber;Drake,2012-01-01,204186,81,FALSE,tcgbb1ix1h1h974y7pakbtpr2,2026-09-01T20:30:03Z,rap,RBMG/Def Jam,0.639,0.57,1,-4.966,1,0.042,0.0233,0,0.329,0.728,92.073,4
spotify:track:6IyXEt2JHU0chOLgb7WpfM,Turn Back Time - Twitch Tapes,Turn Back Time (Twitch Tapes),Tory Lanez,2025-05-22,118762,61,TRUE,tcgbb1ix1h1h974y7pakbtpr2,2026-09-01T20:30:03Z,,One Umbrella Records,0.694,0.506,11,-6.704,0,0.157,0.465,0,0.108,0.0724,97.162,4
spotify:track:6xagjcywpcyNFghafZPQJv,Banana Clip,War & Leisure,Miguel,2017-12-01,201616,60,FALSE,tcgbb1ix1h1h974y7pakbtpr2,2026-09-01T20:30:03Z,r&b,ByStorm Entertainment/RCA Records,0.638,0.708,1,-5.342,0,0.0754,0.0973,0,0.177,0.606,84.978,4
spotify:track:3LcjZGk0GBlPRe5XhYVGgM,Caramelo Duro (feat. Kali Uchis),War & Leisure,Miguel;Kali Uchis,2017-12-01,213724,50,FALSE,tcgbb1ix1h1h974y7pakbtpr2,2026-09-01T20:30:03Z,r&b,ByStorm Entertainment/RCA Records,0.624,0.726,2,-4.585,1,0.052,0.0298,0,0.301,0.83,99.996,4
spotify:track:3aeSTu6ejN2BU8YywEcHWO,Good Lovin,Ludaversal (Deluxe),Ludacris;Miguel,2015-03-30,223440,58,TRUE,tcgbb1ix1h1h974y7pakbtpr2,2026-09-01T20:30:03Z,"southern hip hop,r&b",Def Jam Recordings,0.619,0.754,0,-5.231,1,0.232,0.294,0.00000348,0.109,0.589,83.464,4
spotify:track:19EnyPZhNPbRoCxAuv5pKD,Pineapple Skies,War & Leisure,Miguel,2017-12-01,281368,57,FALSE,tcgbb1ix1h1h974y7pakbtpr2,2026-09-01T20:30:03Z,r&b,ByStorm Entertainment/RCA Records,0.654,0.587,10,-6.331,1,0.0439,0.026,0,0.589,0.288,100.014,4
spotify:track:1zhMHgotgZXkLCXpqNRnPK,N o C h i l l,PARTYNEXTDOOR 4 (P4),PARTYNEXTDOOR,2024-04-26,265373,78,TRUE,tcgbb1ix1h1h974y7pakbtpr2,2026-09-01T20:30:03Z,"dark r&b,r&b,trap soul",OVO Sound,0.575,0.411,2,-9.022,1,0.0619,0.509,0.00321,0.0884,0.062,81.755,4
spotify:track:7KO0PWYRvoQMNdOZ4KHulW,Just How You Are,Just How You Are,Leon Thomas,2025-10-02,194247,57,TRUE,tcgbb1ix1h1h974y7pakbtpr2,2026-09-01T20:30:03Z,,EZMNY RECORDS,0.832,0.898,11,-3.453,0,0.13,0.0189,0.000656,0.0911,0.702,122.974,4
spotify:track:1K6oXSGIexEyNnv2cS6vKr,Transform (feat. Charlotte Day Wilson),Freudian,Daniel Caesar;Charlotte Day Wilson,2017-08-25,280586,82,FALSE,tcgbb1ix1h1h974y7pakbtpr2,2026-09-01T20:30:03Z,alternative r&b,HV Recordings,0.48,0.292,5,-10.646,1,0.031,0.5,0.0000179,0.256,0.358,68.952,4
spotify:track:4p1lZQdX9XXYqg0yhhhxTq,I Dedicate (Pt. 3),Brandy,Brandy,1994,61866,42,FALSE,tcgbb1ix1h1h974y7pakbtpr2,2026-09-01T20:30:03Z,r&b,Rhino Atlantic,0.494,0.161,3,-15.406,0,0.0724,0.425,0,0.187,0.216,116.77,3
spotify:track:4czcw3NVLY0of5hTD7OufN,Days in The East,Care Package,Drake,2019-08-02,353697,64,TRUE,tcgbb1ix1h1h974y7pakbtpr2,2026-09-01T20:30:03Z,rap,OVO,0.733,0.361,1,-11.129,1,0.135,0.348,0.000285,0.0942,0.0361,94.902,4
spotify:track:4YsnwsPURRSvprBHBY1BCd,Disillusioned (with serpentwithfeet),NEVER ENOUGH,Daniel Caesar;serpentwithfeet,2023-04-07,241232,82,TRUE,tcgbb1ix1h1h974y7pakbtpr2,2026-09-01T20:30:03Z,,Republic Records,0.792,0.548,9,-3.899,1,0.0366,0.0754,0.0000102,0.0581,0.619,97,4
spotify:track:02UJ1sCanP94fS2MdsWafh,PERSIAN RUGS,PARTYPACK,PARTYNEXTDOOR,2020-10-16,174306,0,TRUE,tcgbb1ix1h1h974y7pakbtpr2,2026-09-01T20:30:03Z,"dark r&b,r&b,trap soul",OVO Sound/Warner Records,0.768,0.428,1,-8.156,0,0.0459,0.0489,0.000491,0.105,0.147,110.478,4
spotify:track:1dUszfK4TRd54EegEkOT34,Worthy,Late Nights: The Album,Jeremih;Jhené Aiko,2015-12-04,213653,55,TRUE,tcgbb1ix1h1h974y7pakbtpr2,2026-09-01T20:30:03Z,r&b,Def Jam,0.803,0.352,11,-7.485,0,0.0717,0.215,0.0000162,0.0842,0.32,95.051,4
spotify:track:4N9QsmvQJcGwJHAmDmBttU,Climax (feat. 6lack),On the Run,Young Thug;6LACK,2018-09-24,189093,57,TRUE,tcgbb1ix1h1h974y7pakbtpr2,2026-09-01T20:30:03Z,"rap,melodic rap,trap",300 Entertainment/Atl,0.829,0.362,0,-11.546,0,0.231,0.0608,0,0.135,0.369,122.912,4
spotify:track:2wBCrtJS3E3TimRZ5MElTI,The Worst,Sail Out,Jhené Aiko,2013-01-01,254493,76,TRUE,tcgbb1ix1h1h974y7pakbtpr2,2026-09-01T20:30:03Z,r&b,Def Jam Recordings,0.539,0.414,1,-9.156,0,0.0601,0.253,0.0000013,0.143,0.123,94.895,4
spotify:track:2KY5Yl10cqMdet5WevlYZy,ON MY MIND feat. James Fauntleroy,TEMPORARY HIGHS IN THE VIOLET SKIES,Snoh Aalegra;James Fauntleroy,2021-07-09,222200,45,TRUE,tcgbb1ix1h1h974y7pakbtpr2,2026-09-01T20:30:03Z,"alternative r&b,neo soul","Artium Recordings, LLC, under exclusive license to Roc Nation Records, LLC",0.574,0.549,6,-8.079,0,0.164,0.305,0.00267,0.113,0.439,86.516,4
spotify:track:1tXWUIFKPPHLAth1zCGfmj,"IN THE MOMENT feat. Tyler, The Creator",TEMPORARY HIGHS IN THE VIOLET SKIES,"Snoh Aalegra;Tyler, The Creator",2021-07-09,214280,52,TRUE,tcgbb1ix1h1h974y7pakbtpr2,2026-09-01T20:30:03Z,"alternative r&b,neo soul","Artium Recordings, LLC, under exclusive license to Roc Nation Records, LLC",0.647,0.578,7,-7.232,1,0.129,0.62,0.000845,0.12,0.373,179.048,3
spotify:track:62d6YXEYxmMWAuLpw1EysL,Garden Kisses,Garden Kisses,GIVĒON,2018-08-08,195405,71,FALSE,tcgbb1ix1h1h974y7pakbtpr2,2026-09-01T20:30:03Z,r&b,"Medium, Blossum Entertainment, & Twenty Rules",0.478,0.373,5,-9.505,1,0.0317,0.915,0.00000636,0.128,0.354,120.129,4
spotify:track:6Z01gUquJsjJC67uNWm6P0,Shot For Me,Take Care (Deluxe),Drake,2011-11-15,224720,78,TRUE,tcgbb1ix1h1h974y7pakbtpr2,2026-09-01T20:30:03Z,rap,Cash Money Records/Young Money Ent./Universal Rec.,0.566,0.465,2,-11.714,1,0.235,0.0555,0,0.567,0.177,143.015,4
spotify:track:4jgB5iZ6YsEqeivh7H6hRI,Enchanted Waterfall,Alone at Prom (Deluxe),Tory Lanez,2023-11-17,191966,69,FALSE,tcgbb1ix1h1h974y7pakbtpr2,2026-09-01T20:30:03Z,,One Umbrella Records,0.633,0.715,1,-7.47,1,0.0762,0.0141,0,0.121,0.545,154.95,4
spotify:track:6GGmABM6AMwMzEhK7szqJT,Pink Dolphin Sunset (feat. Tee),Alone At Prom,Tory Lanez;Tee,2021-12-10,212450,70,FALSE,tcgbb1ix1h1h974y7pakbtpr2,2026-09-01T20:30:03Z,,One Umbrella Records,0.772,0.457,7,-8.359,1,0.0365,0.00193,0.00000171,0.0739,0.527,111.997,4
spotify:track:3fpTMuD1u3gJlVI4FadVHs,Fancy,Thank Me Later,Drake;T.I.;Swizz Beatz,2010-01-01,319386,77,TRUE,tcgbb1ix1h1h974y7pakbtpr2,2026-09-01T20:30:03Z,"rap,southern hip hop","Aspire Music Group, LLC",0.53,0.884,0,-5.581,0,0.457,0.332,0.00000198,0.355,0.28,87.194,4
spotify:track:1A8RGlqkdjAfwkXtEgJ7wR,Sex on the Beach,PARTYNEXTDOOR TWO,PARTYNEXTDOOR,2014-07-29,229776,77,TRUE,tcgbb1ix1h1h974y7pakbtpr2,2026-09-01T20:30:03Z,"dark r&b,r&b,trap soul",OVO Sound,0.265,0.709,10,-7.308,0,0.118,0.0641,0.000215,0.116,0.305,93.626,3
spotify:track:6t8JpJtI0PgVRSuMDGWZlH,None Of Ur Friends Business,100% Ginuwine,Ginuwine,1999-03-15,365800,72,FALSE,tcgbb1ix1h1h974y7pakbtpr2,2026-09-01T20:30:03Z,r&b,550 Music,0.83,0.414,9,-11.136,0,0.197,0.243,0,0.627,0.556,99.234,4
spotify:track:6MF5JoJYj5uK07Si6fRAPM,HEAL YOUR HEART (INTERLUDE),WASTELAND,Brent Faiyaz,2022-07-08,75043,59,TRUE,tcgbb1ix1h1h974y7pakbtpr2,2026-09-01T20:30:03Z,r&b,"Lost Kids LLC., Marketed by Venice / Stem",0.287,0.332,1,-10.15,0,0.0433,0.678,0.00375,0.11,0.204,177.804,4
spotify:track:01JPQ87UHeGysPVwTqMJHK,She Don't (feat. Ty Dolla $Ign),Time,Ella Mai;Ty Dolla $ign,2016-02-15,264097,71,TRUE,tcgbb1ix1h1h974y7pakbtpr2,2026-09-01T20:30:03Z,"r&b,trap soul",10 Summers Records,0.649,0.478,7,-7.503,0,0.0481,0.274,0,0.176,0.151,99.967,4
spotify:track:0M7oki70AV10Ztt3HyUd8Z,Ladies Room,Messy,Olivia Dean,2023-06-30,220372,80,FALSE,tcgbb1ix1h1h974y7pakbtpr2,2026-09-01T20:30:03Z,pop soul,PLG - Capitol,0.856,0.678,11,-5.801,1,0.0557,0.0339,0.0508,0.187,0.696,115,4
spotify:track:61LIrROTdBzB2wOsgFNODa,world is yours.,Icon,Brent Faiyaz,2026-02-13,245384,59,FALSE,tcgbb1ix1h1h974y7pakbtpr2,2026-09-01T20:30:03Z,r&b,ISO Supremacy under exclusive license to UnitedMasters LLC,0.647,0.35,2,-8.964,1,0.0475,0.165,0,0.0963,0.298,77.551,4
spotify:track:6fACn9e0wdMIWZa9CZJym8,full moon. (fall in tokyo) [bonus track],Icon (Director's Cut),Brent Faiyaz,2026-02-16,192030,70,FALSE,tcgbb1ix1h1h974y7pakbtpr2,2026-09-01T20:30:03Z,r&b,ISO Supremacy under exclusive license to UnitedMasters LLC,0.637,0.375,11,-10.718,1,0.0652,0.329,0,0.101,0.296,75.006,4
spotify:track:5TQPUR6Mkc7hhCC00hwMav,1 for you. (spring in new york) [bonus track],Icon (Director's Cut),Brent Faiyaz,2026-02-16,161054,67,FALSE,tcgbb1ix1h1h974y7pakbtpr2,2026-09-01T20:30:03Z,r&b,ISO Supremacy under exclusive license to UnitedMasters LLC,0.594,0.36,9,-10.962,1,0.0677,0.617,0.000019,0.0791,0.33,81.996,4
spotify:track:18y43ozfWR9sp5vaD9cEqe,Pistachios,Larger Than Life,Brent Faiyaz,2023-10-27,189597,68,TRUE,tcgbb1ix1h1h974y7pakbtpr2,2026-09-01T20:30:03Z,r&b,ISO Supremacy under exclusive license to UnitedMasters LLC,0.496,0.479,9,-9.214,0,0.141,0.563,0,0.0962,0.233,142.106,4
spotify:track:3JZjcKImHcmOI9ylL4zrSc,Bahamas Promises,For All The Dogs,Drake,2023-10-06,184089,68,TRUE,tcgbb1ix1h1h974y7pakbtpr2,2026-09-01T20:30:03Z,rap,OVO/Republic,0.626,0.309,1,-10.397,1,0.0433,0.85,0.0000131,0.117,0.369,117.94,4
spotify:track:3bGfuGWywg85koHG8nturm,Can't Leave Alone (feat. Avenoir & Maz B),02,Pino;Avenoir;Maz B;86,2025-10-17,213413,64,FALSE,tcgbb1ix1h1h974y7pakbtpr2,2026-09-01T20:30:03Z,"dark r&b,r&b,alternative r&b",TRNSPRNT,0.675,0.545,9,-6.655,0,0.0377,0.14,0.183,0.109,0.628,99.992,4
spotify:track:45Dbuxv3884YEuIaZ4F6iN,Number One (with Brent Faiyaz),Finally Over It,Summer Walker;Brent Faiyaz,2025-11-14,167156,56,TRUE,tcgbb1ix1h1h974y7pakbtpr2,2026-09-01T20:30:03Z,r&b,LVRN/Interscope Records,0.678,0.501,5,-8.405,0,0.0596,0.461,0,0.113,0.355,88.042,4
spotify:track:4s5jqaygYAO4YZw5wOjzLS,Somebody Else,Somebody Else,kamen!;trvs,2026-02-03,257619,11,FALSE,tcgbb1ix1h1h974y7pakbtpr2,2026-09-01T20:30:03Z,,kamen!,0.488,0.409,7,-11.407,1,0.072,0.361,0.00000154,0.153,0.166,71.832,4
spotify:track:4mYSL3RDHto3rcl7I57ndv,Moment Of Your Life (feat. Coco Jones),Larger Than Life,Brent Faiyaz;Coco Jones,2023-10-27,194159,68,TRUE,tcgbb1ix1h1h974y7pakbtpr2,2026-09-01T20:30:03Z,r&b,ISO Supremacy under exclusive license to UnitedMasters LLC,0.77,0.463,10,-5.856,0,0.0488,0.684,0,0.0928,0.562,128.017,4
spotify:track:5X4MryeUcDuIisyVitndm3,Acres,To Dry a Tear,Khamari,2025-08-22,184822,60,FALSE,tcgbb1ix1h1h974y7pakbtpr2,2026-09-01T20:30:03Z,indie r&b,Encore Recordings,0.577,0.424,2,-10.825,0,0.192,0.455,0.00000151,0.209,0.655,83.958,4
spotify:track:7r1MqPAD09w24mCUUbxiCI,Make You Mine,Give Or Take,GIVĒON,2022-06-24,200192,68,FALSE,tcgbb1ix1h1h974y7pakbtpr2,2026-09-01T20:30:03Z,r&b,Epic,0.551,0.37,5,-10.194,0,0.0551,0.87,0,0.122,0.241,137.265,4
spotify:track:5WmdWz1mi6CEbv6uMlizf6,R.I.D.E.,Chixtapes (Trilogy),Tory Lanez,2025-12-26,176613,45,TRUE,tcgbb1ix1h1h974y7pakbtpr2,2026-09-01T20:30:03Z,,Tory Lanez / broke,0.445,0.49,6,-4.955,1,0.0486,0.0653,0.00000904,0.151,0.138,131.092,4
spotify:track:4Ngjl2bK9B4iQI98DBano0,Friends Again,Friends Again,Baby Rose;Leon Thomas,2026-02-10,218122,62,FALSE,tcgbb1ix1h1h974y7pakbtpr2,2026-09-01T20:30:03Z,alternative r&b,Secretly Canadian,0.582,0.524,2,-5.9,0,0.0322,0.221,0.00000119,0.117,0.46,80.943,3
spotify:track:4i3GraNMzBKze1WsVl38DS,Bria's Interlude (feat. Omarion),So Far Gone,Drake;Omarion,2009,139574,69,TRUE,tcgbb1ix1h1h974y7pakbtpr2,2026-09-01T20:30:03Z,"rap,r&b",Young Money/Cash Money Records,0.49,0.507,2,-6.205,0,0.0849,0.209,0.00104,0.119,0.237,147.037,3
spotify:track:10JafowLkkedEOoVgft2yJ,Creme's Interlude,FlySiifu's,Pink Siifu;Fly Anakin;Fousheé;Crem'e,2020-11-13,140464,62,TRUE,tcgbb1ix1h1h974y7pakbtpr2,2026-09-01T20:30:03Z,"experimental hip hop,indie r&b",Lex Records,0.327,0.314,10,-15.512,0,0.164,0.904,0.000485,0.631,0.604,177.756,3
spotify:track:0cciBj4236w1xByzZvn92D,Beauty & Essex (feat. Daniel Caesar & Unknown Mortal Orchestra),Free Nationals,Free Nationals;Daniel Caesar;Unknown Mortal Orchestra,2019-12-13,277046,68,TRUE,tcgbb1ix1h1h974y7pakbtpr2,2026-09-01T20:30:03Z,neo-psychedelic,"OBE, LLC / EMPIRE",0.552,0.741,11,-5.419,0,0.0542,0.284,0.000082,0.334,0.718,69.709,4
spotify:track:3lkkkYc1wBj5l3FVlpqvP6,A Night Off (feat. Lloyd),So Far Gone,Drake;Lloyd,2009,193962,63,TRUE,tcgbb1ix1h1h974y7pakbtpr2,2026-09-01T20:30:03Z,"rap,r&b",Young Money/Cash Money Records,0.611,0.508,11,-5.573,0,0.0741,0.374,0.00000387,0.168,0.368,103.612,4
spotify:track:7g2S8dvcdpeRUs38L6dbZs,NUMB,BELOVED,GIVĒON,2025-07-11,198847,68,FALSE,tcgbb1ix1h1h974y7pakbtpr2,2026-09-01T20:30:03Z,r&b,Epic/Not So Fast,0.37,0.529,0,-6.899,1,0.0399,0.211,0,0.104,0.352,110.852,4
spotify:track:5mCPDVBb16L4XQwDdbRUpz,Passionfruit,More Life,Drake,2017-03-18,298940,90,TRUE,tcgbb1ix1h1h974y7pakbtpr2,2026-09-01T20:30:03Z,rap,Cash Money Records/Young Money Ent./Universal Rec.,0.809,0.463,11,-11.377,1,0.0396,0.256,0.085,0.109,0.364,111.98,4
spotify:track:5fcmrNQySUNbFn3n3ktu1n,Lone Wolf (feat. 4batz),PHOLKS,Leon Thomas;4batz,2025-10-24,198158,58,TRUE,tcgbb1ix1h1h974y7pakbtpr2,2026-09-01T20:30:03Z,,EZMNY RECORDS,0.701,0.747,6,-5.622,1,0.303,0.199,0.00273,0.289,0.544,187.715,4
spotify:track:0Ck2PwCeW99bcyn4ZD3Uvr,Need it Bad (feat. Brent Faiyaz),Need it Bad (feat. Brent Faiyaz),Ama;Brent Faiyaz,2026-03-06,187096,63,TRUE,tcgbb1ix1h1h974y7pakbtpr2,2026-09-01T20:30:03Z,"uk r&b,alternative r&b,r&b",PULSE Records,0.787,0.553,0,-6.961,0,0.104,0.157,0,0.101,0.665,157.961,4
spotify:track:7ceXCl3ndsTFrH60P1c0io,Trust Nobody,AT LEAST WE HAVE THIS,Ama,2021-11-26,195506,46,TRUE,tcgbb1ix1h1h974y7pakbtpr2,2026-09-01T20:30:03Z,"uk r&b,alternative r&b",Interscope Records,0.672,0.472,11,-9.501,1,0.244,0.605,0,0.0919,0.395,78.347,4
spotify:track:17InvVlFT4I30J7mdeuorn,Sneak,Electric Dusk,Leon Thomas,2023-08-18,179478,63,TRUE,tcgbb1ix1h1h974y7pakbtpr2,2026-09-01T20:30:03Z,,EZMNY Records/Motown Records,0.595,0.65,11,-6.098,0,0.0331,0.00692,0.00000666,0.197,0.285,114.948,4
spotify:track:3VJ5aGbRkytOVhaySAQeIY,Slow - Lost Tapes 2021,Slow (Lost Tapes 2021),Tory Lanez,2026-03-06,123564,39,TRUE,tcgbb1ix1h1h974y7pakbtpr2,2026-09-01T20:30:03Z,,One Umbrella Records,0.807,0.308,5,-13.616,0,0.128,0.0567,0,0.104,0.075,101.042,4
spotify:track:1i2uHUxvikWIzvzFpSv207,What You Need,What You Need,Tems,2026-03-04,234080,58,FALSE,tcgbb1ix1h1h974y7pakbtpr2,2026-09-01T20:30:03Z,"afrobeats,afro r&b,alté,afrobeat",RCA Records/Since 93',0.736,0.47,3,-7.621,0,0.029,0.155,0.00222,0.155,0.408,111.949,4
spotify:track:3LBM25IgxI9y549SiYxtSi,Stuck On You,When It's All Said And Done... Take Time,GIVĒON,2021-03-12,205205,73,FALSE,tcgbb1ix1h1h974y7pakbtpr2,2026-09-01T20:30:03Z,r&b,Epic/Not So Fast,0.599,0.463,7,-7.449,1,0.0472,0.162,0.0000664,0.141,0.141,158.053,3
spotify:track:2gq9iG0maBxkuZI7yfGJuv,Overtime,T R A P S O U L,Bryson Tiller,2015-10-02,218261,69,TRUE,tcgbb1ix1h1h974y7pakbtpr2,2026-09-01T20:30:03Z,"trap soul,r&b",TrapSoul/RCA Records,0.657,0.497,1,-7.689,1,0.112,0.254,0,0.367,0.593,106.049,4
spotify:track:1MWJ3pny2L1eiZTAYTaYwJ,Watching Us (with Leon Thomas),everything is a lot.,Wale;Leon Thomas,2025-11-14,229112,69,TRUE,tcgbb1ix1h1h974y7pakbtpr2,2026-09-01T20:30:03Z,,Wale Music PS/ Def Jam,0.72,0.783,0,-5.505,0,0.118,0.418,0,0.111,0.812,98.569,4
spotify:track:2XbfY2O2v3xwedUJ0J2kkr,Closer,Year Of The Gentleman (Bonus Track Edition),Ne-Yo,2008-01-01,234360,78,FALSE,tcgbb1ix1h1h974y7pakbtpr2,2026-09-01T20:30:03Z,,Def Soul,0.711,0.754,4,-6.461,0,0.0763,0.028,0.0000296,0.152,0.59,126.05,4
spotify:track:6CFPFnS9EcLs2I0nWqtWci,Because Of You,Because Of You,Ne-Yo,2007-01-01,266840,82,FALSE,tcgbb1ix1h1h974y7pakbtpr2,2026-09-01T20:30:03Z,,Def Soul,0.81,0.538,0,-5.783,0,0.0357,0.53,0,0.0951,0.832,109.97,4
spotify:track:6uYf05g0HXNsjB1JEhaaVl,Someone New,Too Late To Die Young,Sonder,2022-10-21,175617,67,TRUE,tcgbb1ix1h1h974y7pakbtpr2,2026-09-01T20:30:03Z,"r&b,dark r&b",Sonder Global LLC,0.41,0.303,11,-11.315,1,0.0367,0.122,0.00201,0.123,0.114,178.141,4
spotify:track:48EjSdYh8wz2gBxxqzrsLe,Cranes in the Sky,A Seat at the Table,Solange,2016-09-30,250970,69,FALSE,tcgbb1ix1h1h974y7pakbtpr2,2026-09-01T20:30:03Z,"alternative r&b,neo soul",Saint Records/Columbia,0.719,0.615,6,-5.972,1,0.045,0.408,0.000147,0.235,0.465,96.988,4
spotify:track:1Ly3sQABkGYruk0s8XF6US,Can't Get Enough,Between Friends,Tamia,2006,229026,67,FALSE,tcgbb1ix1h1h974y7pakbtpr2,2026-09-01T20:30:03Z,r&b,Plus 1 Music Group LLC.,0.766,0.454,8,-4.324,1,0.289,0.0836,0,0.102,0.281,143.951,4
spotify:track:1YZBMqN8kHaaRPXpQTC3kb,Rain On Me,Chapter II,Ashanti,2003-01-01,297960,67,FALSE,tcgbb1ix1h1h974y7pakbtpr2,2026-09-01T20:30:03Z,r&b,"I.G. Records, Inc./Universal Records",0.606,0.699,8,-3.103,0,0.0337,0.343,0.00000189,0.0757,0.509,83.701,4
spotify:track:49cSN8JC12jp5F5A7yauTf,I've Changed (feat. Keyshia Cole),The Makings of a Man,Jaheim;Keyshia Cole,2007-12-18,213826,66,TRUE,tcgbb1ix1h1h974y7pakbtpr2,2026-09-01T20:30:03Z,"r&b,neo soul,quiet storm",Atlantic Records,0.527,0.631,7,-5.442,0,0.198,0.0401,0,0.0801,0.348,116.405,5
spotify:track:5u3rsmRYRSKJpFHXPT4p07,Every Little Thing I Do,Candy Rain,Soul For Real,1995,260066,68,FALSE,tcgbb1ix1h1h974y7pakbtpr2,2026-09-01T20:30:03Z,"new jack swing,r&b",Geffen*,0.713,0.378,7,-9.04,0,0.0298,0.00561,0.00183,0.0845,0.29,99.055,4
spotify:track:7wYhcfgPUyML3FKfLwvBwk,Calling On You,Pleasures U Like,Jon B.,2001-03-13,280000,65,FALSE,tcgbb1ix1h1h974y7pakbtpr2,2026-09-01T20:30:03Z,"r&b,quiet storm",Epic/Edmonds Records Group,0.681,0.375,4,-10.855,0,0.0332,0.159,0,0.0464,0.475,101.113,4
spotify:track:3vQ4T78TTMOjQXGfXVKQJo,Redbone,"""Awaken, My Love!""",Childish Gambino,2016-12-02,326933,86,TRUE,tcgbb1ix1h1h974y7pakbtpr2,2026-09-01T20:30:03Z,,Glassnote - VMG,0.741,0.354,1,-10.603,1,0.0837,0.181,0.00577,0.118,0.583,160.037,4
spotify:track:2ZCe5vjgNDAmoWe73C46nc,damned,Wildheart (Deluxe Version),Miguel,2015-06-26,206187,88,FALSE,tcgbb1ix1h1h974y7pakbtpr2,2026-09-01T20:30:03Z,r&b,ByStorm Entertainment/RCA Records,0.569,0.813,4,-4.226,0,0.0337,0.0175,0,0.108,0.333,108.003,4
spotify:track:5Zl2RWTjTQlIvDKVVtNoX6,Want You,Want You,Clara La San,2025-08-01,103000,76,TRUE,tcgbb1ix1h1h974y7pakbtpr2,2026-09-01T20:30:03Z,,CLS Music,0.679,0.382,11,-12.144,1,0.0378,0.907,0.00146,0.15,0.419,97.007,4
spotify:track:5hTl2uxJGd1sbLtovguuuk,Stars Align (with Drake),Wildest Dreams,Majid Jordan;Drake,2021-10-22,260519,72,FALSE,tcgbb1ix1h1h974y7pakbtpr2,2026-09-01T20:30:03Z,rap,OVO Sound,0.763,0.667,2,-6.285,1,0.085,0.021,0.000024,0.0715,0.75,95.864,4
spotify:track:4Jsus7N4d8hFB2G9gcRdBv,NOBLE,NOBLE (Slowed Down),F3miii,2026-05-22,185806,91,FALSE,tcgbb1ix1h1h974y7pakbtpr2,2026-09-01T20:30:03Z,,Robots & Humans,0.54,0.705,5,-7.056,1,0.0779,0.0741,0,0.658,0.533,93.02,4
spotify:track:2UgTHKJFCYqQ7CGmmslDeC,like it was. [bonus track],Icon (Director's Cut),Brent Faiyaz,2026-08-07,200610,73,FALSE,tcgbb1ix1h1h974y7pakbtpr2,2026-09-01T20:30:03Z,r&b,ISO Supremacy under exclusive license to UnitedMasters LLC,0.699,0.466,10,-6.873,0,0.0831,0.0618,0,0.0773,0.7,131.04,4
spotify:track:4M10NvfwzXoBjGTT7DXyK6,Lowkey,1021,Rochelle Jordan,2014-11-14,223573,72,TRUE,tcgbb1ix1h1h974y7pakbtpr2,2026-09-01T20:30:03Z,alternative r&b,Rochelle Jordan / EMPIRE,0.719,0.445,1,-11.017,1,0.0833,0.459,0.0000454,0.0989,0.389,110.053,4
spotify:track:4ZYlzwjjAJrflwWg4DJTlT,MORNING DEW (DONK),MORNING DEW (DONK),Beyoncé,2026-07-04,243896,87,FALSE,tcgbb1ix1h1h974y7pakbtpr2,2026-09-01T20:30:03Z,,Columbia/Legacy,0.472,0.537,11,-7.234,0,0.106,0.412,0.0000908,0.0995,0.275,153.542,4
spotify:track:2BHj31ufdEqVK5CkYDp9mA,Mayonaka no Door / Stay With Me,Miki Matsubara Best Collection,Miki Matsubara,2008,312293,13,FALSE,tcgbb1ix1h1h974y7pakbtpr2,2026-09-01T20:30:18Z,"city pop,j-pop",PONY CANYON INC.,0.658,0.747,5,-6.615,1,0.0431,0.176,0.00000849,0.0789,0.792,108.259,4
spotify:track:2WYs5LxOZfEyURXu7V0O1a,Stay With Me,Stay With Me,1nonly,2020-10-11,141505,4,TRUE,tcgbb1ix1h1h974y7pakbtpr2,2026-09-01T20:30:18Z,,1nonly,0.684,0.844,9,-7.649,1,0.335,0.302,0,0.374,0.335,126.677,5
spotify:track:6IAgarq2wDeYzpsY2Kx0Hw,Almeda,When I Get Home,Solange,2019-03-01,236120,64,TRUE,tcgbb1ix1h1h974y7pakbtpr2,2026-09-01T20:30:18Z,"alternative r&b,neo soul",Saint Records/Columbia,0.827,0.553,1,-5.296,1,0.032,0.0227,0.0000152,0.176,0.0631,110.015,4
spotify:track:3U5JVgI2x4rDyHGObzJfNf,Unwritten,Unwritten,Natasha Bedingfield,2004-08-30,259333,91,FALSE,tcgbb1ix1h1h974y7pakbtpr2,2026-09-01T20:30:18Z,,Sony Music CG,0.706,0.8,5,-6.333,1,0.0399,0.00584,0,0.0822,0.629,100.011,4
spotify:track:04aAxqtGp5pv12UXAg4pkq,Centuries,American Beauty/American Psycho,Fall Out Boy,2015-01-16,228360,86,FALSE,tcgbb1ix1h1h974y7pakbtpr2,2026-09-01T20:30:18Z,"emo,pop punk",Island Records,0.393,0.858,4,-2.868,0,0.0729,0.00359,0,0.102,0.56,176.042,4
spotify:track:4QtScYyh6Yxio27udYPhh0,"Tom's Diner - 7"" Version",RetroSpective: The Best Of Suzanne Vega,DNA;Suzanne Vega;Neal Slateford;Nick Batt,2003-04-22,228533,66,FALSE,tcgbb1ix1h1h974y7pakbtpr2,2026-09-01T20:30:18Z,singer-songwriter,A&M,0.86,0.607,6,-6.706,0,0.042,0.0189,0.00816,0.0403,0.732,99.15,4
spotify:track:4cHKd6qPMR1TMx55KHlida,Notion,Futureproof,The Rare Occasions,2016-08-05,195120,1,FALSE,tcgbb1ix1h1h974y7pakbtpr2,2026-09-01T20:30:18Z,,The Rare Occasions,0.307,0.884,9,-3.825,1,0.0813,0.0678,0.00103,0.0849,0.314,159.579,4
spotify:track:5YOlr46EwaH34hfN6r4vXR,Trap Anthem,Trap Anthem,MC Virgins;Yun Head,2020-02-25,133017,0,TRUE,tcgbb1ix1h1h974y7pakbtpr2,2026-09-01T20:30:18Z,anime,MC Virgins Catalog Takeover,0.818,0.82,6,-5.531,0,0.175,0.106,0,0.108,0.737,160.005,4
spotify:track:7KhJdiu4zbPlhlImRLIyDl,Prom Night,Prom Night,Riovaz,2020-04-01,145899,72,FALSE,tcgbb1ix1h1h974y7pakbtpr2,2026-09-01T20:30:18Z,,Riovaz,0.813,0.608,7,-9.918,1,0.169,0.355,0.00000856,0.0963,0.0512,149.251,4
spotify:track:7BbaIYAdi3pg4MGl6PHwPv,Monëy so big,Up 2 Më,Yeat,2021-09-10,160052,2,TRUE,tcgbb1ix1h1h974y7pakbtpr2,2026-09-01T20:30:18Z,rage rap,TwizzyRich,0.693,0.575,2,-7.633,1,0.0906,0.121,0,0.104,0.353,138.016,4
spotify:track:2zAi85TQB7mLzl8P1ySAj9,Lost Umbrella,ANTICYCLONE,INABAKUMORI,2019-11-17,204497,69,FALSE,tcgbb1ix1h1h974y7pakbtpr2,2026-09-01T20:30:18Z,"vocaloid,j-pop",U&R records,0.721,0.918,10,-3.347,1,0.0678,0.0408,0.0000245,0.233,0.965,137.03,4
spotify:track:3wn5Rw7VBqwP0vAQtjMhOS,Anime Thighs,Anime Thighs,MC Virgins;wonder,2019-10-06,155000,0,TRUE,tcgbb1ix1h1h974y7pakbtpr2,2026-09-01T20:30:18Z,anime,MC Virgins,0.83,0.299,7,-17.113,1,0.476,0.169,0,0.0663,0.533,93.1,4
spotify:track:4dPVmeisPfQrLcjx0Wz1KW,JoJo Pose,JoJo Pose,Apollo Fresh,2020-01-11,105333,1,TRUE,tcgbb1ix1h1h974y7pakbtpr2,2026-09-01T20:30:18Z,"anime,anime rap",Apollo Fresh,0.781,0.533,1,-9.215,1,0.302,0.0366,0,0.597,0.326,133.967,4
spotify:track:3wwo0bJvDSorOpNfzEkfXx,Let Me Know (I Wonder Why Freestyle),Let Me Know (I Wonder Why Freestyle),Juice WRLD,2019-12-07,215380,82,TRUE,tcgbb1ix1h1h974y7pakbtpr2,2026-09-01T20:30:18Z,"melodic rap,emo rap",Grade A Productions/Interscope Records,0.635,0.537,7,-7.895,0,0.0832,0.172,0,0.418,0.383,125.028,4
spotify:track:6MCjmGYlw6mQVWRFVgBRvB,夜に駆ける,THE BOOK,YOASOBI,2021-01-06,258840,74,FALSE,tcgbb1ix1h1h974y7pakbtpr2,2026-09-01T20:30:18Z,"j-pop,anime",YOASOBI,0.663,0.871,8,-5.287,1,0.03,0.00299,0.0000018,0.337,0.826,130.025,4
spotify:track:2ItmpLLN3Zrvj9pttV88tq,Sick,Sick,IluvUso,1974-04-04,58052,0,FALSE,tcgbb1ix1h1h974y7pakbtpr2,2026-09-01T20:30:18Z,,IluvUso,0.896,0.457,10,-11.679,0,0.356,0.0661,0.919,0.101,0.485,113.083,4
spotify:track:0qUcpOOna3kkrwfqky85e1,Eyes Blue Like The Atlantic (feat. Subvrbs),Eyes Blue Like The Atlantic (feat. Subvrbs),Sista Prod;Subvrbs,2020-07-20,154599,65,FALSE,tcgbb1ix1h1h974y7pakbtpr2,2026-09-01T20:30:18Z,,Sista Prod/Atlantic,0.768,0.339,0,-13.169,1,0.777,0.608,0.000956,0.261,0.568,76.229,4
spotify:track:4XFCEk7OLi46eYrBZj3SxK,768 - dead wrong remix,768 (dead wrong remix),K-P;dead wrong,2020-12-27,130252,48,TRUE,tcgbb1ix1h1h974y7pakbtpr2,2026-09-01T20:30:18Z,,2094931 Records DK,0.454,0.664,10,-10.866,1,0.303,0.484,0.0182,0.118,0.277,139.01,4
spotify:track:3IvmPCV67L6lWM8KU4iALx,nitro cellular device,nitro cellular device,cynicalv,2022-07-27,112927,0,TRUE,tcgbb1ix1h1h974y7pakbtpr2,2026-09-01T20:30:18Z,,1816132 Records DK,0.637,0.645,1,-8.379,1,0.382,0.00109,0,0.16,0.184,171.704,4
spotify:track:62oqxoJQYPCyjZ2ChH7foI,Sweet Yamz,Sweet Yamz,Fetty Wap,2022-11-18,105194,50,FALSE,tcgbb1ix1h1h974y7pakbtpr2,2026-09-01T20:30:18Z,,300 Entertainment/RGF Productions,0.629,0.692,6,-3.332,1,0.0678,0.173,0,0.0675,0.737,154.211,4
spotify:track:0MoQI1EZGSHLhd5UBdxPol,Substance,The Wolf of Grape Street,03 Greedo,2018-03-09,219834,74,TRUE,tcgbb1ix1h1h974y7pakbtpr2,2026-09-01T20:30:18Z,,Alamo,0.599,0.32,3,-13.716,0,0.0787,0.26,0,0.106,0.197,70.998,4
spotify:track:2R4BJYXGx2LAde4A6Poj6G,Ton1ght (ft. j4m & luvdes) - Remix,Ton1ght (ft. j4m & luvdes) [Remix],Exøtix;j4m;luvdes,2022-10-12,150883,0,TRUE,tcgbb1ix1h1h974y7pakbtpr2,2026-09-01T20:30:18Z,,ExøtixWørld,0.676,0.412,1,-8.168,0,0.0331,0.00317,0.00328,0.11,0.378,140.013,4
spotify:track:6fXrxcP5W7RciTal75DLCx,Ton1ght - Smi.le Remix,Ton1ght (Smi.le Remix),Exøtix;Smi.le,2022-11-13,164589,0,TRUE,tcgbb1ix1h1h974y7pakbtpr2,2026-09-01T20:30:18Z,jersey club,ExøtixWørld,0.344,0.401,4,-14.133,0,0.128,0.0793,0.00603,0.0926,0.16,106.872,5
spotify:track:3zq00BNGhMN2rBTEtUcKDc,LAST WORDS,"THE INSTRUMENTALS, Vol. 3 (2017-2021)",DJ Blkluos,2023-02-06,118517,11,TRUE,tcgbb1ix1h1h974y7pakbtpr2,2026-09-01T20:30:18Z,,STRANKO/LOVE & LIFE PRODUCTIONS,0.518,0.449,4,-12.27,0,0.0353,0.00017,0.476,0.441,0.446,145.957,4
spotify:track:266Vb7ItE3o1q8HdJ9QOvn,Verbatim,Touch Up,Mother Mother,2007-05-08,168320,1,TRUE,tcgbb1ix1h1h974y7pakbtpr2,2026-09-01T20:30:18Z,,Last Gang,0.827,0.58,7,-6.809,1,0.327,0.309,0,0.148,0.492,78.011,4
spotify:track:2vWBUC9djv6BtiGlmKiQaH,YKWIM?,Bipolar,Yot Club,2019-05-31,212750,80,FALSE,tcgbb1ix1h1h974y7pakbtpr2,2026-09-01T20:30:18Z,bedroom pop,Yot Club under exclusive license to Amuseio AB,0.372,0.537,9,-7.623,1,0.0305,0.937,0.873,0.287,0.228,123.735,3
spotify:track:3hxIUxnT27p5WcmjGUXNwx,Shut up My Moms Calling,Shut up My Moms Calling,Hotel Ugly,2020-02-10,164571,90,FALSE,tcgbb1ix1h1h974y7pakbtpr2,2026-09-01T20:30:18Z,,"Hotel Ugly, under exclusive license to Amuseio AB",0.485,0.409,9,-10.711,0,0.101,0.325,0,0.103,0.376,138.419,4
spotify:track:4S4QJfBGGrC8jRIjJHf1Ka,Pain,to hell with it,PinkPantheress,2021-10-15,98544,84,FALSE,tcgbb1ix1h1h974y7pakbtpr2,2026-09-01T20:30:18Z,bedroom pop,Parlophone UK,0.829,0.617,1,-8.497,1,0.14,0.227,0.00306,0.0618,0.81,125.605,4
spotify:track:0yOyMyQnV5ZCdn6BnIrOWq,Want Me,Want Me,Cl4pers,2021-12-23,69799,0,TRUE,tcgbb1ix1h1h974y7pakbtpr2,2026-09-01T20:30:18Z,,CL4PERS MUSIC GROUP under exclusive license to UnitedMasters,0.742,0.654,9,-8.556,1,0.256,0.548,0.0356,0.105,0.678,149.944,4
spotify:track:7FbrGaHYVDmfr7KoLIZnQ7,Cupid - Twin Ver.,The Beginning: Cupid,FIFTY FIFTY,2023-02-24,174253,7,FALSE,tcgbb1ix1h1h974y7pakbtpr2,2026-09-01T20:30:18Z,k-pop,WM Korea,0.783,0.592,11,-8.332,0,0.0331,0.435,0.00000415,0.347,0.726,120.018,4
spotify:track:4DPYOF6Tvptit1xDUbOo8o,The Law of Recognition,The Law of Recognition,KYSLINGO,2020-04-12,129142,61,TRUE,tcgbb1ix1h1h974y7pakbtpr2,2026-09-01T20:30:18Z,cloud rap,"KYSLINGO, under exclusive license to Amuseio AB",0.888,0.248,10,-11.965,0,0.259,0.288,0.0441,0.143,0.134,111.984,4
spotify:track:42qNWdLKCI41S4uzfamhFM,Duvet,Twilight,bôa,2001-03-21,203600,88,FALSE,tcgbb1ix1h1h974y7pakbtpr2,2026-09-01T20:30:18Z,,Nettwerk Music Group,0.583,0.888,11,-9.414,0,0.0349,0.191,0.0000458,0.0936,0.706,93.206,4
spotify:track:2XgJQWssMm4e3DvHC94Cbq,anti,anti,Israyl;Subiibabii,2023-05-12,134616,22,TRUE,tcgbb1ix1h1h974y7pakbtpr2,2026-09-01T20:30:18Z,,3812378 Records DK,0.649,0.564,5,-11.052,0,0.0855,0.0138,0.0000102,0.095,0.195,142.808,5
spotify:track:1Ukxccao1BlWrPhYkcXbwZ,From The Start,From The Start,Laufey,2023-05-11,169573,75,FALSE,tcgbb1ix1h1h974y7pakbtpr2,2026-09-01T20:30:18Z,,Laufey,0.664,0.405,1,-7.413,1,0.08,0.877,0.000765,0.11,0.743,81.89,3
spotify:track:7H7NyZ3G075GqPx2evsfeb,Chamber Of Reflection,Salad Days,Mac DeMarco,2014-04-01,231723,74,FALSE,tcgbb1ix1h1h974y7pakbtpr2,2026-09-01T20:30:18Z,"indie,lo-fi indie",Captured Tracks,0.538,0.557,11,-8.678,1,0.0914,0.262,0.914,0.102,0.506,131.03,4
spotify:track:5lTK83ZcsVx5sb4hTwEFkd,Run It Again,Diary Of A Humpy Man,Bril,2023-02-14,120842,35,TRUE,tcgbb1ix1h1h974y7pakbtpr2,2026-09-01T20:30:18Z,"jersey club,philly club",GMGT,0.795,0.67,6,-8.044,1,0.24,0.235,0,0.246,0.616,154.995,4
spotify:track:2S1d0lmp9Wxzm1u2CfGrLJ,Beyonce,Beyonce,Hurri Haran,2023-05-24,180629,0,TRUE,tcgbb1ix1h1h974y7pakbtpr2,2026-09-01T20:30:18Z,sexy drill,Hurri Haran Inc.,0.756,0.719,8,-6.112,1,0.132,0.526,0,0.115,0.555,104.977,4
spotify:track:0ZXGOStVWCi8rtALNyxrqQ,I Beat My Meat,I Beat My Meat,Kingmichaelbeats,2022-09-24,207635,0,TRUE,tcgbb1ix1h1h974y7pakbtpr2,2026-09-01T20:30:18Z,,kingmichaelbeats LLC,0.87,0.336,1,-11.093,1,0.394,0.574,0,0.117,0.395,139.967,4
spotify:track:02xWk9LghIuAEVdOpoK53K,when the world end,when the world end,dalves,2023-08-01,93048,1,TRUE,tcgbb1ix1h1h974y7pakbtpr2,2026-09-01T20:30:18Z,,"dalves, Distributed by EXXCLUSlVE Music",0.66,0.727,1,-4.921,1,0.471,0.7,0,0.3,0.656,157.254,4
spotify:track:2BlDX1yfT0ea5wo0vjCKKa,光るなら,Milk,Goose house,2015-02-25,252133,71,FALSE,tcgbb1ix1h1h974y7pakbtpr2,2026-09-01T20:30:18Z,"anime,j-pop",Sony Music Labels Inc.,0.491,0.879,6,-2.722,0,0.0652,0.391,0,0.342,0.571,160.092,4
spotify:track:0X2bh8NVQ8svDQIn2AdCbW,Consume (feat. Goon Des Garcons),Chase Atlantic,Chase Atlantic;GOON DES GARCONS*,2017-10-04,267920,80,FALSE,tcgbb1ix1h1h974y7pakbtpr2,2026-09-01T20:30:18Z,,Warner Records,0.556,0.714,9,-5.322,0,0.158,0.07,0,0.261,0.434,146.113,4
spotify:track:3DZfp14PTnqbFToBnCztfW,Meet the Frownies,Meet the Frownies,Mr Twin Sister,2010-09-21,240493,58,FALSE,tcgbb1ix1h1h974y7pakbtpr2,2026-09-01T20:30:18Z,chillwave,Twin Group,0.663,0.444,11,-11.214,0,0.0338,0.274,0.664,0.388,0.2,122.975,4
spotify:track:6r639TM0j9JWM4jWJB1cVR,Tweakin' Together,Tweakin' Together,BKTHERULA,2020-04-27,126684,52,TRUE,tcgbb1ix1h1h974y7pakbtpr2,2026-09-01T20:30:18Z,,Warner Records,0.595,0.407,8,-11.978,1,0.193,0.0573,0.0000531,0.162,0.452,144.938,4
spotify:track:2RjaiG42AEVt5C6YsL3ElB,CLOSER,Closer,Joe Inoue,2008,208013,36,FALSE,tcgbb1ix1h1h974y7pakbtpr2,2026-09-01T20:30:18Z,"anime,j-rock",Ki/oon Music Inc.,0.369,0.868,11,-4.81,1,0.0566,0.00118,0.0415,0.0901,0.76,166.021,4
spotify:track:7weHG0yOwtAcZ0qBhyODLF,Hero's Come Back!!,vulgarhythm,nobodyknows+,2007-08-22,273493,67,FALSE,tcgbb1ix1h1h974y7pakbtpr2,2026-09-01T20:30:18Z,"anime,j-pop",Sony Music Direct (Japan) Inc.,0.716,0.951,11,-1.932,0,0.0604,0.0212,0,0.0394,0.703,104.024,4
spotify:track:1dGF5ymTyBB2ZmOypkeU1F,veil,porte,須田景凪,2019-08-21,209636,61,FALSE,tcgbb1ix1h1h974y7pakbtpr2,2026-09-01T20:30:18Z,"anime,j-pop,j-rock",WM Japan,0.559,0.873,0,-4.401,0,0.0543,0.0281,0,0.185,0.797,150.055,4
spotify:track:3vkCueOmm7xQDoJ17W1Pm3,My Love Mine All Mine,The Land Is Inhospitable and So Are We,Mitski,2023-09-15,137773,88,FALSE,tcgbb1ix1h1h974y7pakbtpr2,2026-09-01T20:30:18Z,,Dead Oceans,0.504,0.308,9,-14.958,1,0.0321,0.868,0.135,0.158,0.121,113.95,4
spotify:track:696DnlkuDOXcMAnKlTgXXK,ROXANNE,ROXANNE,Arizona Zervas,2019-10-10,163636,80,TRUE,tcgbb1ix1h1h974y7pakbtpr2,2026-09-01T20:30:18Z,,Arizona Zervas,0.621,0.601,6,-5.616,0,0.148,0.0522,0,0.46,0.457,116.735,5
spotify:track:0XkmeG97T4mtYlWRJcrxec,Party Girl (Remix),Party Girl (Remix),StaySolidRocky;Lil Uzi Vert,2020-07-10,147672,53,TRUE,tcgbb1ix1h1h974y7pakbtpr2,2026-09-01T20:30:18Z,"melodic rap,rage rap",Columbia,0.752,0.375,6,-10.157,0,0.204,0.533,0,0.175,0.591,129.995,4
spotify:track:0KyAGiNGUytG5JLxJu4F6l,Pretty Girl,Pretty Girl,Clairo,2017-08-04,178352,3,FALSE,tcgbb1ix1h1h974y7pakbtpr2,2026-09-01T20:30:18Z,bedroom pop,FADER Label,0.93,0.611,0,-4.406,1,0.0415,0.593,0.00124,0.0592,0.695,112.127,4
spotify:track:6Pgmqg15yVexuOgtzuxwoX,Dancing in My Room,Dancing in My Room,347aidan,2020-10-26,180138,70,TRUE,tcgbb1ix1h1h974y7pakbtpr2,2026-09-01T20:30:18Z,,Columbia,0.98,0.413,8,-11.052,0,0.101,0.671,0.0000795,0.17,0.764,119.993,4
spotify:track:3s2Qd1rsWqbvOoxpFTRp8D,Kraazy,Million Dollar Mindset,Likybo,2017-07-14,151578,63,TRUE,tcgbb1ix1h1h974y7pakbtpr2,2026-09-01T20:30:18Z,,Mozzy Records,0.689,0.701,6,-9.477,0,0.237,0.314,0,0.123,0.37,94.982,4
spotify:track:7eJMfftS33KTjuF7lTsMCx,death bed (coffee for your head),death bed (coffee for your head),Powfu;beabadoobee,2020-02-08,173333,84,FALSE,tcgbb1ix1h1h974y7pakbtpr2,2026-09-01T20:30:18Z,bedroom pop,Columbia,0.726,0.431,8,-8.765,0,0.135,0.731,0,0.696,0.348,144.026,4
spotify:track:0ypjMI7vHiDP4sLB1C0Qna,Talk,Talk,Yeat,2022-09-02,174857,61,TRUE,tcgbb1ix1h1h974y7pakbtpr2,2026-09-01T20:30:18Z,rage rap,Field Trip Recordings/Geffen Records,0.699,0.748,4,-4.72,0,0.227,0.0999,0,0.578,0.26,140.006,4
spotify:track:0MnTkIEP4zZN1IUSu8MvIz,Tek It - Sped Up,Tek It (I Watch the Moon),Cafuné,2019,166859,77,FALSE,tcgbb1ix1h1h974y7pakbtpr2,2026-09-01T20:30:18Z,,Elektra (NEK),0.348,0.95,10,-5.049,0,0.124,0.0000993,0.00000968,0.0868,0.377,168.964,4
spotify:track:6B3ZsFRwOeFbiOmX1txtZl,Get Hyper - Radio Edit,Get Hyper,Droideka,2013-03-03,137000,48,FALSE,tcgbb1ix1h1h974y7pakbtpr2,2026-09-01T20:30:18Z,,Droideka Music under exclusive license to AEI Music,0.583,0.907,2,-4.374,1,0.154,0.0826,0.239,0.0926,0.557,170.073,4
spotify:track:5dIwNqohJfrs1SaOxxI99y,My Marmalade (TikTok Version),My Marmalade (TikTok Version),Katya Lel,2023-12-05,201000,0,FALSE,tcgbb1ix1h1h974y7pakbtpr2,2026-09-01T20:30:18Z,,MONOLIT,0.755,0.716,2,-4.226,1,0.0482,0.0215,0.00000118,0.114,0.89,134.432,4
spotify:track:0ll8uFnc0nANY35E0Lfxvg,Somewhere Only We Know,Hopes And Fears,Keane,2004-01-01,236160,81,FALSE,tcgbb1ix1h1h974y7pakbtpr2,2026-09-01T20:30:18Z,,Universal-Island Records Ltd.,0.453,0.655,9,-4.22,1,0.0257,0.0794,0.00000706,0.0849,0.366,172.01,4
spotify:track:4FVHUUsSdHTo1keNdg2vWM,Little Miss,Twilight,bôa,2001-03-21,233480,55,FALSE,tcgbb1ix1h1h974y7pakbtpr2,2026-09-01T20:30:18Z,,Nettwerk Music Group,0.621,0.814,9,-5.752,0,0.0376,0.42,0,0.301,0.787,118.177,4
spotify:track:71BWZa1liIRyUiuJ3MB66o,I Know You,Faye Webster,Faye Webster,2017-05-12,251666,79,FALSE,tcgbb1ix1h1h974y7pakbtpr2,2026-09-01T20:30:18Z,,Secretly Canadian,0.454,0.385,10,-12.849,1,0.0313,0.287,0.0000997,0.0616,0.144,154.918,4
spotify:track:4riDfclV7kPDT9D58FpmHd,Some,Some,Steve Lacy,2016-10-31,118393,79,TRUE,tcgbb1ix1h1h974y7pakbtpr2,2026-09-01T20:30:18Z,,L-M Records,0.784,0.554,7,-6.417,1,0.03,0.00548,0.254,0.0995,0.634,104.01,4
spotify:track:12usPU2WnqgCHAW1EK2dfd,青のすみか,青のすみか,Tatsuya Kitani,2023-07-07,196466,75,FALSE,tcgbb1ix1h1h974y7pakbtpr2,2026-09-01T20:30:18Z,"anime,j-pop,j-rock",Sony Music Labels Inc.,0.479,0.898,1,-4.809,1,0.169,0.0134,0,0.297,0.639,151.99,4
spotify:track:0GWNtMohuYUEHVZ40tcnHF,SPECIALZ,SPECIALZ,King Gnu,2023-09-01,238986,76,FALSE,tcgbb1ix1h1h974y7pakbtpr2,2026-09-01T20:30:18Z,"j-pop,anime,j-rock",Sony Music Labels Inc.,0.566,0.85,6,-4.431,0,0.0599,0.0663,0,0.319,0.722,117.048,4
spotify:track:1bwHUsQwWSWzoxlULC0wwT,聖者の行進,聖者の行進,Tatsuya Kitani,2021-07-22,177168,48,FALSE,tcgbb1ix1h1h974y7pakbtpr2,2026-09-01T20:30:18Z,"anime,j-pop,j-rock",Sony Music Labels Inc.,0.534,0.84,8,-4.798,1,0.112,0.00136,0,0.499,0.539,157.948,4
spotify:track:1QpybTT7CadO6tsUBnoukv,スカイレストラン,Hi-Fi Blend Pt. 1,Hi-Fi Set,2009-07-15,193666,54,FALSE,tcgbb1ix1h1h974y7pakbtpr2,2026-09-01T20:30:18Z,"city pop,kayōkyoku,j-r&b",Sony Music Direct (Japan) Inc.,0.499,0.467,2,-9.999,0,0.0287,0.705,0.00000163,0.461,0.577,81.839,4
spotify:track:2uXlHiOE4o5xHOCiob8DKn,Fly-day Chinatown,Fly-day Chinatown,Yasuha,1981-09-21,208493,71,FALSE,tcgbb1ix1h1h974y7pakbtpr2,2026-09-01T20:30:18Z,city pop,Universal Music LLC,0.752,0.803,11,-4.72,0,0.0337,0.324,0.00000266,0.203,0.669,123.17,4
spotify:track:4xeWELPxBZKhhCrUr84jmp,DADDY ! DADDY ! DO !,ALL TIME ROCK 'N' ROLL,Masayuki Suzuki;Airi Suzuki,2020-04-15,254640,66,FALSE,tcgbb1ix1h1h974y7pakbtpr2,2026-09-01T20:30:18Z,"anime,j-pop,kayōkyoku,city pop",Sony Music Labels Inc.,0.684,0.815,8,-3.826,0,0.0496,0.322,0,0.12,0.819,138.104,4
spotify:track:1dLeSutde2Nt4DIWaLKxXO,Just a Joke,Relief 72 hours,Yurie Kokubu,2013-07-24,189213,58,FALSE,tcgbb1ix1h1h974y7pakbtpr2,2026-09-01T20:30:18Z,city pop,Sony Music Direct (Japan) Inc.,0.86,0.627,2,-7.758,1,0.049,0.485,0.000156,0.104,0.91,113.758,4
spotify:track:7rwK52xzfFuyCv8VD1p9tL,我がままなハイヒール - Non Stop Mix ver.,"TOKYO 1980s Victor Edition (The Alternate Mix) Boogie, Funk & Modern Soul from Japan ～Non Stop Mix ver.～",Kaoru Akimoto,2018-10-31,166571,47,FALSE,tcgbb1ix1h1h974y7pakbtpr2,2026-09-01T20:30:18Z,city pop,plusGROUND,0.816,0.715,7,-7.068,1,0.0419,0.297,0.00605,0.124,0.823,105.62,4
spotify:track:3hDGP1FyivTChULeeVWkH6,Bad Bitty,Bad Bitty,J.P.,2024-02-09,102342,1,TRUE,tcgbb1ix1h1h974y7pakbtpr2,2026-09-01T20:30:18Z,sexy drill,Equity Distribution,0.768,0.783,2,-6.681,1,0.0514,0.135,0,0.316,0.76,103.988,4
spotify:track:7mykoq6R3BArsSpNDjFQTm,I Really Want to Stay at Your House,"Cyberpunk 2077: Radio, Vol. 2 (Original Soundtrack)",Rosa Walton;Hallie Coggins,2020-12-18,246652,83,FALSE,tcgbb1ix1h1h974y7pakbtpr2,2026-09-01T20:30:18Z,,Lakeshore Records,0.49,0.738,3,-7.399,0,0.0367,0.00237,0.00000458,0.0851,0.126,124.966,4
spotify:track:5WQAussByRFjUWYQDowtHE,スカー,スカー,Tatsuya Kitani,2022-10-18,259191,58,FALSE,tcgbb1ix1h1h974y7pakbtpr2,2026-09-01T20:30:18Z,"anime,j-pop,j-rock",Sony Music Labels Inc.,0.411,0.955,1,-3.324,1,0.245,0.00704,0,0.371,0.41,193.021,4
spotify:track:6BJHsLiE47Sk0wQkuppqhr,From the Start,From the Start,Good Kid,2023-11-10,150047,78,FALSE,tcgbb1ix1h1h974y7pakbtpr2,2026-09-01T20:30:18Z,,Good People Record Co.,0.573,0.803,1,-4.142,1,0.0451,0.0225,0,0.0841,0.638,92.909,4
spotify:track:2odJoPhzYu2NwEhxN2foal,Riff 2,Riff 2,Flawed Mangoes,2023-10-18,164000,48,FALSE,tcgbb1ix1h1h974y7pakbtpr2,2026-09-01T20:30:18Z,,its nbd,0.619,0.325,6,-16.335,1,0.0371,0.966,0.936,0.108,0.591,149.794,4
spotify:track:7nc7mlSdWYeFom84zZ8Wr8,Tell Em,Tell Em,Cochise;$NOT,2021-05-28,180379,73,TRUE,tcgbb1ix1h1h974y7pakbtpr2,2026-09-01T20:30:18Z,rage rap,Columbia,0.672,0.717,5,-7.476,1,0.226,0.103,0,0.398,0.473,157.905,4
spotify:track:0YThXX1dqUpYBLyJNAsF9N,If We Being Rëal,2093,Yeat,2024-02-16,172500,77,TRUE,tcgbb1ix1h1h974y7pakbtpr2,2026-09-01T20:30:18Z,rage rap,Field Trip Recordings/Capitol Records,0.457,0.499,1,-6.67,1,0.0334,0.247,0.0000634,0.171,0.0348,127.95,4
spotify:track:3fuyYaLhZ2RoP9eWpvfP1H,A New Kind Of Love - Demo,A New Kind Of Love (Demo),Frou Frou;Imogen Heap;Guy Sigsworth,2022-04-08,259071,83,FALSE,tcgbb1ix1h1h974y7pakbtpr2,2026-09-01T20:30:18Z,,Megaphonic,0.674,0.487,9,-13.307,1,0.0331,0.169,0.00411,0.127,0.329,132.97,4
spotify:track:3HDsUtYD9XztWhwQY2smjt,Hesitation,Tastes Like Velvet,Kapa Boy;Shiloh Dynasty,2022-11-23,123560,63,FALSE,tcgbb1ix1h1h974y7pakbtpr2,2026-09-01T20:30:18Z,lo-fi,Create Capital,0.713,0.117,10,-25.012,0,0.0857,0.927,0.0109,0.138,0.501,80.208,4
spotify:track:3QntMmPocNqnLoUGbVG5Jp,Do Ya Like X Resonance,Do Ya Like X Resonance,noturgf,2022-12-24,219937,71,TRUE,tcgbb1ix1h1h974y7pakbtpr2,2026-09-01T20:30:18Z,jersey club,noturgf,0.602,0.709,7,-9.372,1,0.239,0.528,0.000123,0.616,0.489,79.996,3
spotify:track:2rrq3SGYxk90xLx5fMmPhZ,I Must Apologise,to hell with it,PinkPantheress,2021-10-15,108373,77,FALSE,tcgbb1ix1h1h974y7pakbtpr2,2026-09-01T20:30:18Z,bedroom pop,Parlophone UK,0.616,0.856,9,-6.098,1,0.0457,0.516,0.0652,0.245,0.75,157.109,4
spotify:track:0uxSUdBrJy9Un0EYoBowng,20 Min,Luv Is Rage 2 (Deluxe),Lil Uzi Vert,2017-08-25,220586,87,TRUE,tcgbb1ix1h1h974y7pakbtpr2,2026-09-01T20:30:18Z,"melodic rap,rage rap",Generation Now/Atlantic,0.773,0.75,8,-4.009,0,0.117,0.109,0,0.174,0.783,123.426,4
spotify:track:39sDitIeCMrVX2QyXHY46t,Blue Hair,Death of a Party Girl,TV Girl,2018-05-08,217000,86,FALSE,tcgbb1ix1h1h974y7pakbtpr2,2026-09-01T20:30:18Z,,TV Girl,0.751,0.72,4,-6.376,1,0.0303,0.554,0.0497,0.258,0.884,135.73,4
spotify:track:1Uj62ISkmYmZU0WKESX06r,Lock in,Everything Your Not,J.P.;BigFrank414,2023-01-03,209072,10,TRUE,tcgbb1ix1h1h974y7pakbtpr2,2026-09-01T20:30:18Z,sexy drill,Collateral Records,0.81,0.714,1,-4.372,1,0.0413,0.0057,0.00000256,0.061,0.266,103.982,4
spotify:track:06DPYEqSX1jMaxvnXNVshB,Sensitive,Sensitive,Dreamer Isioma,2020-01-29,174720,63,TRUE,tcgbb1ix1h1h974y7pakbtpr2,2026-09-01T20:30:18Z,alternative r&b,Fashionably Early LLC,0.612,0.616,7,-7.836,1,0.116,0.194,0.0000713,0.185,0.372,89.66,4
spotify:track:0y60itmpH0aPKsFiGxmtnh,Wait a Minute!,ARDIPITHECUS,WILLOW,2015-01-11,196520,87,FALSE,tcgbb1ix1h1h974y7pakbtpr2,2026-09-01T20:30:18Z,,Roc Nation W Smith P&D,0.764,0.705,3,-5.279,0,0.0278,0.0371,0.0000194,0.0943,0.672,101.003,4
spotify:track:4Y8GVeOXU87h5VqfaOIP6J,Remember You,"Adventure Time, Vol. 2 (Original Soundtrack)",Adventure Time;Olivia Olson;Tom Kenny,2019-05-01,135682,1,FALSE,tcgbb1ix1h1h974y7pakbtpr2,2026-09-01T20:30:18Z,,Cartoon Network Music,0.307,0.269,0,-16.152,1,0.0346,0.559,0.0116,0.137,0.058,107.259,4
spotify:track:3z9OnsnvM6SFN2dzrSDdVO,Love Like You (feat. Rebecca Sugar) - End Credits,"Steven Universe, Vol. 1 (Original Soundtrack)",Steven Universe;Rebecca Sugar,2017-06-02,143629,76,FALSE,tcgbb1ix1h1h974y7pakbtpr2,2026-09-01T20:30:18Z,,Cartoon Network / WaterTower Music,0.591,0.242,0,-10.098,0,0.0312,0.879,0,0.15,0.292,118.001,3
spotify:track:1aXV8GrmQLvgoFtBPERP7E,Jealous,Jealous,Eyedress,2019-12-06,122338,13,FALSE,tcgbb1ix1h1h974y7pakbtpr2,2026-09-01T20:30:18Z,,Lex Records,0.474,0.921,9,-10.431,0,0.0457,0.00491,0.85,0.476,0.696,93.01,4
spotify:track:2R4AlwtrrkMaRKojcTIzmL,For the First Time,This Old Dog,Mac DeMarco,2017-05-05,182306,74,FALSE,tcgbb1ix1h1h974y7pakbtpr2,2026-09-01T20:30:18Z,"indie,lo-fi indie",Captured Tracks,0.551,0.529,5,-10.469,0,0.0517,0.296,0.0093,0.178,0.521,75.515,4
spotify:track:0YsGMHid6sFq5PcToe3JZE,Les,Camp,Childish Gambino,2011-11-15,317293,7,TRUE,tcgbb1ix1h1h974y7pakbtpr2,2026-09-01T20:30:18Z,,Glassnote Entertainment Group LLC,0.541,0.674,1,-7.04,0,0.0841,0.00649,0.0000976,0.235,0.123,103.139,4
spotify:track:06tNJ27nVxbDwhiQMChWyr,GOOD LOYAL THOTS,GOOD LOYAL THOTS,Odetari,2023-03-15,102556,75,TRUE,tcgbb1ix1h1h974y7pakbtpr2,2026-09-01T20:30:18Z,hyperpop,APG Inc. - Odetari,0.585,0.86,6,-5.274,1,0.116,0.0566,0.000142,0.18,0.607,146.441,4
spotify:track:4k6Uh1HXdhtusDW5y8Gbvy,Bad Habit,Gemini Rights,Steve Lacy,2022-07-15,232114,89,TRUE,tcgbb1ix1h1h974y7pakbtpr2,2026-09-01T20:30:18Z,,L-M Records/RCA Records,0.686,0.494,1,-7.093,1,0.0355,0.613,0.000058,0.402,0.7,168.946,4
spotify:track:7uqYiwBmWexX1ae8PxdxEi,Chamber of Reflection (Live Cover),Chamber of Reflection,Your Anxiety Buddy,2023-01-06,150836,0,FALSE,tcgbb1ix1h1h974y7pakbtpr2,2026-09-01T20:30:18Z,,The System,0.457,0.188,8,-11.912,0,0.0274,0.96,0.0648,0.0958,0.175,66.256,4
spotify:track:3TPvrMAd1hbPRXuHCRX0Pl,AEAO,A Giant Step,Dynamicduo;DJ Premier,2014-07-16,316944,75,FALSE,tcgbb1ix1h1h974y7pakbtpr2,2026-09-01T20:30:18Z,"k-rap,k-pop,east coast hip hop",Stone Music Entertainment,0.446,0.764,2,-6.479,1,0.181,0.057,0,0.141,0.576,152.604,4
spotify:track:1GVkrFVc94CTjm9bdSmGjp,Feet Don't Fail Me Now,Feet Don't Fail Me Now,Joy Crookes,2021-06-16,198800,81,FALSE,tcgbb1ix1h1h974y7pakbtpr2,2026-09-01T20:30:18Z,alternative r&b,Speakerbox Recordings,0.662,0.84,6,-3.112,1,0.0509,0.17,0.000226,0.155,0.568,112.914,4
spotify:track:1LJf3nm1uyWUq1NP61Ea5W,LAST NITE,LAST NITE,Tommy Richman,2023-08-25,129507,58,TRUE,tcgbb1ix1h1h974y7pakbtpr2,2026-09-01T20:30:18Z,,PULSE Records,0.722,0.388,2,-5.173,1,0.0348,0.000403,0.0000618,0.113,0.104,141.988,4
spotify:track:5773KSWFzg9kCc8yazjbSt,Deceptacon,Le Tigre,Le Tigre,1999-10-26,184626,82,TRUE,tcgbb1ix1h1h974y7pakbtpr2,2026-09-01T20:30:18Z,"riot grrrl,queercore","Mr. Lady Records, Le Tigre Records",0.603,0.864,4,-3.341,0,0.0668,0.055,0.00493,0.0986,0.616,160.488,4
spotify:track:01Rc6yXYtujAnMaR1NME11,I'll Keep You Safe,I'll Keep You Safe,sagun;Shiloh Dynasty,2017-10-06,185875,63,FALSE,tcgbb1ix1h1h974y7pakbtpr2,2026-09-01T20:30:18Z,lo-fi,sagun,0.752,0.0625,7,-24.694,1,0.0557,0.945,0.819,0.178,0.462,114.982,4
spotify:track:6cOEledUFN9GpxUksuCH93,"I Fall in Love, I'm Sorry",Love Is the Same as Sadness,CORBAL;Shiloh Dynasty;itssvd,2018-05-14,86001,34,FALSE,tcgbb1ix1h1h974y7pakbtpr2,2026-09-01T20:30:18Z,lo-fi,itssvd / CORBAL,0.5,0.358,4,-15.038,0,0.19,0.868,0.0201,0.194,0.237,103.48,5
spotify:track:6jgkEbmQ2F2onEqsEhiliL,My Kind of Woman,2,Mac DeMarco,2012-10-16,190845,73,FALSE,tcgbb1ix1h1h974y7pakbtpr2,2026-09-01T20:30:18Z,"indie,lo-fi indie",Captured Tracks,0.501,0.765,6,-7.063,0,0.0281,0.00294,0.49,0.184,0.46,91.771,4
spotify:track:2fhOljbX79loRcdl47SFye,Moonlight on the River,This Old Dog,Mac DeMarco,2017-05-05,422613,70,FALSE,tcgbb1ix1h1h974y7pakbtpr2,2026-09-01T20:30:18Z,"indie,lo-fi indie",Captured Tracks,0.662,0.478,9,-8.631,1,0.0451,0.252,0.833,0.216,0.43,139.98,4
spotify:track:0NiaoVBRcmDhhBngzWq5rI,Midnight,Midnight,XanMan,2019-07-12,124991,3,TRUE,tcgbb1ix1h1h974y7pakbtpr2,2026-09-01T20:30:18Z,,Plug Music,0.682,0.54,2,-9.095,0,0.0446,0.0738,0,0.173,0.417,126.01,4
spotify:track:0JIv3hJGmHx3Gp6psw2GVw,Ice Kream Truck,Ice Kream Truck,Tommy Richman,2021-04-02,136666,19,TRUE,tcgbb1ix1h1h974y7pakbtpr2,2026-09-01T20:30:18Z,,Wowhank,0.852,0.818,11,-7.054,1,0.158,0.108,0.178,0.263,0.747,116.698,4
spotify:track:6jlG8gBPNAgBgoivw2Ig09,DEVIL IS A LIE,DEVIL IS A LIE,Tommy Richman,2024-06-14,130944,76,TRUE,tcgbb1ix1h1h974y7pakbtpr2,2026-09-01T20:30:18Z,,PULSE Records,0.904,0.452,9,-7.272,1,0.132,0.174,0,0.115,0.613,90.026,4
spotify:track:6Mfh9o1FjAiA3gU5q21OD6,Everyday,After Me,SoFaygo,2020-12-17,171165,58,TRUE,tcgbb1ix1h1h974y7pakbtpr2,2026-09-01T20:30:18Z,rage rap,Cactus Jack,0.497,0.637,2,-8.594,0,0.609,0.587,0,0.328,0.518,161.079,4
spotify:track:3IznIgmXtrUaoPWpQTy5jB,Not Allowed,Who Really Cares,TV Girl,2016-02-25,167864,86,TRUE,tcgbb1ix1h1h974y7pakbtpr2,2026-09-01T20:30:18Z,,TV Girl,0.67,0.905,1,-6.855,1,0.129,0.669,0.000227,0.349,0.563,104.965,4
spotify:track:3jfZ9M23l0L7RxzYMTgBTv,Looking Out for You,Looking Out for You,Joy Again,2016-01-15,179499,81,FALSE,tcgbb1ix1h1h974y7pakbtpr2,2026-09-01T20:30:18Z,,Arista Records,0.682,0.9,9,-5.028,1,0.0874,0.0884,0.063,0.0685,0.937,100.721,4
spotify:track:1cwqP7Tyxu5z8XDYoPkNte,Chandelier,Chandelier,Will Paquin,2020-09-25,127464,2,TRUE,tcgbb1ix1h1h974y7pakbtpr2,2026-09-01T20:30:18Z,,Will Paquin Music,0.333,0.498,2,-9.121,0,0.0468,0.674,0.00000651,0.12,0.427,87.082,4
spotify:track:1slDsIJxew9AOOA3v0xFzn,Go (Xtayalive 2),Go (Xtayalive 2),Kanii;9lives,2023-04-28,106307,69,TRUE,tcgbb1ix1h1h974y7pakbtpr2,2026-09-01T20:30:18Z,"jersey club,hyperpop",The System,0.603,0.797,6,-5.279,0,0.0474,0.00443,0.00000563,0.103,0.235,135.438,4
spotify:track:0wrWxW18WK2MkrfDpRHkyh,Me and the Devil,Sugarbread,Soap&Skin,2013-03-11,185000,79,FALSE,tcgbb1ix1h1h974y7pakbtpr2,2026-09-01T20:30:18Z,,[PIAS],0.584,0.446,7,-7.042,1,0.028,0.494,0.00783,0.111,0.222,89.302,4
spotify:track:4L4m2mgZDF8KIkJPdWWIAf,Sittin' On Top Of The World,Sittin' On Top Of The World,Burna Boy,2023-06-01,159372,55,TRUE,tcgbb1ix1h1h974y7pakbtpr2,2026-09-01T20:30:18Z,"afrobeats,afrobeat,afropop,dancehall,afroswing,afropiano",Spaceship/ Bad Habit/Atlantic Records,0.787,0.848,8,-4.095,1,0.0516,0.0279,0.0058,0.109,0.681,98.051,4
spotify:track:6q1nZrQOBplr60zI4Kku4a,Big Dreams,Badkid,Bakar,2018-05-22,153437,53,TRUE,tcgbb1ix1h1h974y7pakbtpr2,2026-09-01T20:30:18Z,,Black Butter,0.637,0.889,11,-6.182,0,0.0757,0.00491,0,0.0731,0.535,180.045,4
spotify:track:27mp8aBdVahnilXRLrr6j9,Gucci Down,Gucci Down,XanMan,2019-05-10,144169,52,TRUE,tcgbb1ix1h1h974y7pakbtpr2,2026-09-01T20:30:18Z,,2019,0.712,0.315,1,-12.926,0,0.343,0.703,0,0.122,0.435,129.984,4
spotify:track:3JrcQDFCOKFTzM9N1Uonst,Stepping Along,鋼の錬金術師 FULLMETAL ALCHEMIST Original Soundtrack 2,Akira Senju,2010-03-24,94413,34,FALSE,tcgbb1ix1h1h974y7pakbtpr2,2026-09-01T20:30:18Z,anime,Aniplex Inc.,0.824,0.358,0,-13.301,1,0.0698,0.987,0.893,0.0942,0.967,136.635,4
spotify:track:3TTVTIMfwHiZJjZvglCtMv,Too Much - Remix,Too Much (Remix),Bossa;Kanii,2023-12-21,128005,53,TRUE,tcgbb1ix1h1h974y7pakbtpr2,2026-09-01T20:30:18Z,jersey club,Atlantic Records/Anemoia,0.618,0.625,7,-10.573,0,0.159,0.795,0.000295,0.309,0.368,127.465,4
spotify:track:2RoQjnP4dJFtSl2GI87xXK,Too Much - Slowed,Too Much (Slowed),Bossa;slowed down audioss,2024-02-20,128005,57,TRUE,tcgbb1ix1h1h974y7pakbtpr2,2026-09-01T20:30:18Z,jersey club,Atlantic Records/Anemoia,0.588,0.696,5,-9.214,0,0.147,0.787,0,0.222,0.633,112.38,4
spotify:track:2H881m3JRA8lpuuwaQL6zy,No Fear,No Fear,DeJ Loaf,2017-06-16,169853,72,FALSE,tcgbb1ix1h1h974y7pakbtpr2,2026-09-01T20:30:18Z,,Columbia,0.614,0.682,11,-4.117,0,0.102,0.387,0,0.134,0.566,100.202,4
spotify:track:7D7e6hm2LiNd6nLuJF6K9Q,Hex,Hex,80purppp,2018-03-12,122221,5,FALSE,tcgbb1ix1h1h974y7pakbtpr2,2026-09-01T20:30:18Z,,"Violet High, LLC. under exclusive license to Amuseio AB",0.845,0.398,5,-15.781,1,0.268,0.872,0.00713,0.159,0.482,109.996,4
spotify:track:1c5CllrZr45UBhWpIqM332,Funny Thing,It Is What It Is,Thundercat,2020-04-03,116630,77,FALSE,tcgbb1ix1h1h974y7pakbtpr2,2026-09-01T20:30:18Z,,Brainfeeder,0.586,0.893,7,-8.772,1,0.439,0.827,0.642,0.212,0.65,140.023,3
spotify:track:51pshtuYkgUQnt5huMPbKL,The Spins,K.I.D.S.,Mac Miller,2010-08-13,195873,10,TRUE,tcgbb1ix1h1h974y7pakbtpr2,2026-09-01T20:30:18Z,,Rostrum Records,0.794,0.766,9,-3.894,0,0.0377,0.0135,0,0.0785,0.55,127.007,4
spotify:track:3CboywxfJIgvHqi2FF4exb,Loverboy,Loverboy,A-Wall,2019-06-28,224520,1,FALSE,tcgbb1ix1h1h974y7pakbtpr2,2026-09-01T20:30:18Z,bedroom pop,Revolution Records,0.604,0.466,0,-10.093,1,0.0315,0.649,0.0334,0.093,0.499,120.045,4
spotify:track:76pFlJQADDcMquWc5xDpHo,I Just Want to Be the One You Love,I Just Want to Be the One You Love,DJ KridUNG,2019-05-07,121208,37,FALSE,tcgbb1ix1h1h974y7pakbtpr2,2026-09-01T20:30:18Z,,DJ KridUNG,0.813,0.364,9,-10.298,1,0.121,0.819,0.0677,0.185,0.571,169.9,4
spotify:track:6042XJOCOw3U90tCNGBIPz,feel u,feel u,okayceci,2019-11-07,150670,50,FALSE,tcgbb1ix1h1h974y7pakbtpr2,2026-09-01T20:30:18Z,bedroom pop,okayceci / Opposition,0.87,0.666,1,-9.939,1,0.0872,0.567,0.303,0.106,0.847,118.012,4
spotify:track:0WHWD1OwKWBiESxUEqf8x0,That's Life,"If This Isn’t Nice, I Don’t Know What Is",Still Woozy,2021-08-13,147653,58,FALSE,tcgbb1ix1h1h974y7pakbtpr2,2026-09-01T20:30:18Z,bedroom pop,"Still Woozy Productions Inc., under exclusive license to Interscope Records",0.754,0.498,6,-8.741,0,0.087,0.51,0.0321,0.102,0.544,96.11,4
spotify:track:7g1251d41qVR8kq6yz9XXa,pouring outside,pouring outside,dyl dion,2021-09-24,156250,52,FALSE,tcgbb1ix1h1h974y7pakbtpr2,2026-09-01T20:30:18Z,,dyl dion,0.783,0.589,7,-8.32,1,0.0381,0.677,0.0685,0.108,0.326,107.494,4
spotify:track:0SIAFU49FFHwR3QnT5Jx0k,Chinese New Year,Chinese New Year,SALES,2014-01-31,160000,69,FALSE,tcgbb1ix1h1h974y7pakbtpr2,2026-09-01T20:30:18Z,bedroom pop,SALES,0.744,0.845,4,-7.422,0,0.253,0.759,0.232,0.1,0.749,75.221,4
spotify:track:393MDhe62s8hbH8ETrlxe5,Mr. Rager,Man On The Moon II: The Legend Of Mr. Rager,Kid Cudi,2010-11-09,294226,77,FALSE,tcgbb1ix1h1h974y7pakbtpr2,2026-09-01T20:30:18Z,,Kid Cudi/Universal Records,0.671,0.726,7,-8.689,1,0.0272,0.389,0.882,0.14,0.581,102.002,4
spotify:track:5iSEsR6NKjlC9SrIJkyL3k,Pursuit Of Happiness (Nightmare),Man On The Moon: The End Of Day,Kid Cudi;MGMT;Ratatat,2009-09-15,295293,72,TRUE,tcgbb1ix1h1h974y7pakbtpr2,2026-09-01T20:30:18Z,indie,Kid Cudi/Universal Records,0.629,0.606,0,-8.951,1,0.0412,0.484,0.0001,0.298,0.288,115.275,4
spotify:track:71GFsgwclHNzYn8qiyUY7M,Uh Oh,Uh Oh,Lil Tracy,2016-03-17,98742,48,TRUE,tcgbb1ix1h1h974y7pakbtpr2,2026-09-01T20:30:18Z,"emo rap,cloud rap","TORESHI, LLC",0.682,0.564,11,-11.031,1,0.226,0.0381,0.0547,0.0916,0.102,147.956,4
spotify:track:6B6VIuSzdsmk1BTgtPhFQD,agenda,agenda,Che,2021-12-09,99147,66,TRUE,tcgbb1ix1h1h974y7pakbtpr2,2026-09-01T20:30:18Z,"rage rap,underground hip hop",che,0.515,0.447,0,-8.888,0,0.0347,0.215,0.0404,0.122,0.424,73.175,4
spotify:track:5sGGlfbqdGlJr3ZMMjODoy,She Won't Go Away,Faye Webster,Faye Webster,2017-05-12,185646,70,FALSE,tcgbb1ix1h1h974y7pakbtpr2,2026-09-01T20:30:18Z,,Secretly Canadian,0.71,0.394,9,-9.306,1,0.0295,0.309,0.00000257,0.105,0.447,92.977,4
spotify:track:6odqveUIgvpWWvtANLcZpH,Red Moon,Red Moon,Lil Uzi Vert,2023-12-27,171827,58,FALSE,tcgbb1ix1h1h974y7pakbtpr2,2026-09-01T20:30:18Z,"melodic rap,rage rap",Generation Now/Atlantic,0.554,0.881,2,-4.176,0,0.138,0.115,0,0.119,0.455,162.032,4
spotify:track:5hVghJ4KaYES3BFUATCYn0,EARFQUAKE,IGOR,"Tyler, The Creator",2019-05-17,190072,80,TRUE,tcgbb1ix1h1h974y7pakbtpr2,2026-09-01T20:30:18Z,,Columbia,0.554,0.498,9,-8.866,1,0.0685,0.23,0.00000598,0.795,0.413,79.635,4
spotify:track:5hM5arv9KDbCHS0k9uqwjr,Borderline,The Slow Rush,Tame Impala,2020-02-14,237800,89,FALSE,tcgbb1ix1h1h974y7pakbtpr2,2026-09-01T20:30:18Z,"neo-psychedelic,indie",Universal Music Australia Pty. Ltd.,0.621,0.873,5,-3.067,0,0.0369,0.0406,0.0000091,0.0824,0.873,97.96,4
spotify:track:5O9zs6G6RcB6yP1OKwnwiM,Choppa Won't Miss (feat. Young Thug),Die Lit,Playboi Carti;Young Thug,2018-05-11,217960,64,TRUE,tcgbb1ix1h1h974y7pakbtpr2,2026-09-01T20:30:18Z,"rage rap,rap,melodic rap,trap",AWGE Label,0.857,0.661,0,-6.544,1,0.319,0.0182,0,0.115,0.612,163.077,4
spotify:track:0tNuJpBgtE65diL6Q8Q7fI,On & On,Baduizm,Erykah Badu,1997-01-01,226133,73,TRUE,tcgbb1ix1h1h974y7pakbtpr2,2026-09-01T20:30:18Z,"neo soul,r&b",Universal Records,0.761,0.403,11,-10.424,0,0.158,0.0392,0.0113,0.256,0.346,80.476,4
spotify:track:1ckhUtD8nBH2ShPlU8w2nU,ALL MY FELLAS,ALL MY FELLAS,Frizk,2023-09-19,141334,68,FALSE,tcgbb1ix1h1h974y7pakbtpr2,2026-09-01T20:30:18Z,jersey club,Frizk,0.602,0.676,2,-11.385,1,0.0527,0.00624,0.826,0.0635,0.716,160.021,4
spotify:track:6IZvVAP7VPPnsGX6bvgkqg,PRIDE.,DAMN.,Kendrick Lamar,2017-04-14,275253,83,TRUE,tcgbb1ix1h1h974y7pakbtpr2,2026-09-01T20:30:18Z,"hip hop,west coast hip hop",Aftermath,0.665,0.535,4,-7.056,0,0.0572,0.0786,0.0000168,0.154,0.37,138.842,4
spotify:track:62tGzw9OJOwDcjPBnMPCuj,No More Lies,No More Lies,Thundercat;Tame Impala,2023-04-25,327217,62,FALSE,tcgbb1ix1h1h974y7pakbtpr2,2026-09-01T20:30:18Z,"neo-psychedelic,indie",Brainfeeder,0.601,0.836,10,-4.574,0,0.0429,0.0928,0.0000633,0.141,0.492,97.999,4
spotify:track:6luBKkFUt5wTwz7hpLhp12,drive ME crazy!,Let’s Start Here.,Lil Yachty;Diana Gordon,2023-01-27,229804,76,TRUE,tcgbb1ix1h1h974y7pakbtpr2,2026-09-01T20:30:18Z,,Quality Control Music/Motown Records,0.497,0.825,10,-3.621,0,0.0925,0.172,0.00319,0.377,0.44,107.073,4
spotify:track:2NPB9lL0iUc34d7UZcFzHf,Ghosts,Will You Be My Yellow?,Bakar,2019-09-20,161360,41,FALSE,tcgbb1ix1h1h974y7pakbtpr2,2026-09-01T20:30:18Z,,Black Butter,0.629,0.329,5,-9.312,0,0.0483,0.82,0.00313,0.11,0.266,180.633,3
spotify:track:0z3YYobsavHguLTgqg5GC1,Picture in My Mind,Picture in my mind,PinkPantheress;Sam Gellaitry,2022-08-10,176930,68,FALSE,tcgbb1ix1h1h974y7pakbtpr2,2026-09-01T20:30:18Z,bedroom pop,Warner Records,0.73,0.645,2,-6.506,0,0.348,0.587,0,0.0937,0.772,128.519,4
spotify:track:7FqH4CO8H5j9EXHKTBP7xE,WE SAW THE SUN!,Let’s Start Here.,Lil Yachty,2023-01-27,331428,51,FALSE,tcgbb1ix1h1h974y7pakbtpr2,2026-09-01T20:30:18Z,,Quality Control Music/Motown Records,0.339,0.815,10,-6.261,0,0.13,0.473,0.573,0.24,0.333,156.02,4
spotify:track:3HlK8txWAdtKMrbsqX40pl,Freaking Out the Neighborhood,2,Mac DeMarco,2012-10-16,173888,68,FALSE,tcgbb1ix1h1h974y7pakbtpr2,2026-09-01T20:30:18Z,"indie,lo-fi indie",Captured Tracks,0.565,0.832,8,-5.751,0,0.108,0.0638,0.0288,0.386,0.847,143.303,4
spotify:track:1OubIZ0ARYCUq5kceYUQiO,Congratulations (feat. Bilal),The Divine Feminine,Mac Miller;Bilal,2016-09-16,256426,81,TRUE,tcgbb1ix1h1h974y7pakbtpr2,2026-09-01T20:30:18Z,neo soul,Warner Records,0.465,0.225,4,-12.637,0,0.0455,0.948,0.00155,0.18,0.207,57.75,4
spotify:track:4WPU2KNvED1ofirW6AtwnZ,simple and clean pluggnb,simple and clean pluggnb,seyhqnsert,2024-03-23,172283,0,FALSE,tcgbb1ix1h1h974y7pakbtpr2,2026-09-01T20:30:18Z,,JMP 35645,0.591,0.603,1,-11.98,1,0.0437,0.411,0.000387,0.333,0.287,134.919,4
spotify:track:5K7ie01x5C0josLOeH7BY1,MOROCCO,VIBES,9DAYS,2024-04-17,214759,46,FALSE,tcgbb1ix1h1h974y7pakbtpr2,2026-09-01T20:30:18Z,neo soul,CHILL VIBES ONLY,0.696,0.734,1,-8.886,1,0.0401,0.417,0.722,0.156,0.329,94.998,4
spotify:track:2c7z5oRcPBbqRaBY2mLWcf,NEW DROP,HARDSTONE PSYCHO,Don Toliver,2024-06-14,217333,84,TRUE,tcgbb1ix1h1h974y7pakbtpr2,2026-09-01T20:30:18Z,,Cactus Jack / Atlantic,0.757,0.628,4,-6.715,0,0.101,0.189,0.0209,0.221,0.321,119.98,4
spotify:track:43MifzVnh8W3jJN0xqU9jR,Wasted Summers,Wasted Summers,juju<3,2023-07-12,130384,72,FALSE,tcgbb1ix1h1h974y7pakbtpr2,2026-09-01T20:30:18Z,,Not Fit For Society,0.633,0.643,0,-8.122,1,0.0252,0.106,0.00831,0.78,0.472,103.842,4
spotify:track:5WbfFTuIldjL9x7W6y5l7R,Kingston,Atlanta Millionaires Club,Faye Webster,2019-05-24,202653,80,FALSE,tcgbb1ix1h1h974y7pakbtpr2,2026-09-01T20:30:18Z,,Secretly Canadian,0.73,0.355,10,-9.13,0,0.0359,0.154,0.00155,0.117,0.56,142.143,4
spotify:track:41P6Tnd8KIHqON0QIydx6a,the perfect pair,Beatopia,beabadoobee,2022-07-15,177533,86,FALSE,tcgbb1ix1h1h974y7pakbtpr2,2026-09-01T20:30:18Z,bedroom pop,Dirty Hit,0.634,0.663,11,-6.818,1,0.0331,0.433,0.124,0.102,0.6,146.053,4
spotify:track:3pANfZVFdtuVnJsE6xa5Ox,Me and My Husband,Be the Cowboy,Mitski,2018-08-17,137141,74,FALSE,tcgbb1ix1h1h974y7pakbtpr2,2026-09-01T20:30:18Z,,Dead Oceans,0.497,0.638,1,-5.31,1,0.0274,0.0467,0,0.385,0.77,172.01,4
spotify:track:6IPwKM3fUUzlElbvKw2sKl,we fell in love in october,we fell in love in october / October Passed Me By,girl in red,2018-11-21,184153,88,FALSE,tcgbb1ix1h1h974y7pakbtpr2,2026-09-01T20:30:18Z,bedroom pop,world in red,0.566,0.366,7,-12.808,1,0.028,0.113,0.181,0.155,0.237,129.96,4
spotify:track:5OpwZViQUOos3cSrEo5qXv,Elephant,Twilight,bôa,2001-03-21,234160,64,FALSE,tcgbb1ix1h1h974y7pakbtpr2,2026-09-01T20:30:18Z,,Nettwerk Music Group,0.19,0.783,7,-7.796,1,0.0646,0.299,0.00243,0.0939,0.525,174.27,4
spotify:track:3PXTIwwI5dmlgrY0iYQq4J,Brand New City,Lush,Mitski,2012-01-31,132773,1,FALSE,tcgbb1ix1h1h974y7pakbtpr2,2026-09-01T20:30:18Z,,Mitski,0.482,0.831,5,-5.956,0,0.0583,0.049,0,0.0824,0.659,148.121,4
spotify:track:4qb1xkDdk8YvoAy7jh2zCi,midnight,midnight,kobzx2z;Red Luna,2024-09-26,129022,0,TRUE,tcgbb1ix1h1h974y7pakbtpr2,2026-09-01T20:30:18Z,,La Vision Production,0.63,0.505,10,-6.854,1,0.0454,0.09,0,0.0605,0.556,124,4
spotify:track:5CnRBMfpnFB5LAJaFGu6ln,Stephanie,Stephanie,Nafeesisboujee,2023-09-15,126981,0,TRUE,tcgbb1ix1h1h974y7pakbtpr2,2026-09-01T20:30:18Z,,nafees's bedroom studio,0.772,0.479,3,-11.121,1,0.0403,0.0874,0,0.265,0.378,114.474,4
spotify:track:7lOKgbgzDbCaM1ShiLg4qD,call me what u want,hey.monsvi (a mixtape from mons vi),Mons Vi,2023-10-01,166557,42,FALSE,tcgbb1ix1h1h974y7pakbtpr2,2026-09-01T20:30:18Z,bedroom pop,Mons Vi,0.601,0.892,11,-4.368,1,0.0406,0.00372,0.00382,0.126,0.708,119.995,4
spotify:track:2OrucC3HEPmZpkaQ05Nx0V,novocaine,"unfortunately yours,",GenriX;CORBAL;Shiloh Dynasty,2023-01-13,195605,71,TRUE,tcgbb1ix1h1h974y7pakbtpr2,2026-09-01T20:30:18Z,lo-fi,GenriX / CORBAL,0.608,0.311,4,-11.255,0,0.154,0.592,0,0.174,0.426,180.362,4
spotify:track:1HwbgJAU9PZ7YbzKgVgoIF,Sierra Leone,channel ORANGE,Frank Ocean,2012-07-10,148760,71,TRUE,tcgbb1ix1h1h974y7pakbtpr2,2026-09-01T20:30:18Z,,Red Zone Entertainment / IDJ,0.529,0.608,7,-7.809,1,0.0811,0.166,0.0185,0.109,0.616,125.017,4
spotify:track:4fPjI40ElIwJQ4DJJxSCOe,Attracted to You,Attracted To You,PinkPantheress,2021-07-09,67638,75,FALSE,tcgbb1ix1h1h974y7pakbtpr2,2026-09-01T20:30:18Z,bedroom pop,Parlophone UK,0.727,0.58,6,-11.094,1,0.192,0.0372,0.00377,0.0596,0.75,114.21,4
spotify:track:5mphdlILgAq3vh1MSvAJTS,Thinkin Bout You,channel ORANGE (Explicit Version),Frank Ocean,2012-07-10,200746,5,FALSE,tcgbb1ix1h1h974y7pakbtpr2,2026-09-01T20:30:18Z,,Red Zone Entertainment / IDJ,0.721,0.339,0,-11.195,1,0.0532,0.409,0.00153,0.0973,0.2,129.83,4
spotify:track:4bEcoz1OcfMgUbp2ft8ieQ,911 / Mr. Lonely (feat. Frank Ocean & Steve Lacy),Flower Boy,"Tyler, The Creator;Frank Ocean;Steve Lacy",2017-07-21,255653,72,TRUE,tcgbb1ix1h1h974y7pakbtpr2,2026-09-01T20:30:18Z,,Columbia,0.48,0.61,0,-7.042,1,0.305,0.0456,0,0.313,0.297,90.034,4
spotify:track:49X0LAl6faAusYq02PRAY6,Lady - Hear Me Tonight,Modjo (Remastered),Modjo,2001,307153,87,FALSE,tcgbb1ix1h1h974y7pakbtpr2,2026-09-01T20:30:18Z,"french house,disco house",Modjo Music,0.72,0.808,6,-5.627,1,0.0379,0.00793,0.0293,0.0634,0.869,126.041,4
spotify:track:08vlprFBmwh9TQnjXUtZDG,FAMJAM4000,FORWARD,Jordan Ward,2023-03-03,158133,65,FALSE,tcgbb1ix1h1h974y7pakbtpr2,2026-09-01T20:30:18Z,alternative r&b,"ARTium Recordings, LLC/Interscope Records",0.871,0.57,6,-7.421,0,0.0676,0.434,0.452,0.145,0.711,116.563,4
spotify:track:58ge6dfP91o9oXMzq3XkIS,505,Favourite Worst Nightmare (Standard Version),Arctic Monkeys,2007-04-24,253586,86,FALSE,tcgbb1ix1h1h974y7pakbtpr2,2026-09-01T20:30:18Z,"indie,garage rock",Domino/Warner Records,0.52,0.852,0,-5.866,1,0.0543,0.00237,0.0000579,0.0733,0.234,140.267,4
spotify:track:6dOtVTDdiauQNBQEDOtlAB,BIRDS OF A FEATHER,HIT ME HARD AND SOFT,Billie Eilish,2024-05-17,210373,95,FALSE,tcgbb1ix1h1h974y7pakbtpr2,2026-09-01T20:30:18Z,,Darkroom/Interscope Records,0.747,0.507,2,-10.171,1,0.0358,0.2,0.0608,0.117,0.438,104.978,4
spotify:track:0f8eRy9A0n6zXpKSHSCAEp,Infrunami,The Lo-Fis,Steve Lacy,2020-12-04,178328,85,FALSE,tcgbb1ix1h1h974y7pakbtpr2,2026-09-01T20:30:18Z,,L-M Records,0.826,0.299,9,-7.721,1,0.0446,0.31,0.0952,0.0758,0.215,97.012,4
spotify:track:7KA4W4McWYRpgf0fWsJZWB,See You Again (feat. Kali Uchis),Flower Boy,"Tyler, The Creator;Kali Uchis",2017-07-21,180386,92,TRUE,tcgbb1ix1h1h974y7pakbtpr2,2026-09-01T20:30:18Z,,Columbia,0.558,0.559,6,-9.222,1,0.0959,0.371,0.00000749,0.109,0.62,78.558,4
spotify:track:4OmfWzukSVD140NiAIEjem,Static,Gemini Rights,Steve Lacy,2022-07-15,156538,75,TRUE,tcgbb1ix1h1h974y7pakbtpr2,2026-09-01T20:30:18Z,,L-M Records/RCA Records,0.335,0.305,1,-12.661,1,0.0741,0.434,0.631,0.101,0.215,79.001,5
spotify:track:0JIMT9gzLIIz0esKLyjbKf,Telephones,Changes,Vacations,2018,212432,84,FALSE,tcgbb1ix1h1h974y7pakbtpr2,2026-09-01T20:30:18Z,,Nettwerk Music Group,0.526,0.447,2,-9.268,1,0.0274,0.00283,0.0301,0.109,0.183,74.995,4
spotify:track:6RiiSy9GzSwiyDEJDiMuKe,Something About You,Mulholland Drive,Eyedress;Dent May,2021-08-27,153312,12,FALSE,tcgbb1ix1h1h974y7pakbtpr2,2026-09-01T20:30:18Z,,Lex Records,0.648,0.781,9,-8.736,0,0.0271,0.0332,0.013,0.305,0.822,133.417,4
spotify:track:3jHdKaLCkuNEkWcLVmQPCX,BEST INTEREST,BEST INTEREST,"Tyler, The Creator",2020-01-25,127921,77,TRUE,tcgbb1ix1h1h974y7pakbtpr2,2026-09-01T20:30:18Z,,Columbia,0.596,0.575,11,-8.325,0,0.0514,0.0861,0.000153,0.334,0.34,98.265,3
spotify:track:6FBzhcfgGacfXF3AmtfEaX,C U Girl,C U Girl,Steve Lacy,2015-02-15,129697,80,FALSE,tcgbb1ix1h1h974y7pakbtpr2,2026-09-01T20:30:18Z,,L-M Records,0.414,0.473,11,-8.911,0,0.116,0.663,0.0523,0.128,0.409,100,4
spotify:track:7EAMXbLcL0qXmciM5SwMh2,Heart To Heart,Here Comes The Cowboy,Mac DeMarco,2019-05-10,211140,85,FALSE,tcgbb1ix1h1h974y7pakbtpr2,2026-09-01T20:30:18Z,"indie,lo-fi indie",Mac’s Record Label,0.901,0.136,8,-16.127,0,0.102,0.667,0.354,0.109,0.643,150.076,4
spotify:track:5QvBXUm5MglLJ3iBfTX2Wo,RUNNING OUT OF TIME,IGOR,"Tyler, The Creator",2019-05-17,177219,74,TRUE,tcgbb1ix1h1h974y7pakbtpr2,2026-09-01T20:30:18Z,,Columbia,0.36,0.391,6,-10.6,1,0.0528,0.296,0.000406,0.129,0.162,84.281,4
spotify:track:1KIJclzEbNhSVw8tiHPWwE,Young,Vibes,Vacations,2016,189160,81,FALSE,tcgbb1ix1h1h974y7pakbtpr2,2026-09-01T20:30:18Z,,Nettwerk Music Group,0.498,0.81,7,-4.065,1,0.0263,0.00392,0.00717,0.0635,0.594,79.935,4
spotify:track:0mO6oS60RST2sWmN2FKknP,One More Hour,The Slow Rush,Tame Impala,2020-02-14,432560,79,FALSE,tcgbb1ix1h1h974y7pakbtpr2,2026-09-01T20:30:18Z,"neo-psychedelic,indie",Universal Music Australia Pty. Ltd.,0.647,0.398,4,-8.63,1,0.0283,0.108,0.107,0.148,0.32,102.029,4
spotify:track:78ul3D77noQsYjSwvwiPU1,Break It Off - Bonus,to hell with it,PinkPantheress,2021-10-15,96133,76,FALSE,tcgbb1ix1h1h974y7pakbtpr2,2026-09-01T20:30:18Z,bedroom pop,Parlophone UK,0.552,0.904,11,-4.891,0,0.114,0.0027,0.00000885,0.0786,0.746,171.788,4
spotify:track:6QeYSvYqYUsfBzsApbjDHO,Cigarettes out the Window,Who Really Cares,TV Girl,2016-02-25,198960,88,FALSE,tcgbb1ix1h1h974y7pakbtpr2,2026-09-01T20:30:18Z,,TV Girl,0.625,0.659,0,-5.669,1,0.0337,0.12,0,0.17,0.594,113.551,4
spotify:track:7s5VQqrjBtrBgZL4pEa46S,Romantic Lover,Let's Skip to the Wedding,Eyedress,2020-08-07,86739,8,FALSE,tcgbb1ix1h1h974y7pakbtpr2,2026-09-01T20:30:18Z,,Lex Records,0.658,0.447,9,-9.299,0,0.0869,0.701,0.924,0.198,0.538,184.316,4
spotify:track:6HJxxqHWMdidwTVZmZWeHU,New Flesh,Wild Heart,Current Joys,2013-01-02,167986,2,FALSE,tcgbb1ix1h1h974y7pakbtpr2,2026-09-01T20:30:18Z,lo-fi indie,Current Joys,0.62,0.594,9,-16.066,1,0.0383,0.887,0.5,0.0917,0.698,165.861,4
spotify:track:6M0EP76qW9TG4SNU0agu94,Uuuu,The Lo-Fis,Steve Lacy,2020-12-04,90708,74,FALSE,tcgbb1ix1h1h974y7pakbtpr2,2026-09-01T20:30:18Z,,L-M Records,0.947,0.616,9,-3.602,1,0.0415,0.0168,0.259,0.0658,0.968,127.082,4
spotify:track:3sNVsP50132BTNlImLx70i,Bound 2,Yeezus,Kanye West,2013-06-18,229146,85,TRUE,tcgbb1ix1h1h974y7pakbtpr2,2026-09-01T20:30:18Z,rap,Rock The World/IDJ/Kanye/LP6,0.367,0.665,1,-2.821,1,0.0465,0.145,0,0.113,0.31,148.913,4
spotify:track:6Nle9hKrkL1wQpwNfEkxjh,Chanel,Chanel,Frank Ocean,2017-03-10,210285,80,TRUE,tcgbb1ix1h1h974y7pakbtpr2,2026-09-01T20:30:18Z,,Blonded,0.776,0.503,0,-5.732,0,0.237,0.874,0,0.112,0.473,110.134,4
spotify:track:6rqj2zeKhLy3exkuFi6mSz,Answer,Wolf,"Tyler, The Creator",2013-04-01,230090,72,TRUE,tcgbb1ix1h1h974y7pakbtpr2,2026-09-01T20:30:18Z,,Odd Future,0.352,0.838,8,-6.465,0,0.0496,0.00329,0.00000574,0.115,0.475,72.291,4
spotify:track:1pPIpBWyQu3gI2FSkyRiz7,Drive Me Crazy,Drive Me Crazy,Myles Lloyd,2024-11-08,162500,0,TRUE,tcgbb1ix1h1h974y7pakbtpr2,2026-09-01T20:30:18Z,,Independent,0.75,0.646,9,-4.795,0,0.0547,0.213,0,0.134,0.546,144.053,4
spotify:track:4S4Mfvv03M1cHgIOJcbUCL,In My Room,In My Room,Frank Ocean,2019-11-02,133680,72,TRUE,tcgbb1ix1h1h974y7pakbtpr2,2026-09-01T20:30:18Z,,Blonded,0.861,0.647,7,-7.425,1,0.0675,0.594,0.661,0.114,0.67,158.037,4
spotify:track:4SqWKzw0CbA05TGszDgMlc,I Love You So,I Love You So,The Walters,2014-11-28,160239,89,FALSE,tcgbb1ix1h1h974y7pakbtpr2,2026-09-01T20:30:18Z,,Warner Records,0.575,0.648,10,-4.891,1,0.0358,0.583,0,0.115,0.466,75.977,4
spotify:track:3cxZT78mZDyLsLPJKcTu3U,Right Side of My Neck,Atlanta Millionaires Club,Faye Webster,2019-05-24,153320,73,FALSE,tcgbb1ix1h1h974y7pakbtpr2,2026-09-01T20:30:18Z,,Secretly Canadian,0.716,0.515,1,-9.073,1,0.0261,0.00116,0.000249,0.326,0.315,117.039,4
spotify:track:1SE81pYo16nzr3vWfNzNlB,delulu,Never Truly Happy,NESYA,2023-12-10,136459,3,TRUE,tcgbb1ix1h1h974y7pakbtpr2,2026-09-01T20:30:18Z,darkwave,NESYA,0.6,0.856,1,-4.863,1,0.0374,0.00022,0,0.28,0.423,96.016,4
spotify:track:11hEwcy9LMEvzAlOYAFhkK,"not a lot, just forever",songs,Adrianne Lenker,2020-10-23,250198,80,FALSE,tcgbb1ix1h1h974y7pakbtpr2,2026-09-01T20:30:18Z,,4AD,0.354,0.269,1,-13.242,1,0.0297,0.885,0.00035,0.0872,0.304,91.608,4
spotify:track:7vgTNTaEz3CsBZ1N4YQalM,Ghost Town,ye,Kanye West;PARTYNEXTDOOR,2018-06-01,271386,83,TRUE,tcgbb1ix1h1h974y7pakbtpr2,2026-09-01T20:30:18Z,"rap,dark r&b,r&b,trap soul","Getting Out Our Dreams, Inc./Def Jam Recordings",0.573,0.545,7,-4.247,0,0.0288,0.0969,0,0.329,0.297,83.378,4
spotify:track:23SZWX2IaDnxmhFsSLvkG2,Gorgeous,My Beautiful Dark Twisted Fantasy,Kanye West;Kid Cudi;Raekwon,2010-11-22,357653,73,TRUE,tcgbb1ix1h1h974y7pakbtpr2,2026-09-01T20:30:18Z,"rap,east coast hip hop,old school hip hop,hardcore hip hop,hip hop,boom bap",Roc-A-Fella,0.598,0.713,6,-3.625,0,0.0326,0.0207,0.000175,0.431,0.118,91.964,4
spotify:track:5TxRUOsGeWeRl3xOML59Ai,ARE WE STILL FRIENDS?,IGOR,"Tyler, The Creator",2019-05-17,265480,84,TRUE,tcgbb1ix1h1h974y7pakbtpr2,2026-09-01T20:30:18Z,,Columbia,0.216,0.497,10,-8.025,1,0.0371,0.128,0.00000239,0.111,0.313,187.308,3
spotify:track:59c2xv2kMzYM6HR9oY6BIa,Sweet Boy,Sweet Boy,Malcolm Todd,2024-04-05,180000,89,TRUE,tcgbb1ix1h1h974y7pakbtpr2,2026-09-01T20:30:18Z,,Columbia,0.774,0.371,5,-9.54,0,0.0309,0.367,0.00000275,0.298,0.707,88.013,4
spotify:track:0fv2KH6hac06J86hBUTcSf,NEW MAGIC WAND,IGOR,"Tyler, The Creator",2019-05-17,195327,79,TRUE,tcgbb1ix1h1h974y7pakbtpr2,2026-09-01T20:30:18Z,,Columbia,0.621,0.73,5,-5.414,0,0.107,0.0967,0.000131,0.673,0.464,139.566,4
spotify:track:0VaeksJaXy5R1nvcTMh3Xk,"Darling, I (feat. Teezo Touchdown)",CHROMAKOPIA,"Tyler, The Creator;Teezo Touchdown",2024-10-28,253834,74,TRUE,tcgbb1ix1h1h974y7pakbtpr2,2026-09-01T20:30:18Z,,Columbia,0.373,0.818,3,-3.19,0,0.102,0.36,0,0.434,0.361,97.571,4
spotify:track:35Ay2m4VP3U4iS3lIHSEAU,stay or go?,stay or go?,CThruRio,2023-02-14,212297,20,TRUE,tcgbb1ix1h1h974y7pakbtpr2,2026-09-01T20:30:18Z,hyperpop,CThruRio,0.441,0.892,4,-1.955,0,0.157,0.19,0,0.653,0.595,200.166,4
spotify:track:1Is8hGpkGMiePASAxBluxM,16,The Melodic Blue,Baby Keem,2021-09-10,156040,77,TRUE,tcgbb1ix1h1h974y7pakbtpr2,2026-09-01T20:30:18Z,,Columbia,0.701,0.782,1,-4.987,1,0.138,0.0918,0.00000231,0.124,0.57,94.03,4
spotify:track:3gPYoFtn70aTgl546XVSET,Chest Pain (I Love),Chest Pain (I Love),Malcolm Todd,2024-12-04,200826,75,FALSE,tcgbb1ix1h1h974y7pakbtpr2,2026-09-01T20:30:18Z,,Columbia,0.583,0.615,4,-5.202,0,0.0361,0.0235,0,0.237,0.403,150.087,3
spotify:track:2cFGv8v5DcbJXHEdzouFne,Remember Me (Lullaby),Coco (Original Motion Picture Soundtrack),Gael Garcia Bernal;Gabriella Flores;Libertad García Fonzi,2017-11-10,69813,72,FALSE,tcgbb1ix1h1h974y7pakbtpr2,2026-09-01T20:30:18Z,,Walt Disney Records,0.533,0.0556,0,-19.915,1,0.0481,0.922,0.00024,0.11,0.274,92.65,4
spotify:track:5FxVTEpoBress37MmlMhbZ,By Design,"Passion, Pain & Demon Slayin'",Kid Cudi;André Benjamin,2016-12-16,257053,64,TRUE,tcgbb1ix1h1h974y7pakbtpr2,2026-09-01T20:30:18Z,,Wicked Awesome/Kid Cudi,0.757,0.85,9,-5.885,0,0.0537,0.0559,0.000812,0.111,0.416,100.003,4
spotify:track:7eqoqGkKwgOaWNNHx90uEZ,Nights,Blonde,Frank Ocean,2016-08-20,307151,87,TRUE,tcgbb1ix1h1h974y7pakbtpr2,2026-09-01T20:30:18Z,,Boys Don't Cry,0.457,0.551,5,-9.36,0,0.167,0.427,0.00000115,0.113,0.428,89.87,4
spotify:track:1QL7nSDZCwZMnbisV4KOXt,t r a n s p a r e n t s o u l feat. Travis Barker,t r a n s p a r e n t s o u l feat. Travis Barker,WILLOW;Travis Barker,2021-04-27,168030,65,TRUE,tcgbb1ix1h1h974y7pakbtpr2,2026-09-01T20:30:18Z,rap rock,"MSFTSMusic / Roc Nation Records, LLC",0.39,0.83,11,-5.201,0,0.0563,0.0021,0,0.156,0.191,90.021,4
spotify:track:0bmVH05tjN9jVh3kB1TfpR,In This Darkness,In This Darkness,Clara La San,2023-01-29,197000,79,FALSE,tcgbb1ix1h1h974y7pakbtpr2,2026-09-01T20:30:18Z,,CLS Music,0.647,0.228,2,-19.288,1,0.0668,0.841,0.00149,0.108,0.189,119.828,4
spotify:track:6jNO5K5erwez6d2Jl82e6o,IN THE DARKNESS - Slowed & Reverb,IN THE DARKNESS,DXSTINY;HOOL,2023-04-07,134769,48,FALSE,tcgbb1ix1h1h974y7pakbtpr2,2026-09-01T20:30:18Z,nightcore,Goost Music,0.687,0.337,4,-15.727,0,0.0341,0.288,0.0539,0.191,0.0383,116.068,4
spotify:track:6vwUnlOycgm21T6qKn8jxf,Let You Go,Let You Go,Clara La San,2017-11-24,172000,77,FALSE,tcgbb1ix1h1h974y7pakbtpr2,2026-09-01T20:30:18Z,,CLS Music,0.543,0.176,9,-19.069,0,0.0629,0.713,0.00000107,0.148,0.535,135.059,4
spotify:track:6TzsR37ZfLTEiJbK0rNaBd,Unplanned,Unplanned,Clara La San,2024-11-19,170500,54,TRUE,tcgbb1ix1h1h974y7pakbtpr2,2026-09-01T20:30:18Z,,CLS Music,0.488,0.303,9,-14.18,0,0.139,0.722,0.000509,0.108,0.149,120.043,4
spotify:track:40jxatV29fk82SAziDsPqN,Rose Golden,"Passion, Pain & Demon Slayin'",Kid Cudi;WILLOW,2016-12-16,277813,56,TRUE,tcgbb1ix1h1h974y7pakbtpr2,2026-09-01T20:30:18Z,,Wicked Awesome/Kid Cudi,0.594,0.762,9,-7.951,0,0.09,0.426,0,0.085,0.588,139.934,4
spotify:track:4lriIG2vNqwDWzOj2I9rtj,Ma Meilleure Ennemie - from the series Arcane League of Legends,Ma Meilleure Ennemie (from the series Arcane League of Legends),Stromae;Pomme;Arcane,2024-11-23,147973,76,FALSE,tcgbb1ix1h1h974y7pakbtpr2,2026-09-01T20:30:18Z,"french pop,score",Riot Games,0.678,0.604,4,-7.926,0,0.0962,0.00465,0.000936,0.278,0.374,88,4
spotify:track:6WSBZroxQaO3FYEpT2ACFH,Baptized In Fire,"Passion, Pain & Demon Slayin'",Kid Cudi;Travis Scott,2016-12-16,285520,56,TRUE,tcgbb1ix1h1h974y7pakbtpr2,2026-09-01T20:30:18Z,rap,Wicked Awesome/Kid Cudi,0.673,0.611,4,-8.385,0,0.191,0.606,0.0179,0.116,0.754,152.059,4
spotify:track:62Mre4mWZkOGjau4UQtFUV,The Guide,"Passion, Pain & Demon Slayin'",Kid Cudi;André Benjamin,2016-12-16,306440,40,TRUE,tcgbb1ix1h1h974y7pakbtpr2,2026-09-01T20:30:18Z,,Wicked Awesome/Kid Cudi,0.759,0.528,10,-11.438,0,0.0718,0.747,0.0158,0.0965,0.571,119.992,4
spotify:track:1uHb5qa69lHLcFT38fIfUG,Surfin',"Passion, Pain & Demon Slayin'",Kid Cudi;Pharrell Williams,2016-12-16,375013,50,TRUE,tcgbb1ix1h1h974y7pakbtpr2,2026-09-01T20:30:18Z,,Wicked Awesome/Kid Cudi,0.531,0.687,7,-6.173,1,0.0754,0.0349,0.0241,0.112,0.462,130.016,4
spotify:track:6dBUzqjtbnIa1TwYbyw5CM,Lovers Rock,French Exit,TV Girl,2014-06-05,213920,90,FALSE,tcgbb1ix1h1h974y7pakbtpr2,2026-09-01T20:30:18Z,,TV Girl,0.559,0.871,5,-5.338,0,0.0397,0.00000753,0.00545,0.096,0.572,104.97,4
spotify:track:5xA5MggKc3aQxuOzNzPUWB,Apple Cider,Loveworm,beabadoobee,2019-04-26,178918,80,TRUE,tcgbb1ix1h1h974y7pakbtpr2,2026-09-01T20:30:18Z,bedroom pop,Dirty Hit,0.492,0.921,2,-3.939,1,0.032,0.082,0.0114,0.301,0.679,138.008,4
spotify:track:2uZ6JeQqRFo6vmSiK6dHE9,I Think I Should,The Lo-Fis,Steve Lacy,2020-12-04,99253,64,FALSE,tcgbb1ix1h1h974y7pakbtpr2,2026-09-01T20:30:18Z,,L-M Records,0.641,0.547,6,-6.921,0,0.0268,0.588,0.0027,0.161,0.902,96.6,4
spotify:track:7vTENp2sLS3sPY5z4npYNr,Headlock,Speak for Yourself,Imogen Heap,2005-07-18,215481,2,FALSE,tcgbb1ix1h1h974y7pakbtpr2,2026-09-01T20:30:18Z,,Sony BMG Music UK,0.805,0.371,7,-10.721,0,0.0352,0.8,0,0.12,0.808,119.974,4
spotify:track:64ExJzoyMpukUi0kBPAqhN,What I Like - Slowed,What I Like,yungfuego;Slvmbrs,2024-12-17,118754,49,TRUE,tcgbb1ix1h1h974y7pakbtpr2,2026-09-01T20:30:18Z,jersey club,yungfuego,0.528,0.52,1,-11.096,1,0.057,0.116,0.00106,0.129,0.198,178.824,4
spotify:track:5rurggqwwudn9clMdcchxT,"Calling (Spider-Man: Across the Spider-Verse) (Metro Boomin & Swae Lee, NAV, feat. A Boogie Wit da Hoodie)",METRO BOOMIN PRESENTS SPIDER-MAN: ACROSS THE SPIDER-VERSE (SOUNDTRACK FROM AND INSPIRED BY THE MOTION PICTURE),Metro Boomin;Swae Lee;NAV;A Boogie Wit da Hoodie,2023-06-02,219453,75,FALSE,tcgbb1ix1h1h974y7pakbtpr2,2026-09-01T20:30:18Z,melodic rap,Republic Records,0.636,0.537,0,-7.902,1,0.0817,0.481,0,0.113,0.199,140.133,4
spotify:track:0AAMnNeIc6CdnfNU85GwCH,Self Love (Spider-Man: Across the Spider-Verse) (Metro Boomin & Coi Leray),METRO BOOMIN PRESENTS SPIDER-MAN: ACROSS THE SPIDER-VERSE (SOUNDTRACK FROM AND INSPIRED BY THE MOTION PICTURE),Metro Boomin;Coi Leray,2023-06-02,189466,78,FALSE,tcgbb1ix1h1h974y7pakbtpr2,2026-09-01T20:30:18Z,,Republic Records,0.751,0.3,4,-9.404,0,0.0584,0.199,0.000341,0.127,0.0551,120.097,4
spotify:track:3xMnPIvsaWwzHzqqzaihEX,"Nonviolent Communication (Metro Boomin & James Blake, A$AP Rocky, 21 Savage)",METRO BOOMIN PRESENTS SPIDER-MAN: ACROSS THE SPIDER-VERSE (SOUNDTRACK FROM AND INSPIRED BY THE MOTION PICTURE),Metro Boomin;James Blake;A$AP Rocky;21 Savage,2023-06-02,209533,63,FALSE,tcgbb1ix1h1h974y7pakbtpr2,2026-09-01T20:30:18Z,rap,Republic Records,0.858,0.371,1,-9.117,1,0.129,0.243,0.000172,0.121,0.072,123.62,4
spotify:track:6HexNTb392JS071DoTGo0y,Hummingbird (Metro Boomin & James Blake),METRO BOOMIN PRESENTS SPIDER-MAN: ACROSS THE SPIDER-VERSE (SOUNDTRACK FROM AND INSPIRED BY THE MOTION PICTURE),Metro Boomin;James Blake,2023-06-02,319493,71,FALSE,tcgbb1ix1h1h974y7pakbtpr2,2026-09-01T20:30:18Z,,Republic Records,0.596,0.63,6,-7.807,1,0.102,0.378,0.00407,0.19,0.24,81.408,4
spotify:track:6UuqotWnq3jkjWqOn6aEkC,Bout It,JMSN,JMSN,2014-12-09,394400,0,FALSE,tcgbb1ix1h1h974y7pakbtpr2,2026-09-01T20:30:18Z,,White Room Records,0.631,0.317,11,-11.053,0,0.0313,0.273,0.142,0.13,0.0882,110.01,4
spotify:track:0TZejo18HlJ86OrWNsXKnw,Mrs Magic,Mrs Magic,Strawberry Guy,2019-07-24,208500,83,FALSE,tcgbb1ix1h1h974y7pakbtpr2,2026-09-01T20:30:18Z,bedroom pop,Melodic,0.471,0.634,8,-7.406,1,0.031,0.159,0.365,0.374,0.366,132.542,4
spotify:track:12ILYlOEfWL8ei0BEgFJn0,N Side,Apollo XXI,Steve Lacy,2019-05-24,224444,75,FALSE,tcgbb1ix1h1h974y7pakbtpr2,2026-09-01T20:30:18Z,,3qtr,0.838,0.535,11,-6.303,0,0.0432,0.0714,0.000302,0.208,0.894,119.946,4
spotify:track:4gT3mNJA8lnlkYFqGZ8IA2,Small Worlds,Swimming,Mac Miller,2018-08-03,271733,79,TRUE,tcgbb1ix1h1h974y7pakbtpr2,2026-09-01T20:30:18Z,,Warner Records,0.516,0.546,5,-9.105,1,0.249,0.814,0.0000045,0.0995,0.515,78.267,4
spotify:track:3s7MCdXyWmwjdcWh7GWXas,Violent Crimes,ye,Kanye West,2018-06-01,215320,82,TRUE,tcgbb1ix1h1h974y7pakbtpr2,2026-09-01T20:30:18Z,rap,"Getting Out Our Dreams, Inc./Def Jam Recordings",0.669,0.419,1,-6.724,0,0.522,0.376,0,0.187,0.0397,109.813,4
spotify:track:6MEDfjHxnVNcYmHe3mM6L2,Sweet Life,channel ORANGE,Frank Ocean,2012-07-10,262680,74,TRUE,tcgbb1ix1h1h974y7pakbtpr2,2026-09-01T20:30:18Z,,Red Zone Entertainment / IDJ,0.479,0.558,11,-6.074,1,0.179,0.227,0,0.0808,0.8,83.465,4
spotify:track:4f8Mh5wuWHOsfXtzjrJB3t,I THINK,IGOR,"Tyler, The Creator",2019-05-17,212016,73,TRUE,tcgbb1ix1h1h974y7pakbtpr2,2026-09-01T20:30:18Z,,Columbia,0.826,0.579,8,-8.241,0,0.0801,0.00881,0,0.129,0.431,121.075,4
spotify:track:5GUYJTQap5F3RDQiCOJhrS,Self Control,Blonde,Frank Ocean,2016-08-20,249667,81,FALSE,tcgbb1ix1h1h974y7pakbtpr2,2026-09-01T20:30:18Z,,Boys Don't Cry,0.581,0.21,8,-10.426,1,0.0321,0.768,0,0.369,0.452,80.099,4
spotify:track:1SniLCGHvhHJAiGe3hLboq,Green Garden,Sing to the Moon,Laura Mvula,2013-03-04,249533,44,FALSE,tcgbb1ix1h1h974y7pakbtpr2,2026-09-01T20:30:18Z,neo soul,RCA Records Label,0.708,0.697,1,-6.959,0,0.027,0.0766,0.0000168,0.104,0.268,106.001,4
spotify:track:17sPXQa8bT24ToCYHXuQXI,‘87 Stingray,Alone At Prom,Tory Lanez,2021-12-10,141333,68,FALSE,tcgbb1ix1h1h974y7pakbtpr2,2026-09-01T20:30:18Z,,One Umbrella Records,0.498,0.931,10,-6.182,0,0.0737,0.139,0.00000465,0.111,0.731,193.434,3
spotify:track:4ZJKi7HXFDG2emN6xIdbmV,"Heartbeat, Heartbreak",ペルソナ4 オリジナル・サウンドトラック,Shihoko Hirata,2008-07-23,135226,69,FALSE,tcgbb1ix1h1h974y7pakbtpr2,2026-09-01T20:30:18Z,japanese vgm,アニプレックス,0.826,0.716,5,-9.121,0,0.0649,0.0865,0.00000462,0.11,0.692,100.012,4
spotify:track:7CH99b2i1TXS5P8UUyWtnM,Them Changes,Drunk,Thundercat,2017-02-24,188453,74,FALSE,tcgbb1ix1h1h974y7pakbtpr2,2026-09-01T20:30:18Z,,Brainfeeder,0.657,0.562,8,-8.6,1,0.0601,0.54,0.00143,0.101,0.704,81.657,4
spotify:track:1YxQxV5sKZN1TgVpXl5MLA,Dreamer,Bewitched,Laufey,2023-09-08,210826,71,FALSE,tcgbb1ix1h1h974y7pakbtpr2,2026-09-01T20:30:18Z,,Laufey,0.613,0.146,2,-11.211,1,0.0394,0.954,0,0.0857,0.413,117.075,4
spotify:track:2gHQ7upBrDEFOZZTO6ktbZ,Pluto’s Last Comet,Alone At Prom,Tory Lanez,2021-12-10,211323,62,FALSE,tcgbb1ix1h1h974y7pakbtpr2,2026-09-01T20:30:18Z,,One Umbrella Records,0.672,0.714,5,-7.545,0,0.0332,0.00958,0,0.191,0.686,115.977,4
spotify:track:1au2UduxcvHfa0fZS3Szci,Lavender Sunflower,Alone At Prom,Tory Lanez,2021-12-10,151966,77,FALSE,tcgbb1ix1h1h974y7pakbtpr2,2026-09-01T20:30:18Z,,One Umbrella Records,0.607,0.735,4,-6.065,0,0.095,0.253,0,0.11,0.964,88.894,4
spotify:track:0p7Ea0PaqVqxLc6mQwYgDZ,Never More,ペルソナ4 オリジナル・サウンドトラック,Shihoko Hirata,2008-07-23,400346,54,FALSE,tcgbb1ix1h1h974y7pakbtpr2,2026-09-01T20:30:18Z,japanese vgm,アニプレックス,0.769,0.78,5,-5.976,0,0.0271,0.0131,0.0000345,0.242,0.779,93.007,4
spotify:track:5B0eOSSKOoO6MZzqt9Zasx,Pursuing My True Self,ペルソナ4 オリジナル・サウンドトラック,Shihoko Hirata,2008-07-23,86053,56,FALSE,tcgbb1ix1h1h974y7pakbtpr2,2026-09-01T20:30:18Z,japanese vgm,アニプレックス,0.8,0.814,3,-5.442,0,0.0715,0.0265,0.0294,0.313,0.972,119.018,4
spotify:track:5vPUv0xziXbV4lnWeVNXNq,Roommates,Sweet Boy,Malcolm Todd,2024-04-05,214504,88,FALSE,tcgbb1ix1h1h974y7pakbtpr2,2026-09-01T20:30:18Z,,Columbia,0.755,0.292,0,-13.611,0,0.0311,0.619,0.00000134,0.114,0.437,110.005,4
spotify:track:2K7zaTAcTUXJseGQiIje6S,Out of Bounds,Demos Before Prom,Malcolm Todd,2022-05-15,100588,65,FALSE,tcgbb1ix1h1h974y7pakbtpr2,2026-09-01T20:30:18Z,,Columbia,0.745,0.492,7,-9.918,1,0.198,0.409,0.0000335,0.269,0.631,85.007,4
spotify:track:0OuOPYd05eORfLw94apb8j,Street by Street,Street by Street,Laufey,2020-04-06,224098,64,FALSE,tcgbb1ix1h1h974y7pakbtpr2,2026-09-01T20:30:18Z,,Laufey,0.694,0.279,0,-10.871,1,0.0546,0.87,0.00000249,0.137,0.216,82.068,4
spotify:track:0XQFACvy0OCADmCIgHNtXJ,FEELINGS ON SILENT (feat. Wale),MUTT,Leon Thomas;Wale,2024-09-27,209182,57,TRUE,tcgbb1ix1h1h974y7pakbtpr2,2026-09-01T20:30:18Z,,EZMNY Records/Motown Records,0.409,0.452,5,-8.281,0,0.053,0.481,0.0000753,0.199,0.431,77.393,4
spotify:track:2xC3aQCmwgsW7ChDlJxLca,Back On 74,Back On 74,Jungle,2023-07-27,209482,0,FALSE,tcgbb1ix1h1h974y7pakbtpr2,2026-09-01T20:30:18Z,,Caiola Records,0.62,0.761,10,-7.282,0,0.175,0.207,0.000147,0.269,0.194,146.003,4
spotify:track:5aHf55DDPLGvrJNTleDk0x,Dominoes,Back On 74,Jungle,2023-07-27,177520,0,FALSE,tcgbb1ix1h1h974y7pakbtpr2,2026-09-01T20:30:18Z,,Caiola Records,0.689,0.952,2,-5.249,0,0.114,0.113,0.78,0.298,0.415,107.978,4
spotify:track:3gDpuaQWWciAyttVI0NXhD,Sore Throat,Sweet Boy,Malcolm Todd,2024-04-05,175200,68,FALSE,tcgbb1ix1h1h974y7pakbtpr2,2026-09-01T20:30:18Z,,Columbia,0.685,0.828,7,-5.704,1,0.0514,0.534,0.0051,0.226,0.192,99.99,4
spotify:track:5gUVdjfPWoaKoRiEMHBX6P,Back in the Day - Remix,Ahmad,Ahmad Lewis,1994-05-20,303373,56,FALSE,tcgbb1ix1h1h974y7pakbtpr2,2026-09-01T20:30:18Z,"old school hip hop,west coast hip hop",Giant,0.63,0.641,10,-6.67,0,0.369,0.342,0,0.588,0.541,79.523,4
spotify:track:4a6hoWqynSPHdMvU92saog,Yesterday,Yesterday,marQ,2025-02-14,121230,32,FALSE,tcgbb1ix1h1h974y7pakbtpr2,2026-09-01T20:30:18Z,indie r&b,Hayden Inc.,0.432,0.463,9,-6.741,1,0.0961,0.491,0.00000889,0.0764,0.258,195.855,4
spotify:track:2Lumsra3kuU61wXkEKzKaK,Disco,Disco,Surf Curse,2019-06-12,152760,82,FALSE,tcgbb1ix1h1h974y7pakbtpr2,2026-09-01T20:30:18Z,indie,Surf Curse,0.473,0.621,11,-8.698,0,0.0291,0.0253,0.000366,0.19,0.782,173.083,4
spotify:track:41SwdQIX8Hy2u6fuEDgvWr,10% (feat. Kali Uchis),BUBBA,KAYTRANADA;Kali Uchis,2019-12-13,186680,68,TRUE,tcgbb1ix1h1h974y7pakbtpr2,2026-09-01T20:30:18Z,,KAYTRANADA/RCA Records,0.794,0.757,6,-6.644,0,0.123,0.0267,0.000306,0.0621,0.615,107.99,4
spotify:track:0fVL6EBaQ2X12qQLiFgyg2,You Owe Me,Two New Malcolm Todd Songs,Malcolm Todd,2024-09-27,220645,80,FALSE,tcgbb1ix1h1h974y7pakbtpr2,2026-09-01T20:30:18Z,,Columbia,0.801,0.737,11,-5.96,0,0.031,0.0401,0.0000523,0.318,0.813,124.031,4
spotify:track:5p3ckKoVpUi51ByUmA1vfT,Bleed (feat. Omar Apollo),Bleed (feat. Omar Apollo),Malcolm Todd;Omar Apollo,2025-02-28,179373,67,FALSE,tcgbb1ix1h1h974y7pakbtpr2,2026-09-01T20:30:18Z,bedroom pop,Columbia,0.726,0.574,9,-6.586,0,0.0297,0.00296,0.00465,0.396,0.509,124.326,4
spotify:track:1musbempyJAw5gfSKZHXP9,Anxiety,Anxiety,Doechii,2025-03-05,249302,79,TRUE,tcgbb1ix1h1h974y7pakbtpr2,2026-09-01T20:30:18Z,,Top Dawg Entertainment/Capitol Records,0.808,0.594,0,-6.838,1,0.0373,0.338,0.00054,0.105,0.888,129.023,4
spotify:track:3dAk7Z16rv38qRM3MIhCIX,Comfort Me,Comfort Me,Malcolm Todd,2024-11-01,171111,69,TRUE,tcgbb1ix1h1h974y7pakbtpr2,2026-09-01T20:30:18Z,,Columbia,0.858,0.577,1,-6.209,0,0.0344,0.289,0.0108,0.268,0.81,108.017,4
spotify:track:6kx16R0LMAyoXDvGqddZFy,LoveHate Thing (feat. Sam Dew),The Gifted,Wale;Sam Dew,2013-06-25,267400,73,TRUE,tcgbb1ix1h1h974y7pakbtpr2,2026-09-01T20:30:18Z,,MMG/Atlantic,0.736,0.691,8,-6.118,1,0.169,0.0771,0,0.0422,0.18,99.954,4
spotify:track:0mRbKcvmbbUtfFyfeFHCJa,Sunshine (feat. Fousheé),Sunshine (feat. Fousheé),Steve Lacy;Fousheé,2022-07-13,293426,64,FALSE,tcgbb1ix1h1h974y7pakbtpr2,2026-09-01T20:30:18Z,indie r&b,L-M Records/RCA Records,0.695,0.69,1,-5.805,0,0.0233,0.0328,0.697,0.113,0.741,92.977,4
spotify:track:2VrkwoZrSpGG9I865zqZQi,Sober,Kauai,Childish Gambino,2014-10-03,252013,51,FALSE,tcgbb1ix1h1h974y7pakbtpr2,2026-09-01T20:30:18Z,,Glassnote - VMG,0.701,0.592,0,-6.646,1,0.0301,0.101,0.0000255,0.551,0.421,98.065,4
spotify:track:6nXiaXqSZAJuOG6q66mZV1,Lil Baby Crush,Lil Baby Crush,Jordan Ward,2021-09-08,141520,58,TRUE,tcgbb1ix1h1h974y7pakbtpr2,2026-09-01T20:30:18Z,alternative r&b,"ARTium Recordings, LLC/Interscope Records",0.858,0.435,6,-9.611,0,0.116,0.566,0.0893,0.106,0.824,136.891,4
spotify:track:2k9cIkCVD4zotzFL6xj6hg,"Player Two - From ""Don't Tell Mom The Babysitter's Dead""","Player Two (From ""Don't Tell Mom The Babysitter's Dead"")",Jordan Ward,2024-04-12,158057,57,FALSE,tcgbb1ix1h1h974y7pakbtpr2,2026-09-01T20:30:18Z,alternative r&b,"ARTium Recordings, LLC/Interscope Records",0.907,0.654,5,-4.259,0,0.0472,0.332,0.000297,0.0285,0.968,131.061,4
spotify:track:7piMQmCeoMwT3jwJcLroN3,WHITE CROCS (with Ryan Trey),moreward(FORWARD),Jordan Ward;Ryan Trey,2023-08-25,147773,58,TRUE,tcgbb1ix1h1h974y7pakbtpr2,2026-09-01T20:30:18Z,"alternative r&b,dark r&b,trap soul","ARTium Recordings, LLC/Interscope Records",0.707,0.429,1,-9.486,1,0.0305,0.585,0.000326,0.25,0.111,92.032,4
spotify:track:0k4S8MgCg1CKWUy5hNV8GA,CHERIMOYA - BONUS,FORWARD,Jordan Ward,2023-03-03,129080,49,TRUE,tcgbb1ix1h1h974y7pakbtpr2,2026-09-01T20:30:18Z,alternative r&b,"ARTium Recordings, LLC/Interscope Records",0.515,0.324,1,-13.517,0,0.0679,0.885,0.00373,0.156,0.387,84.984,4
spotify:track:16jl1W58vcK8Jd5ZGbvd5f,"Pro Freak (with Doechii, Fatman Scoop)",Luv 4 Rent,Smino;Doechii;Fatman Scoop,2022-10-28,268667,57,TRUE,tcgbb1ix1h1h974y7pakbtpr2,2026-09-01T20:30:18Z,,Motown Records,0.497,0.647,10,-6.249,0,0.462,0.264,0.00000615,0.175,0.205,74.993,4
spotify:track:4ZaRg5Sf4TKr0YcFRLh7QJ,Love Affair,Love Language,UMI,2019-10-30,190960,62,FALSE,tcgbb1ix1h1h974y7pakbtpr2,2026-09-01T20:30:18Z,,Loud Robot/RCA Records,0.613,0.488,8,-7.37,1,0.0964,0.129,0.0000213,0.335,0.183,172.076,4
spotify:track:18bKMkRHKCYnPyWORsaX1Z,pretty ho3,pretty ho3,ilyTOMMY,2025-01-24,73812,63,TRUE,tcgbb1ix1h1h974y7pakbtpr2,2026-09-01T20:30:18Z,,ilyTOMMY,0.856,0.565,1,-8.873,1,0.229,0.0523,0.000124,0.137,0.617,92.029,4
spotify:track:3EaJDYHA0KnX88JvDhL9oa,Dark Red,Dark Red,Steve Lacy,2017-02-20,173104,88,FALSE,tcgbb1ix1h1h974y7pakbtpr2,2026-09-01T20:30:18Z,,Three Quarter,0.603,0.784,6,-4.023,1,0.062,0.446,0.00000832,0.119,0.769,172.041,4
spotify:track:5bgwqaRSS3M8WHWruHgSL5,8TEEN,American Teen,Khalid,2017-04-27,228593,76,FALSE,tcgbb1ix1h1h974y7pakbtpr2,2026-09-01T20:30:18Z,,"Right Hand Music Group, LLC/RCA Records",0.83,0.585,1,-5.802,1,0.0366,0.225,0.00209,0.0576,0.642,105.03,4
spotify:track:3znIACSXPLn3HFCf7moZ28,It's Going Down Now,Persona 3 Reload Original Soundtrack,Azumi Takahashi;Lotus Juice;ATLUS Sound Team;ATLUS GAME MUSIC,2024-04-24,186093,77,FALSE,tcgbb1ix1h1h974y7pakbtpr2,2026-09-01T20:30:18Z,"japanese vgm,soundtrack",ATLUS GAME MUSIC,0.483,0.952,1,-5.747,0,0.0531,0.00151,0.000265,0.291,0.798,83.977,4
spotify:track:4pjFNyjGaoKgLTnndISP6V,Color Your Night,Persona 3 Reload Original Soundtrack,Lotus Juice;Azumi Takahashi;ATLUS Sound Team;ATLUS GAME MUSIC,2024-04-24,227240,73,FALSE,tcgbb1ix1h1h974y7pakbtpr2,2026-09-01T20:30:18Z,"japanese vgm,soundtrack",ATLUS GAME MUSIC,0.666,0.758,1,-9.355,1,0.0303,0.34,0.0159,0.188,0.933,95.028,4
spotify:track:0hta2Lb2zKJ7kEnAEZEE3G,Nope your too late i already died,suburban daredevil,wifiskeleton;i wanna be a jack-o-lantern,2024-10-22,90067,87,FALSE,tcgbb1ix1h1h974y7pakbtpr2,2026-09-01T20:30:18Z,,9th St. / Hallwood,0.704,0.597,4,-10.458,0,0.036,0.105,0.00835,0.264,0.978,119.993,4
spotify:track:3PFaFVWq5wucLu6s4baj9D,Girl (feat. KAYTRANADA),Ego Death,The Internet;KAYTRANADA,2015-06-26,416322,66,TRUE,tcgbb1ix1h1h974y7pakbtpr2,2026-09-01T20:30:18Z,"neo soul,alternative r&b",Odd Future,0.568,0.42,7,-11.169,0,0.276,0.536,0.124,0.101,0.453,79.89,4
spotify:track:4mM1CFAKlGCgp4RQ2YtUaF,Soleil,Violet High,80purppp,2019-12-06,109295,60,TRUE,tcgbb1ix1h1h974y7pakbtpr2,2026-09-01T20:30:18Z,,Under exclusive license to Amuseio AB,0.732,0.483,6,-13.656,1,0.13,0.742,0.326,0.107,0.464,126.053,4
spotify:track:7fBEKUqgWEVjvS3Wq3Qqg0,ROCK OUT IN MY JAMMIES,ROCK OUT IN MY JAMMIES,DØLØ VØÑ,2024-07-12,96000,64,TRUE,tcgbb1ix1h1h974y7pakbtpr2,2026-09-01T20:30:18Z,jersey club,DØLØ VØÑ,0.64,0.793,5,-7.6,1,0.0545,0.374,0,0.129,0.894,92.55,4
spotify:track:0MR7Cb6TlNaQgs0vXDaK0W,soulless,soulless,sosocamo,2025-01-21,128306,52,TRUE,tcgbb1ix1h1h974y7pakbtpr2,2026-09-01T20:30:18Z,,broke,0.796,0.479,1,-9.967,1,0.0948,0.321,0,0.0996,0.377,125.444,4
spotify:track:6t9lRK5tRcwzoild6lVHir,34.0522° N,UltraViolet,80purppp,2020-03-29,118803,53,TRUE,tcgbb1ix1h1h974y7pakbtpr2,2026-09-01T20:30:18Z,,80purppp under exclusive license to Amuseio AB,0.487,0.359,9,-16.571,0,0.172,0.594,0.86,0.107,0.245,90.002,4
spotify:track:2RDnmrGR0F1Z25g4KENnZQ,affection,TNT,Jaybexo,2023-07-28,145136,50,TRUE,tcgbb1ix1h1h974y7pakbtpr2,2026-09-01T20:30:18Z,,Jaybexo,0.782,0.526,1,-11.609,1,0.331,0.129,0.000367,0.0732,0.613,140.006,4
spotify:track:0M1Yr4CBaipICai8cWXiDZ,9:09,9:09,Ze66y;Blocktane,2025-01-24,124892,0,FALSE,tcgbb1ix1h1h974y7pakbtpr2,2026-09-01T20:30:18Z,"dark ambient,lo-fi",Ze66y Media LLC,0.749,0.486,2,-9.936,1,0.039,0.289,0.00118,0.119,0.326,123.005,4
spotify:track:11gdbJcwyy7mgOrhArwi1D,Cheer Me On,Cheer Me On,Malcolm Todd,2025-03-28,257786,58,FALSE,tcgbb1ix1h1h974y7pakbtpr2,2026-09-01T20:30:18Z,,Columbia,0.429,0.519,4,-8.31,1,0.0286,0.443,0.000195,0.196,0.252,180.079,4
spotify:track:35D1RA5uVFVhMc1qX80TaQ,Balloon (feat. Doechii),CHROMAKOPIA,"Tyler, The Creator;Doechii",2024-10-28,154261,71,TRUE,tcgbb1ix1h1h974y7pakbtpr2,2026-09-01T20:30:18Z,,Columbia,0.437,0.868,6,-3.03,1,0.112,0.731,0,0.234,0.475,111.774,4
spotify:track:2QdcmNlQdW8iA4JEg29cgx,strangers,strangers,proderics;melodybloom,2024-03-16,135192,4,FALSE,tcgbb1ix1h1h974y7pakbtpr2,2026-09-01T20:30:18Z,,svnlift records,0.668,0.634,4,-9.589,0,0.0282,0.729,0.353,0.097,0.776,134.004,4
spotify:track:4kjI1gwQZRKNDkw1nI475M,MY EYES,UTOPIA,Travis Scott,2023-07-28,251249,82,TRUE,tcgbb1ix1h1h974y7pakbtpr2,2026-09-01T20:30:18Z,rap,Cactus Jack/Epic,0.455,0.621,0,-7.694,0,0.0517,0.651,0.00000259,0.123,0.28,119.043,4
spotify:track:58k32my5lKofeZRtIvBDg9,HONEST,DIE FOR MY BITCH,Baby Keem,2019-07-19,172672,77,TRUE,tcgbb1ix1h1h974y7pakbtpr2,2026-09-01T20:30:18Z,,Baby Keem LLC,0.676,0.536,2,-8.79,1,0.0432,0.403,0.0000337,0.105,0.373,79.037,4
spotify:track:1To829onYmL63wLNtU7Zm8,4 Leaf Clover (feat. Steve Lacy),Crush EP,Ravyn Lenae;Steve Lacy,2018-02-09,220100,55,TRUE,tcgbb1ix1h1h974y7pakbtpr2,2026-09-01T20:30:18Z,"alternative r&b,indie soul",Atlantic Records/Three Twenty Three Music Group,0.665,0.537,7,-7.847,1,0.132,0.0145,0.00183,0.0663,0.836,154.385,3
spotify:track:2wsa9Re66HqlOkgb3DpnBX,Computer Luv (feat. Steve Lacy),Crush EP,Ravyn Lenae;Steve Lacy,2018-02-09,162063,58,FALSE,tcgbb1ix1h1h974y7pakbtpr2,2026-09-01T20:30:18Z,"alternative r&b,indie soul",Atlantic Records/Three Twenty Three Music Group,0.595,0.44,2,-7.568,1,0.0743,0.0751,0,0.35,0.656,101.912,4
spotify:track:5Hijdt7rmbj9fUJdXEs6Nz,(It Goes Like) Nanana,(It Goes Like) Nanana,Peggy Gou,2023-09-29,367613,73,FALSE,tcgbb1ix1h1h974y7pakbtpr2,2026-09-01T20:30:18Z,,XL Recordings,0.676,0.884,7,-6.16,0,0.0387,0.0546,0.599,0.0318,0.963,130,4
spotify:track:40SBS57su9xLiE1WqkXOVr,Afraid To Feel,Afraid To Feel,LF SYSTEM,2022-05-02,177525,82,FALSE,tcgbb1ix1h1h974y7pakbtpr2,2026-09-01T20:30:18Z,house,Warner Records,0.578,0.912,1,-3.929,1,0.114,0.0166,0.00362,0.273,0.68,127.87,4
spotify:track:1oaaSrDJimABpOdCEbw2DJ,No Ordinary Love,Love Deluxe,Sade,1992-10-26,440466,80,FALSE,tcgbb1ix1h1h974y7pakbtpr2,2026-09-01T20:30:18Z,,Epic,0.629,0.364,11,-12.259,0,0.038,0.467,0.0204,0.0941,0.701,166.266,4
spotify:track:3ld1FzyNgpZwGn4h9cOXrq,Love Me Not (feat. Rex Orange County),Love Me Not (feat. Rex Orange County),Ravyn Lenae;Rex Orange County,2024-10-08,188198,85,FALSE,tcgbb1ix1h1h974y7pakbtpr2,2026-09-01T20:30:18Z,"alternative r&b,indie soul,bedroom pop",Atlantic Records,0.796,0.698,0,-6.947,1,0.0312,0.148,0,0.129,0.794,114.014,4
spotify:track:2x0He9oNZea2wj5XaO4iF6,Concrete,Malcolm Todd,Malcolm Todd,2025-04-04,173200,70,FALSE,tcgbb1ix1h1h974y7pakbtpr2,2026-09-01T20:30:18Z,,Columbia,0.604,0.801,4,-7.737,0,0.106,0.328,0.000416,0.296,0.436,89.944,4
spotify:track:3ODXRUPL44f04cCacwiCLC,i,To Pimp A Butterfly,Kendrick Lamar,2015-03-16,336013,64,TRUE,tcgbb1ix1h1h974y7pakbtpr2,2026-09-01T20:30:18Z,"hip hop,west coast hip hop",Aftermath,0.541,0.809,8,-4.286,1,0.324,0.708,0,0.72,0.753,120.094,4
spotify:track:4NczzeHBQPPDO0B9AAmB8d,Assumptions,IV,Sam Gellaitry,2021-05-13,220838,67,FALSE,tcgbb1ix1h1h974y7pakbtpr2,2026-09-01T20:30:18Z,,FFRR,0.639,0.815,11,-4.718,1,0.221,0.123,0.00113,0.193,0.443,126.055,4
spotify:track:62ooTvljfhysGjIWmhpu9z,A Star Is Born,The Blueprint 3,JAŸ-Z;J. Cole,2009-09-08,226920,51,TRUE,tcgbb1ix1h1h974y7pakbtpr2,2026-09-01T20:30:18Z,"hip hop,east coast hip hop,rap",Roc Nation / Jay-Z,0.659,0.948,1,-1.667,0,0.302,0.0178,0.0000139,0.357,0.458,110.348,4
spotify:track:71oM9w2BbJxzTpxzWIE0lw,Caught Their Eyes,4:44,JAŸ-Z;Frank Ocean,2017-07-07,206133,54,TRUE,tcgbb1ix1h1h974y7pakbtpr2,2026-09-01T20:30:18Z,"hip hop,east coast hip hop,rap",Roc Nation / Jay-Z,0.813,0.837,1,-6.356,1,0.298,0.166,0,0.0835,0.744,84.965,4
spotify:track:67Ca21PiqjzovVSAwBMwUf,IDK WHAT TO TELL YOU,LOVE BLACK,BKTHERULA,2021-10-22,210730,58,TRUE,tcgbb1ix1h1h974y7pakbtpr2,2026-09-01T20:30:18Z,,Warner Records,0.502,0.64,6,-9.702,0,0.0286,0.0313,0.00000216,0.154,0.449,131.551,3
spotify:track:2eRMWLSNBS6yvxNcEbstRJ,MISS ME?,Melody Of A Memory,Eem Triplin,2025-02-17,126666,52,TRUE,tcgbb1ix1h1h974y7pakbtpr2,2026-09-01T20:30:18Z,,Eem Triplin/RCA Records,0.746,0.782,2,-8.027,1,0.29,0.366,0.0183,0.114,0.698,104.955,4
spotify:track:475jSz0H6U3duJyNiDS0tT,Right Now (feat. Pi'erre Bourne),Die Lit,Playboi Carti;Pi’erre Bourne,2018-05-11,207013,68,TRUE,tcgbb1ix1h1h974y7pakbtpr2,2026-09-01T20:30:18Z,"rage rap,melodic rap",AWGE Label,0.687,0.602,6,-5.005,0,0.066,0.138,0,0.203,0.309,78.487,4
spotify:track:5soIZB93fAOG11xJ7OQKrx,VCR,12 Odd Future Songs,"Tyler, The Creator",2011-10-03,208213,58,TRUE,tcgbb1ix1h1h974y7pakbtpr2,2026-09-01T20:30:18Z,,Flog Gnaw Records,0.546,0.891,8,-7.13,0,0.297,0.0587,0.0000595,0.0934,0.292,151.18,4
spotify:track:4qAyNOBPAMIs1oiBe8q94U,Reparations!,epiphany,KA$HDAMI,2021-06-02,62419,0,TRUE,tcgbb1ix1h1h974y7pakbtpr2,2026-09-01T20:30:18Z,,Republic Records,0.582,0.447,9,-11.651,1,0.107,0.819,0.0358,0.0902,0.168,124.286,5
spotify:track:5tlmawprIrrxKnINzQdh5U,SANTANNY,LOVE BLACK,BKTHERULA,2021-10-22,123541,49,TRUE,tcgbb1ix1h1h974y7pakbtpr2,2026-09-01T20:30:18Z,,Warner Records,0.92,0.424,9,-5.24,1,0.226,0.00418,0.00000162,0.164,0.116,134.975,4
spotify:track:3v3gyQkwRQGwDUZ7V2q2lF,WHAT A DAY,CALL ME IF YOU GET LOST: The Estate Sale,"Tyler, The Creator",2023-03-31,216884,63,TRUE,tcgbb1ix1h1h974y7pakbtpr2,2026-09-01T20:30:18Z,,Columbia,0.484,0.828,10,-6.29,0,0.258,0.529,0,0.163,0.769,88.939,4
spotify:track:4JpMIz9WjZw61xnfkdwryW,UH HUH,Love Santana,BKTHERULA,2020-01-11,161910,50,TRUE,tcgbb1ix1h1h974y7pakbtpr2,2026-09-01T20:30:18Z,,Rula Records,0.701,0.608,6,-8.373,0,0.13,0.083,0,0.102,0.529,78.526,4
spotify:track:3RcN17kIelCyGUxaEKVVJS,BELIEVE,LVL5 P1,BKTHERULA,2023-02-17,130285,33,TRUE,tcgbb1ix1h1h974y7pakbtpr2,2026-09-01T20:30:18Z,,Warner Records,0.546,0.447,5,-8.22,0,0.0317,0.0469,0.000305,0.0921,0.081,139.556,4
spotify:track:1hz7SRTGUNAtIQ46qiNv2p,"GONE, GONE / THANK YOU",IGOR,"Tyler, The Creator",2019-05-17,375386,75,TRUE,tcgbb1ix1h1h974y7pakbtpr2,2026-09-01T20:30:18Z,,Columbia,0.518,0.492,10,-8.436,0,0.193,0.216,0.0012,0.146,0.471,78.848,4
spotify:track:5XhMgAWzou6EjDmQtoyoZE,I Love You,Skinty Fia,Fontaines D.C.,2022-04-22,305800,80,TRUE,tcgbb1ix1h1h974y7pakbtpr2,2026-09-01T20:30:18Z,post-punk,Partisan Records,0.632,0.772,4,-7.206,0,0.0319,0.0897,0,0.0679,0.374,114.037,4
spotify:track:6cmt9CRoK0KGcNg9Tpje53,Riot!,Some Rap Songs,Earl Sweatshirt,2018-11-30,66133,64,FALSE,tcgbb1ix1h1h974y7pakbtpr2,2026-09-01T20:30:18Z,"experimental hip hop,alternative hip hop",Tan Cressida/Columbia,0.489,0.624,4,-1.916,0,0.0344,0.834,0.347,0.325,0.574,167.108,4
spotify:track:5k8LB57xOq8UUNVaKWSqrf,Futura Free,Blonde,Frank Ocean,2016-08-20,564165,68,TRUE,tcgbb1ix1h1h974y7pakbtpr2,2026-09-01T20:30:18Z,,Boys Don't Cry,0.266,0.678,1,-12.364,1,0.508,0.769,0.0000937,0.503,0.201,83.434,4
spotify:track:49aBr2lBFh0LkR84IbsIQz,Colors,Colors,Chenayder;MAVI,2024-04-25,186666,42,TRUE,tcgbb1ix1h1h974y7pakbtpr2,2026-09-01T20:30:18Z,"experimental hip hop,alternative hip hop",Alamo,0.811,0.631,1,-8.497,1,0.0512,0.64,0.0383,0.12,0.74,99.039,4
spotify:track:7wTA0NKIm6T7nP2kaymU2a,Sacrifices (with EARTHGANG & J. Cole feat. Smino & Saba),Revenge Of The Dreamers III,Dreamville;EARTHGANG;J. Cole;Smino;Saba,2019-07-05,382306,66,TRUE,tcgbb1ix1h1h974y7pakbtpr2,2026-09-01T20:30:18Z,rap,Dreamville/Interscope Records,0.825,0.672,0,-7.108,1,0.418,0.0858,0,0.123,0.246,147.01,4
spotify:track:078lbDGGTqBuTKU3bypXxQ,90 Proof (with J. Cole),Luv 4 Rent,Smino;J. Cole,2022-10-28,208269,57,TRUE,tcgbb1ix1h1h974y7pakbtpr2,2026-09-01T20:30:18Z,rap,Motown Records,0.765,0.655,7,-6.449,1,0.08,0.181,0.0000347,0.142,0.559,147.804,4
spotify:track:1RM4jcne1iJXnxX1vuGJC0,Entry Four,Entry Logs (1-6),Jaydes Archive,2024-11-16,33339,73,TRUE,tcgbb1ix1h1h974y7pakbtpr2,2026-09-01T20:30:18Z,,Jaydes Archive,0.704,0.177,7,-17.501,1,0.109,0.99,0.0668,0.193,0.637,72.104,3
spotify:track:4zEvxRDaKDoFlHxK7Hy0wg,Sunday,"Everybody Else Is Doing It, So Why Can't We?",The Cranberries,1993-03-01,211066,40,FALSE,tcgbb1ix1h1h974y7pakbtpr2,2026-09-01T20:30:18Z,,Island Records,0.329,0.565,0,-13.103,1,0.0335,0.0614,0.0000197,0.126,0.167,108.859,4
spotify:track:3QaPy1KgI7nu9FJEQUgn6h,WILDFLOWER,HIT ME HARD AND SOFT,Billie Eilish,2024-05-17,261466,93,FALSE,tcgbb1ix1h1h974y7pakbtpr2,2026-09-01T20:30:18Z,,Darkroom/Interscope Records,0.467,0.247,6,-12.002,0,0.0431,0.612,0.000271,0.17,0.126,148.101,4
spotify:track:5zQR0qoA4S1Iwj2bAwW03a,Best Friend,Typical of Me EP,Laufey,2021-04-30,164277,67,FALSE,tcgbb1ix1h1h974y7pakbtpr2,2026-09-01T20:30:18Z,,Laufey,0.757,0.405,3,-10.403,1,0.0902,0.815,0.00000116,0.143,0.332,83.024,4
spotify:track:56oGoEjA9eTZYgsttEFKY3,The Thrill,The Thrill (feat. Empire of the Sun),Wiz Khalifa;Empire Of The Sun,2020-11-11,234333,16,TRUE,tcgbb1ix1h1h974y7pakbtpr2,2026-09-01T20:30:18Z,,Rostrum Records,0.817,0.775,10,-4.767,0,0.108,0.277,0,0.108,0.806,126.984,4
spotify:track:5r5cp9IpziiIsR6b93vcnQ,Walking On A Dream,Walking On A Dream (10th Anniversary Edition),Empire Of The Sun,2008-10-03,198440,89,FALSE,tcgbb1ix1h1h974y7pakbtpr2,2026-09-01T20:30:18Z,,EMI Recorded Music Australia Pty Ltd,0.871,0.701,5,-5.594,0,0.0458,0.257,0.00000752,0.0589,0.716,126.975,4
spotify:track:5f6esnDQcBiFAm8iMfkw12,Silkk da Shocka (feat. Syd),The Sun's Tirade,Isaiah Rashad;Syd,2016-09-02,166086,66,TRUE,tcgbb1ix1h1h974y7pakbtpr2,2026-09-01T20:30:18Z,alternative r&b,Top Dawg Entertainment,0.59,0.602,8,-8.195,1,0.413,0.577,0.00000659,0.643,0.72,121.986,4
spotify:track:5AGQSF0ytihJyt96K5vW9d,Heartbeat,Camp,Childish Gambino,2011-11-15,269840,88,TRUE,tcgbb1ix1h1h974y7pakbtpr2,2026-09-01T20:30:18Z,,Glassnote - VMG,0.8,0.545,1,-7.002,0,0.127,0.00373,0.000511,0.0445,0.291,119.959,4
spotify:track:2O0rIAtaJj77UMZUGtlg3T,Fire Fly,Camp,Childish Gambino,2011-11-15,203053,68,TRUE,tcgbb1ix1h1h974y7pakbtpr2,2026-09-01T20:30:18Z,,Glassnote - VMG,0.673,0.887,11,-4.121,0,0.222,0.146,0,0.272,0.49,87.502,4
spotify:track:4j3GWI86JvSaF0BLdmgcfF,Summertime Magic,Summer Pack,Childish Gambino,2018-07-11,213600,63,FALSE,tcgbb1ix1h1h974y7pakbtpr2,2026-09-01T20:30:18Z,,Wolf+Rothstein/RCA Records,0.76,0.579,0,-7.374,1,0.0567,0.0127,0.00344,0.106,0.129,100.011,4
spotify:track:1HA2V2EfAgJUBVOju4YfiB,Just A Stranger (feat. Steve Lacy),Isolation,Kali Uchis;Steve Lacy,2018-04-06,177697,67,FALSE,tcgbb1ix1h1h974y7pakbtpr2,2026-09-01T20:30:18Z,,EMI,0.745,0.672,9,-5.738,1,0.0346,0.127,0,0.103,0.641,108.031,4
spotify:track:0SA0mMXWh23raZ6xzOCU2V,She,Goblin,"Tyler, The Creator;Frank Ocean",2011-05-09,253386,77,TRUE,tcgbb1ix1h1h974y7pakbtpr2,2026-09-01T20:30:18Z,,XL Recordings,0.35,0.621,8,-6.495,0,0.233,0.256,0.0000344,0.613,0.459,83.375,4
spotify:track:37WXs5FD1kdLPlBkVwtqij,Trust Issues (with Riovaz & D'mari Harris),epiphany,KA$HDAMI;Riovaz;D'mari Harris,2021-06-02,147735,66,TRUE,tcgbb1ix1h1h974y7pakbtpr2,2026-09-01T20:30:18Z,,Republic Records,0.784,0.455,0,-9.257,0,0.156,0.829,0,0.102,0.647,130.084,4
spotify:track:3G9tyuUoBVNTDXY0icrUVf,Out of Me Head,The Lo-Fis,Steve Lacy,2020-12-04,141055,66,FALSE,tcgbb1ix1h1h974y7pakbtpr2,2026-09-01T20:30:18Z,,L-M Records,0.799,0.39,8,-14.592,1,0.102,0.397,0.711,0.107,0.978,88.509,4
spotify:track:3N3jLb7731CApbjEhNuoVH,DUYA,Melody Of A Memory,Eem Triplin,2025-02-17,174693,43,TRUE,tcgbb1ix1h1h974y7pakbtpr2,2026-09-01T20:30:18Z,,Eem Triplin/RCA Records,0.741,0.563,7,-6.21,1,0.0555,0.562,0.00439,0.0971,0.355,101.034,4
spotify:track:2mqXKSieDASoq4N5739wCz,Donchano,The Lo-Fis,Steve Lacy,2020-12-04,98686,66,FALSE,tcgbb1ix1h1h974y7pakbtpr2,2026-09-01T20:30:18Z,,L-M Records,0.674,0.489,11,-7.257,0,0.125,0.624,0.00195,0.236,0.772,207.947,3
spotify:track:0SkgmGr08TvWQciNRgRtmc,Thats No Fun,The Lo-Fis,Steve Lacy,2020-12-04,161900,63,TRUE,tcgbb1ix1h1h974y7pakbtpr2,2026-09-01T20:30:18Z,,L-M Records,0.542,0.723,3,-5.18,1,0.0428,0.77,0.00000275,0.625,0.294,83.078,4
spotify:track:6dc1efEhnYMzVwz05VY4ZP,New Friends (feat. Eem Triplin),Sweet Boy,Malcolm Todd;Eem Triplin,2024-04-05,130434,67,FALSE,tcgbb1ix1h1h974y7pakbtpr2,2026-09-01T20:30:18Z,,Columbia,0.796,0.358,9,-8.914,1,0.161,0.569,0.0311,0.0756,0.779,92.007,4
spotify:track:2ISyz9DRGEMrJN77ge3hi2,AWKWARD FREESTYLE,AWKWARD FREESTYLE,Eem Triplin,2022-03-31,127764,54,TRUE,tcgbb1ix1h1h974y7pakbtpr2,2026-09-01T20:30:18Z,,Eem Triplin LLC,0.646,0.465,5,-10.486,0,0.436,0.152,0,0.194,0.198,157.919,4
spotify:track:2wK7y55bzry7tUDmDqYaz7,48,Wolf,"Tyler, The Creator",2013-04-01,247312,60,TRUE,tcgbb1ix1h1h974y7pakbtpr2,2026-09-01T20:30:18Z,,Odd Future,0.558,0.887,1,-8.083,1,0.265,0.132,0,0.89,0.537,119.91,4
spotify:track:4KjnaUNYPwGnJjoeTFlt91,Now Or Never - Bonus Track,"good kid, m.A.A.d city (Deluxe)",Kendrick Lamar;Mary J. Blige,2012,256013,67,FALSE,tcgbb1ix1h1h974y7pakbtpr2,2026-09-01T20:30:18Z,"hip hop,west coast hip hop,r&b",Aftermath,0.535,0.707,7,-5.879,0,0.21,0.264,0,0.308,0.784,100.534,4
spotify:track:5B0kgjHULYJhAQkK5XsMoC,WUSYANAME (feat. Youngboy Never Broke Again & Ty Dolla $ign),CALL ME IF YOU GET LOST,"Tyler, The Creator;YoungBoy Never Broke Again;Ty Dolla $ign",2021-06-25,121572,72,TRUE,tcgbb1ix1h1h974y7pakbtpr2,2026-09-01T20:30:18Z,trap soul,Columbia,0.493,0.653,0,-5.666,0,0.0466,0.269,0,0.511,0.852,142.347,4
spotify:track:3zp3Mq8krAb1067UL94zJq,BE YOUR GIRL - KAYTRANADA REMIX,BE YOUR GIRL (KAYTRANADA REMIX),Teedra Moses;KAYTRANADA,2018-05-04,268087,71,FALSE,tcgbb1ix1h1h974y7pakbtpr2,2026-09-01T20:30:18Z,,"BLACK MOSES ENT., LLC",0.863,0.678,6,-6.727,0,0.383,0.207,0.00000589,0.1,0.265,115.023,4
spotify:track:0dFdGPVLs3k0z9ezYWZzUa,Intimidated (feat. H.E.R.),Intimidated,KAYTRANADA;H.E.R.,2021-11-19,207830,77,FALSE,tcgbb1ix1h1h974y7pakbtpr2,2026-09-01T20:30:18Z,r&b,KAYTRANADA/RCA Records,0.738,0.75,11,-3.654,0,0.219,0.0167,0.00976,0.174,0.342,112.009,4
spotify:track:042wd4CrF4WTAwiKs0F7Ve,First World Problemz / Nobody Carez,Sonder Son,Brent Faiyaz,2017-10-13,350548,60,TRUE,tcgbb1ix1h1h974y7pakbtpr2,2026-09-01T20:30:18Z,r&b,Lost Kids,0.582,0.502,3,-11.053,0,0.102,0.259,0.000378,0.16,0.555,85.629,4
spotify:track:2Lwe7PQk7mROzGezTrRVap,Missin Out,Sonder Son,Brent Faiyaz,2017-10-13,233340,63,TRUE,tcgbb1ix1h1h974y7pakbtpr2,2026-09-01T20:30:18Z,r&b,Lost Kids,0.324,0.172,7,-14.314,1,0.0553,0.97,0.000464,0.108,0.374,78.011,4
spotify:track:2ZWlPOoWh0626oTaHrnl2a,Ivy,Blonde,Frank Ocean,2016-08-20,249191,86,TRUE,tcgbb1ix1h1h974y7pakbtpr2,2026-09-01T20:30:18Z,,Boys Don't Cry,0.575,0.386,9,-9.584,0,0.037,0.785,0.000289,0.229,0.466,116.408,4
spotify:track:23Ij3xEFmYkRl00dDJCVMP,Good Ass Intro,Acid Rap,Chance the Rapper;BJ The Chicago Kid;Lili K,2013-04-30,239250,0,TRUE,tcgbb1ix1h1h974y7pakbtpr2,2026-09-01T20:30:18Z,"neo soul,contemporary r&b",Chance the Rapper,0.605,0.731,1,-8.127,0,0.291,0.0644,0.0000027,0.331,0.672,79.843,4
spotify:track:2jnOUdpaFKr9koG1Vtbj6v,Everything Stays (feat. Olivia Olson),"Adventure Time, Vol.3 (Original Soundtrack)",Adventure Time;Olivia Olson,2019-05-01,95058,67,FALSE,tcgbb1ix1h1h974y7pakbtpr2,2026-09-01T20:30:18Z,,Cartoon Network / WaterTower Music,0.475,0.102,7,-17.592,1,0.0432,0.94,0.00000178,0.122,0.347,85.168,4
spotify:track:6XYJ6RL7GkuDtLxXnsAPkd,Bobby James,In Search Of...,N.E.R.D,2002-03-12,371000,69,TRUE,tcgbb1ix1h1h974y7pakbtpr2,2026-09-01T20:30:18Z,,Virgin Records,0.404,0.483,4,-6.586,0,0.058,0.226,0.0000694,0.445,0.427,87.004,4
spotify:track:0msrDPXxZpts4FRnoX0bFr,Monks,channel ORANGE,Frank Ocean,2012-07-10,200240,70,TRUE,tcgbb1ix1h1h974y7pakbtpr2,2026-09-01T20:30:18Z,,Red Zone Entertainment / IDJ,0.747,0.758,0,-4.743,0,0.179,0.0521,0,0.214,0.601,102.02,4
spotify:track:7qwt4xUIqQWCu1DJf96g2k,Hello?,diary 001,Clairo;Rejjie Snow,2018-05-25,135016,2,FALSE,tcgbb1ix1h1h974y7pakbtpr2,2026-09-01T20:30:18Z,"bedroom pop,jazz rap",FADER Label,0.839,0.473,10,-7.835,0,0.0607,0.641,0.000459,0.0939,0.0644,98.732,4
spotify:track:2Nq4SFbvYYZa8AF7lD7CWU,Sexy to Someone,Sexy to Someone,Clairo,2024-05-23,207795,63,FALSE,tcgbb1ix1h1h974y7pakbtpr2,2026-09-01T20:30:18Z,bedroom pop,Clairo,0.716,0.545,0,-6.949,0,0.0329,0.338,0.00344,0.101,0.82,98.232,4
spotify:track:0MJ5wKsPEeihONNfugHGy7,Tip Toe,Tip Toe,HYBS,2023-06-20,224725,76,FALSE,tcgbb1ix1h1h974y7pakbtpr2,2026-09-01T20:30:18Z,,JUICEY,0.687,0.486,11,-8.673,1,0.0579,0.587,0.126,0.115,0.792,163.9,4
spotify:track:5Qv2Nby1xTr9pQyjkrc94J,All I Need,In Rainbows,Radiohead,2007-12-28,228746,84,FALSE,tcgbb1ix1h1h974y7pakbtpr2,2026-09-01T20:30:18Z,"art rock,alternative rock",XL Recordings,0.67,0.478,4,-8.689,0,0.0355,0.531,0.428,0.138,0.0997,88.014,4
spotify:track:7p4vHnYXkxlzvfePJVpcTr,Feels Like Summer,Summer Pack,Childish Gambino,2018-07-11,297404,81,FALSE,tcgbb1ix1h1h974y7pakbtpr2,2026-09-01T20:30:18Z,,Wolf+Rothstein/RCA Records,0.55,0.596,7,-8.214,1,0.134,0.162,0.00481,0.0805,0.253,165.736,4
spotify:track:3JJL91ilRV6fXhKqu0FGXs,HOT WIND BLOWS (feat. Lil Wayne),CALL ME IF YOU GET LOST,"Tyler, The Creator;Lil Wayne",2021-06-25,155292,67,TRUE,tcgbb1ix1h1h974y7pakbtpr2,2026-09-01T20:30:18Z,"rap,hip hop",Columbia,0.371,0.75,7,-5.382,0,0.402,0.601,0,0.482,0.729,173.456,4
spotify:track:0d28khcov6AiegSCpG5TuT,Feel Good Inc.,Demon Days,Gorillaz;De La Soul,2005-05-23,222640,92,FALSE,tcgbb1ix1h1h974y7pakbtpr2,2026-09-01T20:30:18Z,"jazz rap,east coast hip hop",Parlophone UK,0.818,0.705,6,-6.679,1,0.177,0.00836,0.00233,0.613,0.772,138.559,4
spotify:track:60SvhHtwefT0e2G7i7kOH3,New Gold (feat. Tame Impala and Bootie Brown),Cracker Island,Gorillaz;Tame Impala;Bootie Brown,2023-02-24,215149,79,TRUE,tcgbb1ix1h1h974y7pakbtpr2,2026-09-01T20:30:18Z,"neo-psychedelic,indie",Parlophone UK,0.695,0.923,1,-3.93,0,0.0522,0.0425,0.0469,0.116,0.551,108.014,3
spotify:track:0JL9TZip7mL7iwC5EOkALS,Lady Brown (feat. Cise Starr from CYNE),Metaphorical Music,Nujabes;Cise Starr,2003-08-21,199160,27,FALSE,tcgbb1ix1h1h974y7pakbtpr2,2026-09-01T20:30:18Z,jazz rap,Hydeout Productions,0.499,0.874,0,-4.586,1,0.097,0.611,0.000639,0.0703,0.861,97.317,4
spotify:track:2ej1A2Ze6P2EOW7KfIosZR,Feather (feat. Cise Starr & Akin from CYNE),Modal Soul,Nujabes;Cise Starr & Akin from CYNE,2005-11-11,175360,30,TRUE,tcgbb1ix1h1h974y7pakbtpr2,2026-09-01T20:30:18Z,jazz rap,Hydeout Productions,0.565,0.749,10,-6.629,0,0.0769,0.655,0.432,0.106,0.881,180.598,4
spotify:track:3QRQwnaENDNslrc5tNUGgE,Lava Lamp,Drunk,Thundercat,2017-02-24,178569,58,FALSE,tcgbb1ix1h1h974y7pakbtpr2,2026-09-01T20:30:18Z,,Brainfeeder,0.471,0.551,7,-11.161,1,0.0528,0.737,0.452,0.11,0.248,76.002,4
spotify:track:3jiKUMXqwEodB7gVv1RMZU,After Last Night (with Thundercat & Bootsy Collins),An Evening With Silk Sonic,Bruno Mars;Anderson .Paak;Silk Sonic;Thundercat;Bootsy Collins,2021-11-11,249444,76,FALSE,tcgbb1ix1h1h974y7pakbtpr2,2026-09-01T20:30:18Z,funk,Aftermath Entertainment/Atlantic,0.651,0.703,0,-8.958,0,0.0816,0.0297,0,0.0608,0.647,140.051,4
spotify:track:2ZIHKdsXfOS3cZoGRD2vGL,Show You The Way,Drunk,Thundercat;Michael McDonald;Kenny Loggins,2017-02-24,214554,55,FALSE,tcgbb1ix1h1h974y7pakbtpr2,2026-09-01T20:30:18Z,yacht rock,Brainfeeder,0.698,0.514,0,-10.325,1,0.0663,0.148,0.0888,0.101,0.63,75.989,4
spotify:track:0qtK3XwbuG153dmwB8iepL,Glitter,Flower Boy,"Tyler, The Creator",2017-07-21,224893,68,TRUE,tcgbb1ix1h1h974y7pakbtpr2,2026-09-01T20:30:18Z,,Columbia,0.449,0.434,1,-11.777,1,0.243,0.306,0.00000276,0.633,0.371,78.57,5
spotify:track:3a6FcTyvSf0ED3VXeH3PJ5,Fly As Me,An Evening With Silk Sonic,Bruno Mars;Anderson .Paak;Silk Sonic,2021-11-11,219389,72,FALSE,tcgbb1ix1h1h974y7pakbtpr2,2026-09-01T20:30:18Z,,Aftermath Entertainment/Atlantic,0.783,0.627,2,-8.521,1,0.102,0.00756,0,0.0606,0.48,100.025,4
spotify:track:2kpoReN3MY7I0tSF902n0z,Blast Off,An Evening With Silk Sonic,Bruno Mars;Anderson .Paak;Silk Sonic,2021-11-11,284870,61,FALSE,tcgbb1ix1h1h974y7pakbtpr2,2026-09-01T20:30:18Z,,Aftermath Entertainment/Atlantic,0.482,0.548,11,-9.946,1,0.0373,0.0363,0.00000228,0.3,0.346,76.017,4
spotify:track:0qp8MuZNKelOGTK2HPlXBA,Kids Turned Out Fine,TESTING,A$AP Rocky,2018-05-25,183126,57,TRUE,tcgbb1ix1h1h974y7pakbtpr2,2026-09-01T20:30:18Z,rap,A$AP Worldwide/Polo Grounds Music/RCA Records,0.302,0.669,1,-9.404,1,0.238,0.275,0.0000358,0.369,0.127,164.8,5
spotify:track:2JUQ7mV1AHk2owXLydmN4Z,Love's Train,An Evening With Silk Sonic,Bruno Mars;Anderson .Paak;Silk Sonic,2021-11-11,307014,72,FALSE,tcgbb1ix1h1h974y7pakbtpr2,2026-09-01T20:30:18Z,,Aftermath Entertainment/Atlantic,0.711,0.605,6,-9.801,0,0.031,0.0396,0.0000229,0.104,0.807,140.981,4
spotify:track:21LkHnuxPxVrOZ5gCaG7aM,Birds Dont Sing,French Exit,TV Girl,2014-06-05,209346,75,FALSE,tcgbb1ix1h1h974y7pakbtpr2,2026-09-01T20:30:18Z,,TV Girl,0.605,0.942,7,-4.549,1,0.0655,0.016,0,0.137,0.8,106.562,4
spotify:track:53mChDyESfwn9Dz8poHRf6,Taking What's Not Yours,Who Really Cares,TV Girl,2016-02-25,205650,81,FALSE,tcgbb1ix1h1h974y7pakbtpr2,2026-09-01T20:30:18Z,,TV Girl,0.712,0.914,1,-5.675,1,0.101,0.65,0,0.0579,0.697,100.406,4
spotify:track:7JEzAlwHhCD2M1cYE6BeqJ,Loving Machine,Who Really Cares,TV Girl,2016-02-25,227000,84,FALSE,tcgbb1ix1h1h974y7pakbtpr2,2026-09-01T20:30:18Z,,TV Girl,0.58,0.69,0,-9.52,1,0.0267,0.568,0.0221,0.226,0.922,89.981,4
spotify:track:7Ks4VCY1wFebnOdJrM13t6,Wesley's Theory,To Pimp A Butterfly,Kendrick Lamar;George Clinton;Thundercat,2015-03-16,287360,71,TRUE,tcgbb1ix1h1h974y7pakbtpr2,2026-09-01T20:30:18Z,"hip hop,west coast hip hop,funk",Aftermath,0.509,0.787,7,-6.754,1,0.265,0.359,0.0000276,0.26,0.507,114.449,4
spotify:track:0N3W5peJUQtI4eyR6GJT5O,King Kunta,To Pimp A Butterfly,Kendrick Lamar,2015-03-16,234693,75,TRUE,tcgbb1ix1h1h974y7pakbtpr2,2026-09-01T20:30:18Z,"hip hop,west coast hip hop",Aftermath,0.884,0.657,6,-4.569,0,0.0977,0.00589,0,0.154,0.489,107.059,4
spotify:track:4mAwxhMBANouZbcrgvgxeY,Friction,Tek It/Friction,Cafuné,2019,187303,60,FALSE,tcgbb1ix1h1h974y7pakbtpr2,2026-09-01T20:30:18Z,,Elektra,0.44,0.904,11,-5.156,0,0.0439,0.000168,0,0.289,0.545,145.969,4
spotify:track:2AcEZtXsn6en6Dh9CptAtQ,Far Rockaway,Far Rockaway,KAMAUU,2020-04-17,142566,46,FALSE,tcgbb1ix1h1h974y7pakbtpr2,2026-09-01T20:30:18Z,,Atlantic Records,0.565,0.665,6,-6.143,1,0.0914,0.042,0.0000011,0.0811,0.38,96.278,4
spotify:track:6K4t31amVTZDgR3sKmwUJJ,The Less I Know The Better,Currents,Tame Impala,2015-07-17,216320,92,TRUE,tcgbb1ix1h1h974y7pakbtpr2,2026-09-01T20:30:18Z,"neo-psychedelic,indie",Universal Music Australia Pty. Ltd.,0.64,0.74,4,-4.083,1,0.0284,0.0115,0.00678,0.167,0.785,116.879,4
spotify:track:52ojopYMUzeNcudsoz7O9D,"New Person, Same Old Mistakes",Currents,Tame Impala,2015-07-17,363240,87,FALSE,tcgbb1ix1h1h974y7pakbtpr2,2026-09-01T20:30:18Z,"neo-psychedelic,indie",Universal Music Australia Pty. Ltd.,0.47,0.809,8,-6.74,1,0.0495,0.272,0.00671,0.0491,0.49,151.836,4
spotify:track:48Co4cbgmgcAGch0mZoJuJ,Egyptian Luvr,Dear Annie,Rejjie Snow;Dana Williams;Aminé,2018-05-03,256613,7,TRUE,tcgbb1ix1h1h974y7pakbtpr2,2026-09-01T20:30:18Z,jazz rap,+1 Records,0.834,0.591,10,-7.543,0,0.305,0.0563,0,0.074,0.901,104.949,4
spotify:track:1P3xOwX0rwpWqaz5zClENF,butterflies,butterflies,Essosa,2022-11-17,194634,43,FALSE,tcgbb1ix1h1h974y7pakbtpr2,2026-09-01T20:30:18Z,uk r&b,Essosa,0.613,0.493,4,-9.251,0,0.0485,0.792,0,0.116,0.42,131.046,4
spotify:track:71ikeuqVg9iQp5RQ4ttmWf,Spin The Block,Essie's World,Essosa,2024-08-16,155573,38,FALSE,tcgbb1ix1h1h974y7pakbtpr2,2026-09-01T20:30:18Z,uk r&b,Atlantic Records UK,0.795,0.754,5,-5.575,0,0.117,0.159,0.000315,0.108,0.484,99.989,4
spotify:track:7jCqzvwMkTgQiA1Xt2crwn,Muse,Muse,Essosa,2025-04-24,143480,43,FALSE,tcgbb1ix1h1h974y7pakbtpr2,2026-09-01T20:30:18Z,uk r&b,Atlantic Records UK,0.803,0.44,9,-8.937,1,0.0687,0.285,0,0.111,0.475,111.973,4
spotify:track:5zJT4p1ClGGzoNge9q4Dik,Play This At My Funeral,Play This At My Funeral,Nino Paid,2024-11-04,130539,57,FALSE,tcgbb1ix1h1h974y7pakbtpr2,2026-09-01T20:30:18Z,,Signal Records/Columbia,0.55,0.581,6,-10.765,0,0.158,0.146,0.0129,0.0741,0.434,136.16,4
spotify:track:2LMkwUfqC6S6s6qDVlEuzV,White Ferrari,Blonde,Frank Ocean,2016-08-20,248807,87,FALSE,tcgbb1ix1h1h974y7pakbtpr2,2026-09-01T20:30:18Z,,Boys Don't Cry,0.501,0.0958,0,-15.605,1,0.0433,0.77,0,0.298,0.204,108.741,4
spotify:track:2aPTvyE09vUCRwVvj0I8WK,Sundress,Sundress,A$AP Rocky,2018-11-20,158205,85,TRUE,tcgbb1ix1h1h974y7pakbtpr2,2026-09-01T20:30:18Z,rap,A$AP Worldwide/Polo Grounds Music/RCA Records,0.721,0.707,6,-6.364,1,0.0595,0.181,0.00000368,0.143,0.743,125.005,4
spotify:track:0aDIb4saqLfTcssyqaKEqz,patience,heartpacing,jaydes;Riovaz,2022-08-14,122629,58,TRUE,tcgbb1ix1h1h974y7pakbtpr2,2026-09-01T20:30:18Z,,jaydes,0.806,0.758,2,-7.903,1,0.312,0.0658,0,0.377,0.649,120.984,4
spotify:track:26yohWYLPKCCP7X7rwKedJ,4EVER,diary 001,Clairo,2018-05-25,159595,0,FALSE,tcgbb1ix1h1h974y7pakbtpr2,2026-09-01T20:30:18Z,bedroom pop,FADER Label,0.75,0.585,9,-7.576,0,0.0285,0.049,0.00552,0.155,0.584,102.331,4
spotify:track:2lO7sDzhG2LMhSwpn8MwJB,Needs,Needs,Verzache,2018-02-14,177479,69,FALSE,tcgbb1ix1h1h974y7pakbtpr2,2026-09-01T20:30:18Z,,Zach Farache,0.814,0.599,11,-7.552,0,0.116,0.194,0.000208,0.401,0.854,118.978,4
spotify:track:0sHFw13WH3LtSB3yP8UMYJ,Falling for U,Falling for U,Peachy!;mxmtoon,2017-08-14,124000,0,FALSE,tcgbb1ix1h1h974y7pakbtpr2,2026-09-01T20:30:18Z,"bedroom pop,indie pop",Peachy!,0.516,0.358,8,-12.018,0,0.424,0.743,0.0000013,0.0813,0.397,79.509,4
spotify:track:7bHzqeMnYZ7kuK7IHGYdcz,Another Night,Made Mistakes,Clara La San,2024-06-07,168213,67,FALSE,tcgbb1ix1h1h974y7pakbtpr2,2026-09-01T20:30:18Z,,CLS Music,0.619,0.516,10,-10.814,0,0.0368,0.502,0.439,0.123,0.0836,91.989,4
spotify:track:2BoeDIEzoS9diuyaqqVaDh,Faygo Dreams,6 Dogs,6 Dogs,2017-07-03,171906,71,TRUE,tcgbb1ix1h1h974y7pakbtpr2,2026-09-01T20:30:18Z,"cloud rap,emo rap,melodic rap",6 Dogs Records,0.748,0.66,6,-4.704,1,0.0487,0.224,0.053,0.101,0.328,137.033,4
spotify:track:3UsJUXvHb7qz4GiQtEc4a4,keep steady,keep steady,sosocamo,2024-08-17,99705,66,TRUE,tcgbb1ix1h1h974y7pakbtpr2,2026-09-01T20:30:18Z,,broke,0.926,0.477,6,-10.063,1,0.133,0.0736,0,0.11,0.631,120.377,4
spotify:track:6CYy6bt2Iq1kiDIgEBgqTn,Number One,In My Mind (Deluxe Edition),Pharrell Williams;Kanye West,2006-07-25,236573,45,TRUE,tcgbb1ix1h1h974y7pakbtpr2,2026-09-01T20:30:18Z,rap,The Neptunes,0.845,0.801,10,-5.619,0,0.129,0.251,0,0.0951,0.666,107.012,4
spotify:track:3xeDr86GnwkxhHQIit7NL9,Waste My Time,Waste My Time,Essosa,2023-06-07,180731,68,FALSE,tcgbb1ix1h1h974y7pakbtpr2,2026-09-01T20:30:18Z,uk r&b,Atlantic Records UK,0.784,0.531,5,-5.874,0,0.0579,0.0745,0.0000203,0.093,0.436,120.053,4
spotify:track:1YakuHfzKxjnseCEeVQtrY,Don't Wanna Fall In Love,Smyle (Extended),KYLE,2015-10-02,232368,3,TRUE,tcgbb1ix1h1h974y7pakbtpr2,2026-09-01T20:30:18Z,,KYLE,0.486,0.616,0,-6.9,1,0.277,0.0149,0,0.356,0.601,132.151,4
spotify:track:0725YWm6Z0TpZ6wrNk64Eb,Super Rich Kids,channel ORANGE,Frank Ocean;Earl Sweatshirt,2012-07-10,304760,79,TRUE,tcgbb1ix1h1h974y7pakbtpr2,2026-09-01T20:30:18Z,"experimental hip hop,alternative hip hop",Red Zone Entertainment / IDJ,0.739,0.419,3,-8.241,0,0.0854,0.219,0,0.196,0.58,60.493,4
spotify:track:3ZDH5g8ozIUMdjqONzG6tR,Illegal,Illegal,PinkPantheress,2025-06-06,149666,51,FALSE,tcgbb1ix1h1h974y7pakbtpr2,2026-09-01T20:30:18Z,bedroom pop,Warner Records,0.605,0.908,0,-5.264,0,0.0486,0.0686,0.00986,0.184,0.675,141.408,4
spotify:track:6YeK6j4LQrRu0teRF4DShO,im so gone,im so gone,michi,2024-11-22,187450,0,TRUE,tcgbb1ix1h1h974y7pakbtpr2,2026-09-01T20:30:18Z,emo rap,insomnia records,0.705,0.263,11,-16.981,0,0.266,0.0497,0,0.11,0.348,144.014,4
spotify:track:3zEN0ii6s4DHHBpnTp3RP7,We Are The People,Walking On A Dream (10th Anniversary Edition),Empire Of The Sun,2008-10-03,267373,92,FALSE,tcgbb1ix1h1h974y7pakbtpr2,2026-09-01T20:30:18Z,,EMI Recorded Music Australia Pty Ltd,0.675,0.781,4,-5.404,0,0.0306,0.0801,0.0143,0.422,0.534,122.989,4
spotify:track:51xt4m8vbKuizX6VSDFPh9,Daze,The Lo-Fis,Steve Lacy,2020-12-04,72838,57,FALSE,tcgbb1ix1h1h974y7pakbtpr2,2026-09-01T20:30:18Z,,L-M Records,0.858,0.95,1,-7.301,0,0.0393,0.112,0.0182,0.239,0.724,118.578,3
spotify:track:4KGGeE7RJsgLNZmnxGFlOj,Falling Behind,Everything I Know About Love,Laufey,2022-08-26,173640,82,FALSE,tcgbb1ix1h1h974y7pakbtpr2,2026-09-01T20:30:18Z,,Laufey,0.449,0.353,7,-12.986,1,0.0915,0.942,0.0786,0.109,0.55,165.888,4
spotify:track:2mWfVxEo4xZYDaz0v7hYrN,Juna,Charm,Clairo,2024-07-12,195109,81,FALSE,tcgbb1ix1h1h974y7pakbtpr2,2026-09-01T20:30:18Z,bedroom pop,Clairo,0.606,0.714,3,-6.244,1,0.0339,0.238,0.098,0.106,0.448,141.512,4
spotify:track:6oofvZ4K8vBHnCT1oKERcd,i walk this earth all by myself,NEGATIVE,EKKSTACY,2021-11-12,145634,66,TRUE,tcgbb1ix1h1h974y7pakbtpr2,2026-09-01T20:30:18Z,,EKKSTACY under exclusive license to UnitedMasters,0.595,0.588,10,-11.313,1,0.0624,0.507,0.781,0.113,0.518,166.061,4
spotify:track:5H0BawU5IlPVzLTiresJwa,"it only gets worse, i promise",NEGATIVE,EKKSTACY,2021-11-12,154640,42,FALSE,tcgbb1ix1h1h974y7pakbtpr2,2026-09-01T20:30:18Z,,EKKSTACY under exclusive license to UnitedMasters,0.43,0.68,7,-7.193,1,0.0421,0.000214,0.000209,0.389,0.359,165.935,4
spotify:track:2NaGl56lq71UMzDSI8jmJ3,Away,Vibes,Vacations,2016,162333,67,FALSE,tcgbb1ix1h1h974y7pakbtpr2,2026-09-01T20:30:18Z,,Nettwerk Music Group,0.576,0.915,8,-5.729,0,0.0277,0.0124,0.946,0.0856,0.961,111.021,4
spotify:track:3IwadYiQKN7O51JgIH9PBC,no way !,aquarium,Yot Club,2019-01-13,166458,60,FALSE,tcgbb1ix1h1h974y7pakbtpr2,2026-09-01T20:30:18Z,bedroom pop,Yot Club under exclusive license to Amuseio AB,0.651,0.696,7,-7.889,1,0.0314,0.0949,0.903,0.387,0.62,130.27,4
spotify:track:75XoxL802pG8pNCf7SquaV,DAYLIGHT DOOM,DAYLIGHT DOOM,MOTO BANDIT,2022-02-15,174732,71,FALSE,tcgbb1ix1h1h974y7pakbtpr2,2026-09-01T20:30:18Z,,MOTO BANDIT,0.615,0.904,1,-6.619,1,0.0301,0.123,0.916,0.189,0.715,153.893,4
spotify:track:7EkWXAI1wn8Ii883ecd9xr,Freaks,Freaks,Surf Curse,2021-05-15,147062,88,FALSE,tcgbb1ix1h1h974y7pakbtpr2,2026-09-01T20:30:18Z,indie,Surf Curse,0.345,0.941,9,-9.918,1,0.0466,0.0000384,0.633,0.0511,0.407,179.626,4
spotify:track:4Lhxbhn7S6GbIptp2ixATL,sedated,heartpacing,jaydes,2022-08-14,106671,65,TRUE,tcgbb1ix1h1h974y7pakbtpr2,2026-09-01T20:30:18Z,,jaydes,0.706,0.411,0,-10.746,1,0.284,0.482,0,0.0976,0.769,126.171,4
spotify:track:3FtYbEfBqAlGO46NUDQSAt,Electric Feel,Oracular Spectacular,MGMT,2007-12-14,229640,84,FALSE,tcgbb1ix1h1h974y7pakbtpr2,2026-09-01T20:30:18Z,indie,Red Ink/Columbia,0.763,0.803,1,-3.713,1,0.0351,0.0709,0.285,0.348,0.561,103.04,3
spotify:track:2nGFzvICaeEWjIrBrL2RAx,Put Your Records On,Corinne Bailey Rae,Corinne Bailey Rae,2006-01-01,215360,83,FALSE,tcgbb1ix1h1h974y7pakbtpr2,2026-09-01T20:30:18Z,,EMI Records,0.739,0.511,9,-7.844,1,0.0362,0.167,0.00000134,0.133,0.542,96.038,4
spotify:track:5Anh8jULgeUgciLHCR25Mk,Like A Star,Corinne Bailey Rae,Corinne Bailey Rae,2006-01-01,243213,64,FALSE,tcgbb1ix1h1h974y7pakbtpr2,2026-09-01T20:30:18Z,,EMI Records,0.606,0.226,2,-10.617,0,0.0347,0.715,0.0001,0.35,0.142,122.711,4
spotify:track:5TdnxXaZIqJjASZaJQrW2e,Lucid Girl,Got a Story to Tell,Thee Sacred Souls,2024-10-04,204960,64,FALSE,tcgbb1ix1h1h974y7pakbtpr2,2026-09-01T20:30:18Z,retro soul,Daptone Records,0.43,0.618,2,-6.567,0,0.03,0.104,0.0000965,0.134,0.682,152.579,3
spotify:track:2h07VxASyzG42ZW9Q0eIWb,Geeked,Days B4 III,LUCKI,2019-10-25,103581,71,TRUE,tcgbb1ix1h1h974y7pakbtpr2,2026-09-01T20:30:18Z,cloud rap,Lucki / EMPIRE,0.839,0.402,10,-9.296,0,0.174,0.451,0.00000101,0.118,0.268,129.97,4
spotify:track:6dWilYAxP2aJbTTt0UsatK,Lover Girl,Lover Girl,Laufey,2025-06-25,164400,78,FALSE,tcgbb1ix1h1h974y7pakbtpr2,2026-09-01T20:30:18Z,,Vingolf Recordings,0.658,0.447,11,-7.225,1,0.155,0.836,0,0.0752,0.899,87.907,4
spotify:track:7HpuAtBT9oThlw9lF69pf2,松鼠,松鼠,動物園釘子戶,2018-03-23,321693,49,FALSE,tcgbb1ix1h1h974y7pakbtpr2,2026-09-01T20:30:18Z,"chinese indie,taiwanese indie,chinese rock,shoegaze",SJ-records,0.379,0.613,10,-10.057,0,0.0316,0.00025,0.796,0.0996,0.0544,140.948,4
spotify:track:1iTvJFjCflwCz9RYJXzcsz,四季ノ唄,アイの実,MINMI,2004-03-31,298000,50,FALSE,tcgbb1ix1h1h974y7pakbtpr2,2026-09-01T20:30:18Z,j-r&b,Victor,0.541,0.611,10,-8.747,0,0.042,0.134,0.0103,0.115,0.682,92.481,4
spotify:track:7dyi7AorhfCTJvGFjXwpyU,Puppy Princess,Puppy Princess,Hot Freaks,2021-08-30,255733,73,FALSE,tcgbb1ix1h1h974y7pakbtpr2,2026-09-01T20:30:18Z,,Elektra (NEK),0.642,0.702,1,-4.342,1,0.0551,0.162,0,0.289,0.693,121.971,4
spotify:track:5r57UkR0lQ7iyPBYO2yXjq,Right Now,Right Now,Slump6s;jaydes,2022-09-29,131631,54,TRUE,tcgbb1ix1h1h974y7pakbtpr2,2026-09-01T20:30:18Z,rage rap,Slump6s,0.542,0.559,5,-8.602,0,0.074,0.0108,0,0.0899,0.248,146.321,4
spotify:track:6qk1PcforV3BqdJcKt3MI8,work it,work it,med,2025-04-11,144321,19,TRUE,tcgbb1ix1h1h974y7pakbtpr2,2026-09-01T20:30:18Z,,N0MAD,0.718,0.693,5,-9.378,0,0.146,0.646,0,0.0651,0.93,99.984,4
spotify:track:4qmT806nB5E33pZSYYqWcU,Stronger Than You (feat. Estelle),"Steven Universe, Vol. 1 (Original Soundtrack)",Steven Universe;Estelle,2017-06-02,172636,68,FALSE,tcgbb1ix1h1h974y7pakbtpr2,2026-09-01T20:30:18Z,,Cartoon Network / WaterTower Music,0.713,0.546,8,-7.173,1,0.0565,0.123,0,0.109,0.458,97.854,4
spotify:track:1rPZkSAO0krH0T98H8uPpi,Seasons - club mix,Seasons (club mix),Sam Austins,2024-06-21,203211,1,FALSE,tcgbb1ix1h1h974y7pakbtpr2,2026-09-01T20:30:18Z,,Sam Austins,0.667,0.693,6,-6.303,0,0.0415,0.294,0.628,0.0997,0.213,136.98,4
spotify:track:4JNTpbntShpUpACDUzwHV5,GO!,Be,Common,2005-01-01,224160,63,TRUE,tcgbb1ix1h1h974y7pakbtpr2,2026-09-01T20:30:18Z,"hip hop,jazz rap,neo soul",Geffen,0.838,0.763,10,-11.132,0,0.227,0.0914,0.0000139,0.123,0.544,104.957,4
spotify:track:5lcyIeEfwZTs8Ajw3kdF7P,Crack Rock,channel ORANGE,Frank Ocean,2012-07-10,224146,76,TRUE,tcgbb1ix1h1h974y7pakbtpr2,2026-09-01T20:30:18Z,,Red Zone Entertainment / IDJ,0.429,0.736,5,-8.017,1,0.222,0.0696,0,0.0852,0.379,89.262,4
spotify:track:4wXMa4oleu4CaD06V7zEyG,the Rake (can’t complain),the Rake (can’t complain),Riovaz,2023-09-13,181714,55,FALSE,tcgbb1ix1h1h974y7pakbtpr2,2026-09-01T20:30:18Z,,Darkroom/Geffen Records,0.717,0.636,11,-8.709,1,0.0384,0.0645,0.00294,0.129,0.31,140.017,4
spotify:track:2xkCK64mVslpApVL7i6Mxj,Heart Racing,Heart Racing,Kanii;Riovaz;Nimstarr,2023-05-19,156106,63,FALSE,tcgbb1ix1h1h974y7pakbtpr2,2026-09-01T20:30:18Z,jersey club,Masked Records/Warner Records,0.818,0.803,11,-6.755,0,0.0996,0.034,0.0000259,0.222,0.692,119.988,4
spotify:track:3q8mXT1racKde1h8zHY1ko,New Flower! (feat. Leon Thomas),13 Months of Sunshine,Aminé;Leon Thomas,2025-05-16,208147,56,TRUE,tcgbb1ix1h1h974y7pakbtpr2,2026-09-01T20:30:18Z,,CLBN LLC,0.879,0.689,11,-6.255,1,0.182,0.0655,0.000117,0.167,0.894,119.947,4
spotify:track:7c0ss9FGSyXGNczL4gV75a,Airplane Mode,Holo,Limbo,2018-01-08,164000,52,TRUE,tcgbb1ix1h1h974y7pakbtpr2,2026-09-01T20:30:18Z,,Limbo Sounds,0.636,0.299,4,-13.717,0,0.198,0.88,0.114,0.108,0.0646,119.919,4
spotify:track:48IeolXUvgXJ16Q6ZN5WdB,Can't Save Her (Reason),Can't Save Her (Reason),Lil Bysil Symere,2023-12-02,206706,49,TRUE,tcgbb1ix1h1h974y7pakbtpr2,2026-09-01T20:30:18Z,,Independent,0.703,0.435,0,-12.428,1,0.241,0.572,0,0.245,0.803,140.02,4
spotify:track:4BqIT4j2xzROrC9dMlgXPT,You Love Me,Hidden Vagenda,Kimya Dawson,2004-10-05,159106,70,FALSE,tcgbb1ix1h1h974y7pakbtpr2,2026-09-01T20:30:18Z,"anti-folk,folk punk",Great Crap Factory,0.619,0.424,7,-12.752,1,0.0728,0.72,0.0877,0.108,0.381,112.576,4
spotify:track:3NOIkyNWG0fEjkPkq9HVMW,Basement Jack,Apollo XXI,Steve Lacy,2019-05-24,109818,67,TRUE,tcgbb1ix1h1h974y7pakbtpr2,2026-09-01T20:30:18Z,,3qtr,0.644,0.931,8,-5.343,0,0.0689,0.15,0.0547,0.386,0.911,174.881,4
spotify:track:0J119Oas2ox6JTTHUGZxHN,Give You the World,Gemini Rights,Steve Lacy,2022-07-15,273778,70,TRUE,tcgbb1ix1h1h974y7pakbtpr2,2026-09-01T20:30:18Z,,L-M Records/RCA Records,0.574,0.369,0,-9.251,0,0.0262,0.83,0.234,0.0976,0.41,73.013,4
spotify:track:6uVZddXkgQIArp8myEHs4x,Mercury,Gemini Rights,Steve Lacy,2022-07-15,295411,68,TRUE,tcgbb1ix1h1h974y7pakbtpr2,2026-09-01T20:30:18Z,,L-M Records/RCA Records,0.699,0.75,9,-6.481,0,0.0542,0.543,0.0137,0.333,0.887,151.035,3
spotify:track:03dM88XPFWzZFU1FnSwFHJ,Better By Myself,Better By Myself,etmnx,2025-07-09,177190,0,TRUE,tcgbb1ix1h1h974y7pakbtpr2,2026-09-01T20:30:18Z,,etmnx,0.767,0.45,9,-13.531,0,0.131,0.45,0,0.154,0.635,124.073,4
spotify:track:7DIMKlmJ0CL6eROkbptoqi,Sucka Free,DON'T TAP THE GLASS,"Tyler, The Creator",2025-07-21,161051,68,TRUE,tcgbb1ix1h1h974y7pakbtpr2,2026-09-01T20:30:18Z,,Columbia,0.749,0.764,11,-6.36,1,0.189,0.0865,0,0.118,0.63,102.769,4
spotify:track:3a3zDlE4bgI6ZvU00m6o84,Cross Your Mind,Shelly 2,Shelly,2025-07-01,228692,68,FALSE,tcgbb1ix1h1h974y7pakbtpr2,2026-09-01T20:30:18Z,lo-fi indie,Orange Hill Records,0.717,0.736,2,-7.59,1,0.0267,0.505,0.05,0.133,0.756,135.002,4
spotify:track:43pWChQ7AOab9wlSGy0dN6,F.I.L.O. (feat. Shing02),Metaphorical Music,Nujabes;Shing02,2003-08-21,211226,16,FALSE,tcgbb1ix1h1h974y7pakbtpr2,2026-09-01T20:30:18Z,"jazz rap,j-rap",Hydeout Productions,0.875,0.722,4,-6.348,0,0.233,0.393,0.000511,0.0896,0.447,101.02,4
spotify:track:1ucnuV88gFTfR3BalmznDk,Lover Is a Day,wannabewithu,Cuco,2016-07-09,456000,79,TRUE,tcgbb1ix1h1h974y7pakbtpr2,2026-09-01T20:30:18Z,bedroom pop,Cuco,0.404,0.647,3,-10.452,1,0.0409,0.0434,0.198,0.1,0.351,180.128,4
spotify:track:1lTqq0aC6r2bXLviQ3oaVt,Ring Ring Ring,DON'T TAP THE GLASS,"Tyler, The Creator",2025-07-21,201869,75,TRUE,tcgbb1ix1h1h974y7pakbtpr2,2026-09-01T20:30:18Z,,Columbia,0.756,0.718,6,-5.867,1,0.0531,0.246,0,0.601,0.69,119.022,4
spotify:track:2vlkTkPqdATznKHu9gD2c1,Her,Her,The American Dawn,2024-07-26,214086,81,FALSE,tcgbb1ix1h1h974y7pakbtpr2,2026-09-01T20:30:18Z,,DAWN RECORDS,0.66,0.603,3,-7.7,0,0.025,0.00566,0.0144,0.0751,0.527,102.99,4
spotify:track:1mbrQBqzxgboW2esM2Xtun,Obviously,2014 Forest Hills Drive (10 Year Anniversary Edition),J. Cole,2024-12-20,221178,55,TRUE,tcgbb1ix1h1h974y7pakbtpr2,2026-09-01T20:30:18Z,rap,Cole World/Interscope Records,0.655,0.289,7,-14.326,1,0.0843,0.952,0.0000688,0.113,0.372,79.961,4
spotify:track:0za55KLGfhCOr2TC4RM6dr,Sofia,Immunity,Clairo,2019-08-02,188386,38,FALSE,tcgbb1ix1h1h974y7pakbtpr2,2026-09-01T20:30:18Z,bedroom pop,FADER Label,0.741,0.614,0,-10.018,1,0.0393,0.56,0.00385,0.218,0.62,113.002,4
spotify:track:4Bjwyj8KM85xblkSt5A24j,Run To The Sun,In Search Of...,N.E.R.D,2002-03-12,291066,64,FALSE,tcgbb1ix1h1h974y7pakbtpr2,2026-09-01T20:30:18Z,,Virgin Records,0.771,0.769,10,-6.021,1,0.0977,0.144,0.0000263,0.0544,0.877,96.952,4
spotify:track:286uu9vYV996c1DBX7tvcj,south,south,jaydes,2022-10-15,104025,63,TRUE,tcgbb1ix1h1h974y7pakbtpr2,2026-09-01T20:30:18Z,,jaydes,0.892,0.417,8,-11.129,0,0.284,0.33,0,0.217,0.511,84.992,4
spotify:track:3ZaEs1O8BG581qYPHpQ8d6,I Smoked Away My Brain (I'm God x Demons Mashup) (feat. Imogen Heap & Clams Casino),I Smoked Away My Brain (I'm God x Demons Mashup) (feat. Imogen Heap & Clams Casino),A$AP Rocky;Imogen Heap;Clams Casino,2023-08-18,190285,82,TRUE,tcgbb1ix1h1h974y7pakbtpr2,2026-09-01T20:30:18Z,"rap,cloud rap",A$AP Worldwide/RCA Records,0.47,0.652,2,-9.629,1,0.0561,0.0831,0.0000408,0.175,0.104,141.981,4
spotify:track:3Gxu9gAd5rXsnSS0rUpRAs,AMBER,HUES.,Unusual Demont,2021-09-17,211865,11,FALSE,tcgbb1ix1h1h974y7pakbtpr2,2026-09-01T20:30:18Z,alternative r&b,Avant Garden,0.881,0.758,8,-6.755,1,0.21,0.346,0.139,0.206,0.7,119.049,4
spotify:track:3P7Ul4isMJgb33TGqZ09W5,PURPLE,HUES.,Unusual Demont,2021-09-17,247868,0,FALSE,tcgbb1ix1h1h974y7pakbtpr2,2026-09-01T20:30:18Z,alternative r&b,Avant Garden,0.661,0.434,1,-10.549,0,0.0562,0.0489,0,0.103,0.441,135.081,4
spotify:track:613KmeuXIuqBM0plNinzUh,I'm God,6 Kiss,Lil B,2009-12-22,276000,7,TRUE,tcgbb1ix1h1h974y7pakbtpr2,2026-09-01T20:30:18Z,cloud rap,Basedworld Records,0.516,0.788,2,-4.899,1,0.458,0.0784,0,0.0736,0.19,142.207,4
spotify:track:787rCZF9i4L1cXGMkdyIk4,LVL,LONG.LIVE.A$AP (Deluxe Version),A$AP Rocky,2013,220133,81,TRUE,tcgbb1ix1h1h974y7pakbtpr2,2026-09-01T20:30:18Z,rap,A$AP Worldwide/Polo Grounds Music/RCA Records,0.597,0.427,5,-6.764,0,0.0536,0.18,0.0000133,0.121,0.0997,120.085,4
spotify:track:3mVZRgQqVNu01Z3nXemulI,Peach Dream,Freewave 3,LUCKI,2019-02-15,127320,61,TRUE,tcgbb1ix1h1h974y7pakbtpr2,2026-09-01T20:30:18Z,cloud rap,Lucki,0.861,0.413,1,-12.732,1,0.148,0.0451,0.0543,0.101,0.225,152.995,4
spotify:track:176LvsOHbOXcgJgBBZ8wgs,Almost Back,Almost Back,LUCKI,2019-05-31,91585,70,TRUE,tcgbb1ix1h1h974y7pakbtpr2,2026-09-01T20:30:18Z,cloud rap,Lucki,0.764,0.456,2,-10.227,1,0.264,0.00994,0.925,0.111,0.227,125.965,4
spotify:track:7BgyWwbbybJr2IbQoI1gzH,Stevie Doesn't Wonder,Stevie Doesn't Wonder,Hotel Ugly,2021-12-07,164571,73,FALSE,tcgbb1ix1h1h974y7pakbtpr2,2026-09-01T20:30:18Z,,"Hotel Ugly, under exclusive license to Amuseio AB",0.534,0.288,10,-13.232,0,0.0331,0.195,0.0000521,0.182,0.516,139.922,4
spotify:track:26RtX0MphIh9C7ZWJEogJL,Nice Shoes,Nice Shoes,Steve Lacy,2025-08-15,195412,62,TRUE,tcgbb1ix1h1h974y7pakbtpr2,2026-09-01T20:30:18Z,,L-M Records/RCA Records,0.641,0.921,1,-4.49,0,0.0384,0.00234,0.00958,0.217,0.613,135.959,4
spotify:track:2gZuVjjHFyXNEj2YqBqyJ5,WORTHY!,WORTHY!,Kloudi.Daye,2025-04-25,175262,21,FALSE,tcgbb1ix1h1h974y7pakbtpr2,2026-09-01T20:30:18Z,,5075930 Records DK,0.562,0.931,0,-4.714,1,0.224,0.162,0,0.138,0.842,117.935,4
spotify:track:4BSR9I4ExlCJdXJo2GpBD5,Take Your Mask Off (feat. Daniel Caesar & LaToiya Williams),CHROMAKOPIA,"Tyler, The Creator;Daniel Caesar;LaToiya Williams",2024-10-28,253909,69,TRUE,tcgbb1ix1h1h974y7pakbtpr2,2026-09-01T20:30:18Z,,Columbia,0.503,0.658,6,-5.823,0,0.154,0.46,0,0.382,0.515,121.784,5
spotify:track:2BDOJPAGE1W3roL0EsK2g0,Princess Bubblegum,Princess Bubblegum,ilyTOMMY,2018-07-30,95708,75,FALSE,tcgbb1ix1h1h974y7pakbtpr2,2026-09-01T20:30:18Z,,RBC Records,0.59,0.484,7,-11.613,1,0.0742,0.42,0.0387,0.109,0.0726,140,4
spotify:track:6K53GM9W6Vle5KBwGFVnZM,Space Cowboy,The Return of the Space Cowboy (Remastered),Jamiroquai,1994-10-17,386973,67,FALSE,tcgbb1ix1h1h974y7pakbtpr2,2026-09-01T20:30:18Z,acid jazz,Sony Music UK,0.65,0.741,10,-8.368,0,0.118,0.155,0.404,0.175,0.751,110.179,4
spotify:track:6shRGWCtBUOPFLFTTqXZIC,Upside Down,Jack Johnson And Friends: Sing-A-Longs And Lullabies For The Film Curious George,Jack Johnson,2006,208653,77,FALSE,tcgbb1ix1h1h974y7pakbtpr2,2026-09-01T20:30:18Z,surf rock,Brushfire Records/Universal,0.787,0.655,6,-8.339,0,0.0431,0.238,0.000171,0.138,0.65,102.485,4
spotify:track:0Hnm7mnmqOLCIgvbMpM4Ev,Maui Wowie,A Kid Named Cudi,Kid Cudi,2022-07-15,143466,77,TRUE,tcgbb1ix1h1h974y7pakbtpr2,2026-09-01T20:30:18Z,,Republic Records,0.819,0.635,6,-6.89,1,0.0509,0.176,0,0.166,0.607,122.694,4
spotify:track:2X6b7zLdIxCejd6GqVcQ9M,3005,Because the Internet,Childish Gambino,2013-12-10,234215,84,TRUE,tcgbb1ix1h1h974y7pakbtpr2,2026-09-01T20:30:18Z,,Glassnote - VMG,0.472,0.449,6,-7.272,0,0.326,0.113,0,0.0891,0.634,166.065,4
spotify:track:4Nw7kywWurWS6ceinn1cHK,Baby Powder,Division,Jenevieve,2021-09-03,176760,68,FALSE,tcgbb1ix1h1h974y7pakbtpr2,2026-09-01T20:30:18Z,alternative r&b,Joyface Records/Interscope Records,0.799,0.452,1,-7.641,0,0.0466,0.238,0.000133,0.0878,0.732,78.461,3
spotify:track:65cadL1ax9MUOsx2HpePe7,hyper,hyper,Barretta,2024-08-14,126406,58,TRUE,tcgbb1ix1h1h974y7pakbtpr2,2026-09-01T20:30:18Z,,Barretta,0.749,0.664,6,-9.155,0,0.339,0.744,0,0.134,0.398,152.059,4
spotify:track:435G68Dwi0x6d3UcMJRE59,Collapsing New Buildings,Fair Do's,pennines,2009-02-05,191242,17,FALSE,tcgbb1ix1h1h974y7pakbtpr2,2026-09-01T20:30:18Z,"midwest emo,math rock",pennines,0.346,0.644,9,-9.669,1,0.0457,0.586,0.012,0.103,0.228,164.575,4
spotify:track:40U4vOjigHhYWs8uh2r2hH,Whiskey Tango Foxtrot? Lima Oscar Lima!,First CD,pennines,2024-10-28,320182,25,FALSE,tcgbb1ix1h1h974y7pakbtpr2,2026-09-01T20:30:18Z,"midwest emo,math rock",pennines,0.642,0.724,7,-4.749,1,0.037,0.151,0.427,0.109,0.573,87.766,4
spotify:track:4E2j6b0NrYXnlypn9sMiOu,Feel Good,Good Mourning,Clara La San,2024-12-13,212565,78,TRUE,tcgbb1ix1h1h974y7pakbtpr2,2026-09-01T20:30:18Z,,CLS Music,0.634,0.441,6,-8.848,0,0.0423,0.453,0.0000498,0.0863,0.283,136.952,4
spotify:track:5RqyRk24lcL4GkZDA4Tip7,The Moment,Bite Reality,Cafuné,2025-09-12,137844,40,FALSE,tcgbb1ix1h1h974y7pakbtpr2,2026-09-01T20:30:18Z,,Cafuné,0.292,0.893,10,-4.76,1,0.0569,0.000777,0.385,0.223,0.499,140.139,4
spotify:track:0pdE8KZQP8TjHPEflG7Fyh,Attack + Release,Bite Reality,Cafuné,2025-09-12,242656,37,FALSE,tcgbb1ix1h1h974y7pakbtpr2,2026-09-01T20:30:18Z,,Cafuné,0.452,0.8,8,-6.077,0,0.0392,0.452,0.162,0.134,0.419,123.922,4
spotify:track:0ShIiSChhENx7N31rIAZd1,Sore Spot,Bite Reality,Cafuné,2025-09-12,214202,33,FALSE,tcgbb1ix1h1h974y7pakbtpr2,2026-09-01T20:30:18Z,,Cafuné,0.64,0.72,2,-7.462,1,0.07,0.637,0.0762,0.116,0.661,89.973,4
spotify:track:2qmmnbJ9JR3f7vofbyje5r,Slow Dance,Charm,Clairo,2024-07-12,234853,79,FALSE,tcgbb1ix1h1h974y7pakbtpr2,2026-09-01T20:30:18Z,bedroom pop,Clairo,0.727,0.534,2,-8.444,1,0.0297,0.72,0.0186,0.0977,0.598,84.007,4
spotify:track:1ljtQrsf55VCwjqXjro7Po,Another life (feat. Rema),Heaven knows,PinkPantheress;Rema,2023-11-10,172173,62,FALSE,tcgbb1ix1h1h974y7pakbtpr2,2026-09-01T20:30:18Z,"bedroom pop,afrobeats,afrobeat,afropop,afropiano",Warner Records,0.607,0.874,0,-4.535,0,0.0504,0.0396,0.118,0.102,0.536,156.975,4
spotify:track:7491l7CnemDkYH0jsoLvYr,Guillotine,The Life Of Pi'erre 4,Pi’erre Bourne,2019-06-21,179890,55,TRUE,tcgbb1ix1h1h974y7pakbtpr2,2026-09-01T20:30:18Z,melodic rap,Interscope Records,0.703,0.463,4,-6.939,0,0.0528,0.0132,0,0.348,0.234,162.924,4
spotify:track:6wOdpwaVrRtWlVSQNMBNQU,Some Girl (feat. Steve Lacy),At What Cost,GoldLink;Steve Lacy,2017-03-24,342244,60,TRUE,tcgbb1ix1h1h974y7pakbtpr2,2026-09-01T20:30:18Z,,Squaaash Club/RCA Records,0.424,0.606,6,-6.062,0,0.159,0.106,0.000272,0.144,0.397,213.788,4
spotify:track:7ibRB2S2WOfPKSvYkhcYtj,4 The Betta,Days B4 III,LUCKI,2019-10-25,132115,68,TRUE,tcgbb1ix1h1h974y7pakbtpr2,2026-09-01T20:30:18Z,cloud rap,Lucki / EMPIRE,0.78,0.453,6,-9.926,1,0.337,0.233,0.00000198,0.114,0.305,155.984,4
spotify:track:2WBKIq4LHfxg29Uo1R2arA,RIP,RIP,Miguel,2025-09-29,164692,39,FALSE,tcgbb1ix1h1h974y7pakbtpr2,2026-09-01T20:30:18Z,r&b,ByStorm Entertainment/RCA Records,0.725,0.809,2,-6.14,1,0.0477,0.0259,0.0272,0.12,0.0578,118.002,4
spotify:track:0SiPs6e7eKWXUZpZdGl3aL,Idiot,TYSM,Kimiheart,2024-11-16,89664,5,TRUE,tcgbb1ix1h1h974y7pakbtpr2,2026-09-01T20:30:18Z,,"Kimiheart, under exclusive license to Crystl Groun",0.572,0.254,6,-11.772,0,0.165,0.804,0.00053,0.1,0.625,79.635,4
spotify:track:7Mo7zoETqGgTr1RD9qiNy8,xl,Dormant,evvls,2024-12-24,91608,1,TRUE,tcgbb1ix1h1h974y7pakbtpr2,2026-09-01T20:30:18Z,,"evvls, under exclusive license to Crystl Ground Group Records, LLC.",0.746,0.442,0,-8.056,1,0.174,0.319,0,0.113,0.223,128.134,3
spotify:track:5FEXPoPnzueFJQCPRIrC3c,Day 'N' Nite (nightmare),Man On The Moon: The End Of Day,Kid Cudi,2009-09-15,221266,69,FALSE,tcgbb1ix1h1h974y7pakbtpr2,2026-09-01T20:30:18Z,,Kid Cudi/Universal Records,0.871,0.44,11,-6.25,0,0.0762,0.499,0.00000414,0.114,0.798,137.996,4
spotify:track:025c4zVMZmyLrSPtsmXA7x,The Killing,CAOS,Miguel,2025-10-23,215494,50,TRUE,tcgbb1ix1h1h974y7pakbtpr2,2026-09-01T20:30:18Z,r&b,ByStorm Entertainment/RCA Records,0.731,0.448,0,-5.679,1,0.0273,0.152,0.0551,0.606,0.0715,102.998,4
spotify:track:13qE9UwXHDPk83chAKorAE,sick & tired 3,sick & tired 3,ilyTOMMY,2025-10-24,96958,58,FALSE,tcgbb1ix1h1h974y7pakbtpr2,2026-09-01T20:30:18Z,,ilyTOMMY,0.744,0.609,1,-7.585,1,0.0634,0.178,0.407,0.122,0.506,90.98,4
spotify:track:0DpKErgtejZ8h2juCmn5u8,Runtz & Balenciagas,Baby,Baby Smoove,2019-12-03,91751,30,TRUE,tcgbb1ix1h1h974y7pakbtpr2,2026-09-01T20:30:18Z,,Never Stop Cashin,0.408,0.579,0,-9.044,1,0.247,0.11,0,0.167,0.187,176.903,4
spotify:track:2fuYa3Lx06QQJAm0MjztKr,Let Down,OK Computer,Radiohead,1997-05-28,299560,90,FALSE,tcgbb1ix1h1h974y7pakbtpr2,2026-09-01T20:30:18Z,"art rock,alternative rock",XL Recordings,0.351,0.676,9,-9.017,1,0.0313,0.000121,0.113,0.18,0.143,102.46,4
spotify:track:1F6IbA7di42uPc3cff8PXV,Flaming Hot Cheetos,Flaming Hot Cheetos,Clairo,2017-06-14,123884,3,FALSE,tcgbb1ix1h1h974y7pakbtpr2,2026-09-01T20:30:18Z,bedroom pop,FADER Label,0.817,0.551,7,-9.33,0,0.133,0.865,0.000151,0.101,0.142,109.966,4
spotify:track:0OpC8hRrbsh24taKOsQBEX,Real Man,This Is How Tomorrow Moves,beabadoobee,2024-08-09,160600,80,FALSE,tcgbb1ix1h1h974y7pakbtpr2,2026-09-01T20:30:18Z,bedroom pop,Dirty Hit,0.555,0.745,10,-5.94,0,0.0342,0.636,0,0.146,0.442,129.986,4
spotify:track:0upgxxew2mVAEctrz08jnf,Love Foolosophy - Radio Edit,A Funk Odyssey,Jamiroquai,2001-08-29,224493,68,FALSE,tcgbb1ix1h1h974y7pakbtpr2,2026-09-01T20:30:18Z,acid jazz,Epic,0.799,0.69,11,-4.998,0,0.0749,0.0119,0.0000287,0.133,0.896,129.297,4
spotify:track:1MJErNPIQUoEMu4YUUmecm,Neon Guts (feat. Pharrell Williams),Luv Is Rage 2,Lil Uzi Vert;Pharrell Williams,2017-08-25,258789,77,TRUE,tcgbb1ix1h1h974y7pakbtpr2,2026-09-01T20:30:18Z,"melodic rap,rage rap",Generation Now/Atlantic,0.859,0.563,1,-6.635,0,0.112,0.0541,0,0.0685,0.412,119.934,4
spotify:track:17GPe1zFxTn9A5tmfCSiiz,jiggy,jiggy,ksuuvi;xaviersobased,2024-11-17,102768,7,TRUE,tcgbb1ix1h1h974y7pakbtpr2,2026-09-01T20:30:18Z,"cloud rap,underground hip hop",3469859 Records DK,0.635,0.447,11,-11.805,0,0.198,0.1,0,0.12,0.203,130.433,5
spotify:track:2OY1FPx3DtP1EejTyIMG1f,Signs,Signs,Essosa,2025-11-13,162500,40,FALSE,tcgbb1ix1h1h974y7pakbtpr2,2026-09-01T20:30:18Z,uk r&b,Essosa,0.706,0.529,6,-9.737,0,0.0518,0.0256,0.000132,0.0942,0.599,155.979,4
spotify:track:016z46SJwcRosW9Xb8JKmF,scars,scars,Novulent,2023-06-19,95002,69,FALSE,tcgbb1ix1h1h974y7pakbtpr2,2026-09-01T20:30:18Z,shoegaze,The Royals,0.339,0.842,9,-4.65,1,0.048,0.00317,0.000014,0.107,0.144,83.942,4
spotify:track:7yNf9YjeO5JXUE3JEBgnYc,Babydoll,"Don't Forget About Me, Demos",Dominic Fike,2018-10-16,97960,98,FALSE,tcgbb1ix1h1h974y7pakbtpr2,2026-09-01T20:30:18Z,,Columbia,0.762,0.604,7,-5.296,0,0.11,0.114,0,0.0271,0.847,168.007,4
spotify:track:5uPvflN6t4ORihIjTHIQOu,BANG!,LIFE'S A TRIP,Trippie Redd,2018-08-10,283320,64,TRUE,tcgbb1ix1h1h974y7pakbtpr2,2026-09-01T20:30:18Z,melodic rap,"TenThousand Projects, LLC",0.71,0.524,11,-9.224,0,0.0545,0.252,0.00000753,0.128,0.462,147.957,4
spotify:track:4hP7NIeToP2hU6lyvIHPyp,Netflix & Dusse,blkswn,Smino,2017-03-14,259338,53,TRUE,tcgbb1ix1h1h974y7pakbtpr2,2026-09-01T20:30:18Z,,Downtown JV,0.725,0.329,7,-9.704,0,0.53,0.439,0,0.32,0.159,79.962,4
spotify:track:2YZa0dsV3xXGZ61XFYiRt8,Rewind,REBOOT,Wonder Girls,2015-08-03,213480,72,FALSE,tcgbb1ix1h1h974y7pakbtpr2,2026-09-01T20:30:18Z,k-pop,Republic Records - JYP Entertainment,0.716,0.886,1,-3.658,1,0.0327,0.574,0,0.322,0.462,105.011,4
spotify:track:4btQkKhLaYUsYmACjZuDh7,Luvaroq,Circmvnt,Elujay;serpentwithfeet,2022-01-21,220797,42,TRUE,tcgbb1ix1h1h974y7pakbtpr2,2026-09-01T20:30:18Z,"alternative r&b,indie r&b",Duetti,0.689,0.686,1,-6.183,1,0.0285,0.0472,0.0817,0.0516,0.745,141.996,4
spotify:track:0DbsK4BPOLn05Ob7ENZ6tc,Deadman's Wonderland,A Love Letter To You 2,Trippie Redd;Antionia,2017-10-06,237316,46,TRUE,tcgbb1ix1h1h974y7pakbtpr2,2026-09-01T20:30:18Z,melodic rap,TenThousand Projects,0.345,0.703,0,-8.247,1,0.324,0.857,0,0.0888,0.252,37.488,4
spotify:track:74sgNJ8PU2optK2paSYjJA,MOONGAZIN,GOTHIC.Mp3s,Tx Kiju,2024-06-21,79459,45,FALSE,tcgbb1ix1h1h974y7pakbtpr2,2026-09-01T20:30:18Z,,Tx Kiju,0.763,0.614,1,-8.088,1,0.0648,0.473,0.842,0.11,0.578,144.974,4
spotify:track:0JfEZaLJb9dqksv2GatiQo,OUTOFHERE,GOTHIC.Mp3s,Tx Kiju,2024-06-21,125010,24,FALSE,tcgbb1ix1h1h974y7pakbtpr2,2026-09-01T20:30:18Z,,Tx Kiju,0.494,0.918,7,-7.398,1,0.0347,0.00263,0.617,0.0885,0.824,191.966,4
spotify:track:579BBvRYaa1UyrBbgiMTC0,re4lm3h,Lost Signals,Tx Kiju,2025-02-21,152967,29,FALSE,tcgbb1ix1h1h974y7pakbtpr2,2026-09-01T20:30:18Z,,Tx Kiju,0.474,0.758,5,-7.285,1,0.029,0.00011,0.018,0.187,0.207,182.077,4
spotify:track:5FL1zrRYRZmTrh6KcPEQMN,meaningful love,meaningful love,Silo;Steven Cranberry;coye,2025-11-22,237419,4,TRUE,tcgbb1ix1h1h974y7pakbtpr2,2026-09-01T20:30:18Z,,silo,0.486,0.417,1,-12.675,1,0.0528,0.0582,0.00603,0.296,0.356,134.661,3
spotify:track:5FSvy2wYKnurBi0Nq3wR9F,PUNK ROCKY,PUNK ROCKY,A$AP Rocky,2026-01-05,235344,64,TRUE,tcgbb1ix1h1h974y7pakbtpr2,2026-09-01T20:30:18Z,rap,A$AP Worldwide/RCA Records,0.637,0.845,0,-4.13,1,0.0304,0.0102,0.0276,0.148,0.642,140.043,4
spotify:track:1DxOabtnI3W4ouECc6AdyT,薄ら氷心中,逆輸入 〜航空局〜,Sheena Ringo,2017-12-06,192680,71,FALSE,tcgbb1ix1h1h974y7pakbtpr2,2026-09-01T20:30:18Z,"j-pop,j-rock",Universal Music LLC,0.517,0.716,10,-4.996,0,0.0424,0.00564,0.00968,0.116,0.546,132.956,3
spotify:track:01z2fBGB8Hl3Jd3zXe4IXR,Come Back to Earth,Swimming,Mac Miller,2018-08-03,161840,81,FALSE,tcgbb1ix1h1h974y7pakbtpr2,2026-09-01T20:30:18Z,,Warner Records,0.272,0.238,2,-12.148,0,0.0349,0.89,0.00925,0.275,0.119,83.507,4
spotify:track:64kEBCPbeV06af3omyh1Ju,Just for Now,Speak for Yourself (Deluxe Version),Imogen Heap,2005,180303,71,FALSE,tcgbb1ix1h1h974y7pakbtpr2,2026-09-01T20:30:18Z,,Megaphonic,0.45,0.376,3,-9.139,1,0.0286,0.82,0.00000174,0.123,0.465,149.918,4
spotify:track:2xsTsnA5QOFCnFXdEHGkli,STAY HERE 4 LIFE (feat. Brent Faiyaz),Don't Be Dumb,A$AP Rocky;Brent Faiyaz,2026-01-16,346093,82,TRUE,tcgbb1ix1h1h974y7pakbtpr2,2026-09-01T20:30:18Z,"rap,r&b",A$AP Worldwide/RCA Records,0.551,0.531,11,-10.042,1,0.272,0.524,0,0.471,0.499,115.233,4
spotify:track:5FYaSV8TLF7qvonB1BDOw0,ROBBERY (feat. Doechii),Don't Be Dumb,A$AP Rocky;Doechii,2026-01-16,235206,60,TRUE,tcgbb1ix1h1h974y7pakbtpr2,2026-09-01T20:30:18Z,rap,A$AP Worldwide/RCA Records,0.47,0.485,1,-9.404,1,0.105,0.71,0.00024,0.0932,0.538,97.956,4
spotify:track:6R1lKtITVkOQkqo9pANPkL,Chasing,Chasing,Lelo,2024-08-27,169016,70,TRUE,tcgbb1ix1h1h974y7pakbtpr2,2026-09-01T20:30:18Z,,10K Projects,0.598,0.651,4,-7.312,0,0.175,0.0665,0,0.0962,0.489,158.972,4
spotify:track:65X2koe1LhDgQmRkNdJFv9,AIZO,AIZO,King Gnu,2026-01-09,215858,84,FALSE,tcgbb1ix1h1h974y7pakbtpr2,2026-09-01T20:30:18Z,"j-pop,anime,j-rock",Sony Music Labels Inc.,0.554,0.967,9,-2.573,0,0.148,0.0316,0,0.148,0.365,95.032,4
spotify:track:1qbmS6ep2hbBRaEZFpn7BX,Man I Need,Man I Need,Olivia Dean,2025-08-15,184000,96,FALSE,tcgbb1ix1h1h974y7pakbtpr2,2026-09-01T20:30:18Z,pop soul,PLG - Capitol,0.808,0.593,1,-7.27,1,0.0714,0.488,0.000451,0.0933,0.688,119.008,4
spotify:track:07mdQUH1Cy5j4mTpyG6IOe,Let Go,Let Go,Ark Patrol;Veronika Redd,2016-04-14,248056,27,FALSE,tcgbb1ix1h1h974y7pakbtpr2,2026-09-01T20:30:18Z,,Heroic,0.462,0.436,0,-10.228,1,0.0368,0.67,0.263,0.294,0.0389,82.054,3
spotify:track:5JXtkWtuqS8Dm8sKbtPGWa,9,ZUSHI,Dean Blunt;Panda Bear,2020-03-27,87115,76,FALSE,tcgbb1ix1h1h974y7pakbtpr2,2026-09-01T20:30:18Z,neo-psychedelic,World Music,0.491,0.307,5,-14.502,0,0.0395,0.275,0.000171,0.101,0.0849,112.723,5
spotify:track:784VjdNkpXhFV0RHquzsi2,100,BLACK METAL,Dean Blunt,2014-11-03,200906,74,FALSE,tcgbb1ix1h1h974y7pakbtpr2,2026-09-01T20:30:18Z,,Rough Trade,0.613,0.807,10,-6.47,0,0.0246,0.000406,0.065,0.267,0.482,102.205,4
spotify:track:2Gnsof1hvZzjE1xdLRpjtf,Over My Dead Body,Take Care (Deluxe),Drake,2011-11-15,272573,80,TRUE,tcgbb1ix1h1h974y7pakbtpr2,2026-09-01T20:30:18Z,rap,Cash Money Records/Young Money Ent./Universal Rec.,0.489,0.57,1,-10.291,1,0.306,0.759,0.0000021,0.179,0.584,185.516,4
spotify:track:3kMrazSvILsgcwtidZd1Qd,Bulletproof,La Roux,La Roux,2009,205733,78,FALSE,tcgbb1ix1h1h974y7pakbtpr2,2026-09-01T20:30:18Z,,Polydor Records,0.674,0.882,3,-2.771,0,0.0477,0.000441,0.0000662,0.068,0.682,123.017,4
spotify:track:3nQA8Wj3KmWQRKq7yu4Db3,COCONUT (feat. Eem Triplin),FROM FLORIDA'S FINEST DELU/XXX [for my delusional ex],SAILORR;Eem Triplin,2025-12-05,156933,71,FALSE,tcgbb1ix1h1h974y7pakbtpr2,2026-09-01T20:30:18Z,,BuVision,0.656,0.612,5,-10.914,0,0.182,0.443,0.0000462,0.243,0.43,88.013,4
spotify:track:6y0Etr2KJr0sdcEp7ajoUK,Cosmic Girl - Remastered 2013,Travelling Without Moving (Remastered),Jamiroquai,1996-09-09,244146,76,FALSE,tcgbb1ix1h1h974y7pakbtpr2,2026-09-01T20:30:18Z,acid jazz,Sony Music CG,0.633,0.921,11,-7.719,0,0.0495,0.0261,0.00102,0.309,0.925,119.865,4
spotify:track:1goNZsIE8w3NQOzlP40veh,Make Believe,Death Race For Love (Bonus Track Version),Juice WRLD,2019-03-08,142025,67,TRUE,tcgbb1ix1h1h974y7pakbtpr2,2026-09-01T20:30:18Z,"melodic rap,emo rap",Grade A Productions/Interscope Records,0.465,0.841,0,-4.35,1,0.0724,0.123,0,0.138,0.672,83.965,4
spotify:track:0H76iZ2jz50lFLzsnP51hO,Dont care didnt ask,YEN,Yen,2026-01-23,83824,57,FALSE,tcgbb1ix1h1h974y7pakbtpr2,2026-09-01T20:30:18Z,,Yen Archive,0.541,0.301,6,-11.173,0,0.0312,0.826,0.0561,0.123,0.103,140.006,4
spotify:track:3GPUHAJ9xvGGmikefENhgi,Jane!,Jane!,The Long Faces,2018-07-03,186986,31,FALSE,tcgbb1ix1h1h974y7pakbtpr2,2026-09-01T20:30:18Z,,The Long Faces,0.482,0.542,1,-10.928,0,0.0365,0.0211,0.00000129,0.105,0.744,146.099,4
spotify:track:6nmRXpBtPUAQxtLc5akRfk,Morning Sex,Morning Sex,Ralph Castelli,2019-06-07,175312,71,FALSE,tcgbb1ix1h1h974y7pakbtpr2,2026-09-01T20:30:18Z,bedroom pop,Eat What You Kill,0.81,0.353,6,-9.536,1,0.0439,0.0474,0.000119,0.0853,0.731,124.985,4
spotify:track:3SeDS5sSoWnwAZvVgkdKzf,Better in the Dark,Summer's Over,Jordana;TV Girl,2021-10-13,155500,83,FALSE,tcgbb1ix1h1h974y7pakbtpr2,2026-09-01T20:30:18Z,,Summer's Over,0.678,0.64,9,-7.486,1,0.0268,0.283,0.00067,0.682,0.701,90.058,4
spotify:track:6jtqO14L18plBtpDTtUkFR,Bunce Road Blues (with Future & Tems),The Fall-Off,J. Cole;Future;Tems,2026-02-06,310626,70,TRUE,tcgbb1ix1h1h974y7pakbtpr2,2026-09-01T20:30:18Z,"rap,trap,afrobeats,afro r&b,alté,afrobeat","Cole World, Inc., under exclusive license to Interscope Records.",0.734,0.594,9,-7.096,1,0.0546,0.183,0.0000454,0.21,0.427,137.972,4
spotify:track:3sJLoIc9y1b4gKAP8ZNsR9,SAFETY,The Fall-Off,J. Cole,2026-02-06,318066,73,TRUE,tcgbb1ix1h1h974y7pakbtpr2,2026-09-01T20:30:18Z,rap,"Cole World, Inc., under exclusive license to Interscope Records.",0.767,0.74,10,-5.415,0,0.248,0.0712,0,0.0687,0.562,93.111,4
spotify:track:0pchHye1t8VA9gTHK3hAAZ,Life Sentence,The Fall-Off,J. Cole,2026-02-06,252986,68,TRUE,tcgbb1ix1h1h974y7pakbtpr2,2026-09-01T20:30:18Z,rap,"Cole World, Inc., under exclusive license to Interscope Records.",0.627,0.727,2,-5.515,1,0.232,0.119,0,0.0484,0.526,122.858,5
spotify:track:2aNaJLXE4SXbm9L23qpHTG,The Let Out,The Fall-Off,J. Cole,2026-02-06,254013,71,TRUE,tcgbb1ix1h1h974y7pakbtpr2,2026-09-01T20:30:18Z,rap,"Cole World, Inc., under exclusive license to Interscope Records.",0.666,0.579,4,-7.097,0,0.0364,0.159,0,0.325,0.379,139.97,3
spotify:track:6tRoAQrFAnSccpbVPHDIHb,Ocean Way (Bonus),The Fall-Off,J. Cole,2026-02-06,154840,61,TRUE,tcgbb1ix1h1h974y7pakbtpr2,2026-09-01T20:30:18Z,rap,"Cole World, Inc., under exclusive license to Interscope Records.",0.594,0.224,9,-12.389,0,0.0245,0.777,0.00000346,0.0885,0.232,75.071,4
spotify:track:03L2AoiRbWhvt7BDMx1jUB,U With Me?,Views,Drake,2016-05-06,297373,69,TRUE,tcgbb1ix1h1h974y7pakbtpr2,2026-09-01T20:30:18Z,rap,Cash Money Records/Young Money Ent./Universal Rec.,0.429,0.43,2,-11.373,1,0.165,0.338,0.0000118,0.138,0.125,174.983,4
spotify:track:7oSdhQFfq5ScVjRkVcj4Ua,Legacy (with PJ),The Fall-Off,J. Cole;PJ,2026-02-06,235906,68,TRUE,tcgbb1ix1h1h974y7pakbtpr2,2026-09-01T20:30:18Z,rap,"Cole World, Inc., under exclusive license to Interscope Records.",0.612,0.542,6,-7.716,1,0.306,0.232,0,0.124,0.372,83.441,4
spotify:track:2lTm559tuIvatlT1u0JYG2,BAILE INoLVIDABLE,DeBÍ TiRAR MáS FOToS,Bad Bunny,2025-01-05,367725,95,TRUE,tcgbb1ix1h1h974y7pakbtpr2,2026-09-01T20:30:18Z,"reggaeton,trap latino,latin,urbano latino",Rimas Entertainment LLC.,0.168,0.00332,10,-46.113,1,0.0615,0.192,0.79,0.112,0.219,119.387,3
spotify:track:3Nchp5FIgnabzgM1BMoOVT,cannot get over you,"for you, 親愛なる",requiem for you,2024-09-04,163908,71,TRUE,tcgbb1ix1h1h974y7pakbtpr2,2026-09-01T20:30:18Z,,campfire stories,0.181,0.894,2,-5.65,1,0.0542,0.0149,0.763,0.302,0.303,83.673,4
spotify:track:5rmmw20qm7TDplJvyQAhIn,I. Pink Toes,Because the Internet,Childish Gambino;Jhené Aiko,2013-12-10,207066,67,TRUE,tcgbb1ix1h1h974y7pakbtpr2,2026-09-01T20:30:18Z,r&b,Glassnote - VMG,0.42,0.621,7,-9.512,1,0.0749,0.0599,0.000209,0.575,0.351,79.615,4
spotify:track:3kw29NreyBGyArNmYARr63,Tuition,OCTANE,Don Toliver,2026-01-30,169090,73,TRUE,tcgbb1ix1h1h974y7pakbtpr2,2026-09-01T20:30:18Z,,CactusJack/Donnway/ATL,0.629,0.623,7,-4.6,0,0.0371,0.382,0,0.138,0.178,132.048,4
spotify:track:3vzSGr8Anj3SLaMrp613Gm,THEMSELVES,BACKWARD,Jordan Ward,2026-01-30,166687,57,TRUE,tcgbb1ix1h1h974y7pakbtpr2,2026-09-01T20:30:18Z,alternative r&b,"ARTium Recordings, LLC/Interscope Records",0.759,0.521,10,-9.423,0,0.056,0.506,0.00108,0.114,0.808,117.995,4
spotify:track:403tC8spWXnKcdXdbFnayL,Lee & Lovie (with reggie),Luv 4 Rent,Smino;reggie,2022-10-28,171676,52,TRUE,tcgbb1ix1h1h974y7pakbtpr2,2026-09-01T20:30:18Z,,Motown Records,0.508,0.686,7,-6.42,1,0.105,0.41,0.00000428,0.101,0.322,80.093,4
spotify:track:6rPdEbKcUxXOI7tY1oRR0Q,NOISY NEIGHBORS,BACKWARD,Jordan Ward,2026-01-30,191581,49,TRUE,tcgbb1ix1h1h974y7pakbtpr2,2026-09-01T20:30:18Z,alternative r&b,"ARTium Recordings, LLC/Interscope Records",0.751,0.506,1,-9.934,1,0.0642,0.82,0.127,0.105,0.627,123.204,4
spotify:track:6KqAgoz02Jjga2TGdnCAKy,III. Urn,Because the Internet,Childish Gambino,2013-12-10,73386,66,FALSE,tcgbb1ix1h1h974y7pakbtpr2,2026-09-01T20:30:18Z,,Glassnote - VMG,0.613,0.446,2,-12.759,0,0.062,0.623,0.00257,0.0731,0.406,139.727,4
spotify:track:4SfDucbeto0E9stxeZcDwy,COME AROUND,COME AROUND,JEDSOUL,2026-02-06,165589,51,FALSE,tcgbb1ix1h1h974y7pakbtpr2,2026-09-01T20:30:18Z,uk r&b,Tape,0.588,0.53,6,-9.252,1,0.287,0.559,0,0.134,0.416,89.724,4
spotify:track:055T1TvSjL24CTUfTHSZs7,I Did This To Myself,I Did This To Myself,Thundercat;Lil Yachty;Flying Lotus,2026-01-29,150613,48,TRUE,tcgbb1ix1h1h974y7pakbtpr2,2026-09-01T20:30:18Z,"idm,experimental hip hop,nu jazz,glitch",Brainfeeder,0.728,0.687,0,-5.403,1,0.123,0.144,0.00000112,0.126,0.618,113.974,4
spotify:track:14qNHvX8h6HoynFuV0RxWS,Far Away (feat. A$AP Rocky),Dawn,Yebba;A$AP Rocky,2021-09-10,199415,76,TRUE,tcgbb1ix1h1h974y7pakbtpr2,2026-09-01T20:30:18Z,rap,RCA Records Label,0.687,0.584,6,-7.336,0,0.0422,0.222,0.00114,0.12,0.228,88.025,4
spotify:track:1FSIvc9mVlodIvzFLzAci3,CHANGE OF SCENERY,BACKWARD,Jordan Ward,2026-01-30,172524,43,FALSE,tcgbb1ix1h1h974y7pakbtpr2,2026-09-01T20:30:18Z,alternative r&b,"ARTium Recordings, LLC/Interscope Records",0.585,0.396,8,-10.543,1,0.117,0.901,0.000358,0.121,0.374,79.063,4
spotify:track:7dqhCs9znNwfs8gzaASJpK,Hesitating,Demos Before Prom,Malcolm Todd,2022-05-15,144761,71,FALSE,tcgbb1ix1h1h974y7pakbtpr2,2026-09-01T20:30:18Z,,Columbia,0.479,0.441,5,-9.513,1,0.0711,0.873,0.0000175,0.161,0.365,126.204,4
spotify:track:4Ksyqz0rioYK0DJnuXp888,Touch bby,Touch bby,Essosa,2026-02-19,125954,28,FALSE,tcgbb1ix1h1h974y7pakbtpr2,2026-09-01T20:30:18Z,uk r&b,Essosa,0.912,0.565,0,-6.025,0,0.0498,0.19,0.000521,0.129,0.677,131.028,4
spotify:track:5PJQAI7y5qxxPe04Vp3b3H,Slow Down,Body High,LUCKI,2014-08-07,190145,71,TRUE,tcgbb1ix1h1h974y7pakbtpr2,2026-09-01T20:30:18Z,cloud rap,Lucki Eck$,0.585,0.568,8,-9.624,1,0.149,0.323,0.0107,0.13,0.484,99.887,4
spotify:track:7c5JxJWGMJqG0IYABA04WS,She Knows Too Much,She Knows Too Much,Thundercat;Mac Miller,2026-02-17,213106,62,TRUE,tcgbb1ix1h1h974y7pakbtpr2,2026-09-01T20:30:18Z,,Brainfeeder,0.902,0.785,1,-4.197,1,0.0424,0.242,0.00293,0.0794,0.965,103.986,4
spotify:track:0O3TAouZE4vL9dM5SyxgvH,Fashion Killa,LONG.LIVE.A$AP (Deluxe Version),A$AP Rocky,2013,236280,85,TRUE,tcgbb1ix1h1h974y7pakbtpr2,2026-09-01T20:30:18Z,rap,A$AP Worldwide/Polo Grounds Music/RCA Records,0.801,0.819,11,-5.189,1,0.158,0.292,0,0.515,0.811,139.969,4
spotify:track:5Uf7tljfwhcaLNZi6AdVow,ユラユラ,ユラユラ,HEARTS GROW,2006-12-06,299613,56,FALSE,tcgbb1ix1h1h974y7pakbtpr2,2026-09-01T20:30:18Z,"anime,j-rock",Sony Music Labels Inc.,0.487,0.942,6,-3.791,1,0.0962,0.0153,0.00000912,0.355,0.656,150.404,4
spotify:track:5BqKtuCFLfZyzfZOwlgW1f,Wind,Akeboshi,Akeboshi,2005-06-22,220600,73,FALSE,tcgbb1ix1h1h974y7pakbtpr2,2026-09-01T20:30:18Z,anime,Sony Music Direct (Japan) Inc.,0.369,0.484,0,-8.383,0,0.0423,0.475,0.00345,0.0768,0.602,116.621,1
spotify:track:3mPkQST4ybEL6xx0q7ujaZ,青春狂騒曲,Sambomaster Kyuukyoku Best,Sambomaster,2011-02-11,290173,1,FALSE,tcgbb1ix1h1h974y7pakbtpr2,2026-09-01T20:30:18Z,"j-rock,anime,j-pop",Sony Music Labels Inc.,0.295,0.918,7,-3.096,1,0.0768,0.000123,0.00000441,0.0407,0.422,136.266,4
spotify:track:2axiRrUWmlFUKmPzDsjjzg,Let Go,CHASE,Aaron May,2019-02-28,176532,78,TRUE,tcgbb1ix1h1h974y7pakbtpr2,2026-09-01T20:30:18Z,,Too Lost,0.87,0.512,9,-8.357,0,0.0596,0.0455,0,0.12,0.676,110.005,4
spotify:track:62vwAuRxiRQ4EmoQZaqCHX,Who Said,Good Mourning,Clara La San,2024-12-13,223441,72,TRUE,tcgbb1ix1h1h974y7pakbtpr2,2026-09-01T20:30:18Z,,CLS Music,0.596,0.501,7,-9.335,0,0.129,0.594,0.0000483,0.142,0.134,139.81,4
spotify:track:3BQptQg4vifnQzoNAiXdgb,Solo,Made Mistakes,Clara La San,2024-06-07,186733,65,FALSE,tcgbb1ix1h1h974y7pakbtpr2,2026-09-01T20:30:18Z,,CLS Music,0.565,0.486,7,-8.826,1,0.0668,0.486,0.00105,0.141,0.0784,165.971,4
spotify:track:1ilsVAcDe8mBnTBM6ON20c,EZEBELL,EZEBELL,Tx Kiju,2024-04-19,150857,0,FALSE,tcgbb1ix1h1h974y7pakbtpr2,2026-09-01T20:30:18Z,,Tx Kiju,0.73,0.54,6,-10.44,0,0.0648,0.572,0.55,0.109,0.176,140.007,4
spotify:track:15I2gq8Nill5zwxabTFD6f,If I Get High,Nothing But Thieves (Track by Track),Nothing But Thieves,2015-10-09,206573,65,FALSE,tcgbb1ix1h1h974y7pakbtpr2,2026-09-01T20:30:18Z,,RCA Records Label,0.408,0.571,4,-5.533,1,0.0321,0.0106,0.00945,0.123,0.118,139.994,4
spotify:track:0ZFQxmNIOj03o7OMaiPcVX,Alternative Outro,Alternative Trap,LUCKI,2013-02-25,290063,70,TRUE,tcgbb1ix1h1h974y7pakbtpr2,2026-09-01T20:30:18Z,cloud rap,Lucki Eck$,0.287,0.442,11,-12.956,1,0.0422,0.911,0.000444,0.349,0.164,116.009,4
spotify:track:0NuhsAcq78bzMPGwFGS85T,Count on Me II,Alternative Trap,LUCKI,2013-02-25,245054,50,TRUE,tcgbb1ix1h1h974y7pakbtpr2,2026-09-01T20:30:18Z,cloud rap,Lucki Eck$,0.635,0.462,11,-12.456,0,0.334,0.821,0.00000161,0.178,0.315,61.469,4
spotify:track:0IvBABGqCqwhDu9XBxQDiX,Nicky Wilson,Alternative Trap,LUCKI,2013-02-25,208013,44,TRUE,tcgbb1ix1h1h974y7pakbtpr2,2026-09-01T20:30:18Z,cloud rap,Lucki Eck$,0.66,0.713,11,-7.54,1,0.552,0.63,0.0000523,0.304,0.302,165.93,3
spotify:track:5gUFha16EARYJkQfVNLWrh,Bring It Back,The Ruined,Chris Travis,2016-01-19,173863,68,TRUE,tcgbb1ix1h1h974y7pakbtpr2,2026-09-01T20:30:18Z,cloud rap,Water Boyz Ent / EMPIRE,0.742,0.381,11,-11.695,1,0.0524,0.123,0,0.106,0.141,109.49,4
spotify:track:0Vf77MNt0pty1QoKVDD4xo,Jojo Sono Chino Sadame,Jojo Sono Chino Sadame,Hiroaki Tommy Tominaga,2014-10-29,262566,0,FALSE,tcgbb1ix1h1h974y7pakbtpr2,2026-09-01T20:30:18Z,anime,WaterTower Music,0.429,0.979,7,-2.204,0,0.119,0.0986,0.00000232,0.302,0.434,146.145,4
spotify:track:7eYvznsuCo8LS2HsGEeVXP,In Love,CHASE,Aaron May,2019-02-28,232510,68,TRUE,tcgbb1ix1h1h974y7pakbtpr2,2026-09-01T20:30:18Z,,Too Lost,0.718,0.474,1,-6.572,0,0.093,0.648,0,0.13,0.32,74.942,4
spotify:track:1caFMoQlQyF5JHvfPNe49E,Bad Things,Cults,Cults,2011-05-23,218560,56,FALSE,tcgbb1ix1h1h974y7pakbtpr2,2026-09-01T20:30:18Z,,ITNO/Columbia,0.289,0.731,1,-6.866,0,0.0554,0.374,0.316,0.292,0.289,113.618,4
spotify:track:7yvdp8dqmxExSJwT2fn6Xq,Binz,When I Get Home,Solange,2019-03-01,111226,62,TRUE,tcgbb1ix1h1h974y7pakbtpr2,2026-09-01T20:30:18Z,"alternative r&b,neo soul",Saint Records/Columbia,0.863,0.625,8,-6.323,1,0.313,0.101,0.00000413,0.166,0.456,83.98,4
spotify:track:6GCIYIWUBSLontW6divqsw,Stay Flo,When I Get Home,Solange,2019-03-01,175706,57,TRUE,tcgbb1ix1h1h974y7pakbtpr2,2026-09-01T20:30:18Z,"alternative r&b,neo soul",Saint Records/Columbia,0.823,0.558,9,-7.119,1,0.0278,0.397,0.0000203,0.0821,0.674,155.974,4
spotify:track:6f6wDJJ1Xvi7muiEx99pbh,Keep Heaven Dancing,2014 Forest Hills Drive (10 Year Anniversary Edition),J. Cole,2024-12-20,246958,48,TRUE,tcgbb1ix1h1h974y7pakbtpr2,2026-09-01T20:30:18Z,rap,Cole World/Interscope Records,0.769,0.796,8,-9.503,0,0.471,0.472,0,0.124,0.576,113.354,4
spotify:track:4mtpjNb1aZ5TVBpqCGtqv0,Die Together,2014 Forest Hills Drive (10 Year Anniversary Edition),J. Cole,2024-12-20,224639,50,TRUE,tcgbb1ix1h1h974y7pakbtpr2,2026-09-01T20:30:18Z,rap,Cole World/Interscope Records,0.735,0.595,5,-8.889,0,0.369,0.157,0,0.582,0.523,158.043,4
spotify:track:0Fs9cdPDhptWEDJmiCbkEW,She Knows (feat. Amber Coffman & Cults),Born Sinner (Deluxe Version),J. Cole;Cults;Amber Coffman,2013-06-18,296520,77,TRUE,tcgbb1ix1h1h974y7pakbtpr2,2026-09-01T20:30:18Z,"rap,dubstep,dub",Roc Nation LLC,0.766,0.74,1,-10.363,1,0.0807,0.0193,0.0784,0.229,0.183,118.008,4
spotify:track:3SoarlzPEiF7NgSeGsh44S,the feeling,the feeling,Steve Lacy,2026-06-05,275936,80,TRUE,tcgbb1ix1h1h974y7pakbtpr2,2026-09-01T20:30:18Z,,L-M Records/RCA Records,0.577,0.655,0,-8.013,0,0.0335,0.125,0.0245,0.0823,0.459,85.986,4
spotify:track:08QUYTMO6gZDCKQFTCXBbz,do i clench my fists?,do i clench my fists?,ridgeclub,2026-05-15,153275,69,FALSE,tcgbb1ix1h1h974y7pakbtpr2,2026-09-01T20:30:18Z,,ridgeclub,0.492,0.376,7,-12.133,0,0.0353,0.922,0.898,0.381,0.174,69.981,4
spotify:track:6ulzLZnp6Y2TVLh1inckeJ,Brand Name,GO:OD AM,Mac Miller,2015-09-18,302133,62,TRUE,tcgbb1ix1h1h974y7pakbtpr2,2026-09-01T20:30:18Z,,Warner Records,0.385,0.71,9,-5.158,0,0.0805,0.0565,0.00000724,0.0632,0.398,148.385,4
spotify:track:2id1xnRQloCopsF5IFRY15,Only Girl,Only Girl,Kali Uchis;Steve Lacy;Vince Staples,2016-04-11,222162,59,TRUE,tcgbb1ix1h1h974y7pakbtpr2,2026-09-01T20:30:18Z,,EMI,0.806,0.499,9,-7.245,0,0.151,0.198,0.0000371,0.0711,0.402,148.033,4
spotify:track:6N4WUdbz6HVKy6u6JX1KqK,Preoccupied,Here Comes The Cowboy,Mac DeMarco,2019-05-10,239645,71,FALSE,tcgbb1ix1h1h974y7pakbtpr2,2026-09-01T20:30:18Z,"indie,lo-fi indie",Mac’s Record Label,0.813,0.212,8,-15.421,1,0.163,0.329,0.0725,0.123,0.482,159.062,4
spotify:track:0UqYymwSS3HoWAeWvBJsoG,Guide,Apollo XXI,Steve Lacy,2019-05-24,141531,65,FALSE,tcgbb1ix1h1h974y7pakbtpr2,2026-09-01T20:30:18Z,,3qtr,0.815,0.73,5,-7.615,0,0.0803,0.0407,0.000242,0.215,0.497,128.97,4
spotify:track:72cGBEqu7RitIOoACXYjfR,The Blonde,French Exit,TV Girl,2014-06-05,227760,82,FALSE,tcgbb1ix1h1h974y7pakbtpr2,2026-09-01T20:30:18Z,,TV Girl,0.501,0.547,1,-7.961,0,0.0243,0.225,0.912,0.288,0.225,87.692,4
spotify:track:5l6hpyTGBK0LAAxgPnqTQL,Look After You,How To Save A Life,The Fray,2005-09-13,266773,84,FALSE,tcgbb1ix1h1h974y7pakbtpr2,2026-09-01T20:30:18Z,,Epic,0.447,0.592,6,-3.015,0,0.0319,0.0575,0.00000447,0.13,0.283,78.039,4
spotify:track:6LUGvXEAK8WxIBYK43uoTb,Back to the Old House - 2011 Remaster,Louder Than Bombs,The Smiths,1987,186626,84,FALSE,tcgbb1ix1h1h974y7pakbtpr2,2026-09-01T20:30:18Z,"new wave,jangle pop",WM UK,0.626,0.488,2,-7.805,1,0.0253,0.0102,0.000188,0.141,0.404,104.13,3
spotify:track:4dneV7C1yDt9UtyxrQY375,Boys Don't Cry - Single Version,Three Imaginary Boys (Deluxe Edition),The Cure,1979-05-11,157533,77,FALSE,tcgbb1ix1h1h974y7pakbtpr2,2026-09-01T20:30:18Z,"new wave,post-punk,gothic rock,darkwave",Rhino/Elektra,0.465,0.841,11,-5.767,0,0.0633,0.00486,0,0.109,0.689,168.743,4
spotify:track:5WhtlIoxoZrMmuaWWEQhwV,Undone - The Sweater Song,Weezer,Weezer,1994-05-10,305533,78,FALSE,tcgbb1ix1h1h974y7pakbtpr2,2026-09-01T20:30:18Z,alternative rock,DGC,0.457,0.618,6,-6.682,1,0.0296,0.00114,0.00257,0.0679,0.579,80.184,4
spotify:track:06S9yAhcFOoxdc9ES0JXWP,"Mound Bayou / Proper Black Folks (feat. Christone ""Kingfish"" Ingram)",Sinners (Original Motion Picture Score),"Ludwig Göransson;Sinners Movie;Christone ""Kingfish"" Ingram",2025-04-18,206413,62,FALSE,tcgbb1ix1h1h974y7pakbtpr2,2026-09-01T20:30:18Z,"score,soundtrack,southern gothic,modern blues,blues rock,blues,classic blues,soul blues",Sony Classical,0.123,0.138,8,-18.349,0,0.0364,0.937,0.865,0.0745,0.0355,88.817,4
spotify:track:22NHkFYbgxB2Zirj29Gbp8,oh yeah?,Oh yeah?,Steve Lacy,2026-07-17,170584,93,TRUE,tcgbb1ix1h1h974y7pakbtpr2,2026-09-01T20:30:18Z,,L-M Records/RCA Records,0.52,0.89,1,-4.984,1,0.0535,0.0192,0.00478,0.101,0.236,143.999,4
spotify:track:3RmFPuTTAjSQ2pbEd2j9oA,Loser,Loser,Tame Impala,2025-09-03,223069,92,TRUE,tcgbb1ix1h1h974y7pakbtpr2,2026-09-01T20:30:18Z,"neo-psychedelic,indie",Columbia,0.605,0.757,10,-3.847,0,0.0326,0.0194,0.000248,0.0801,0.821,82.957,4
spotify:track:4icnlpI5IbZcRO9mpixVVW,Where You Are (feat. WILLOW),Where you are (feat. WILLOW),PinkPantheress;WILLOW,2022-04-22,153706,60,TRUE,tcgbb1ix1h1h974y7pakbtpr2,2026-09-01T20:30:18Z,bedroom pop,Parlophone UK,0.689,0.872,0,-4.786,1,0.0477,0.0965,0.000498,0.117,0.362,134.994,4
spotify:track:69UOKg0ctcOcYNfyH0BKt9,Do You Mind - Remix,Do You Mind (Remix),Kyla;DJ Paleface;Crazy Cousinz,2009-07-06,209055,87,FALSE,tcgbb1ix1h1h974y7pakbtpr2,2026-09-01T20:30:18Z,"uk funky,funky house",Isekai / broke,0.277,0.949,10,-4.574,0,0.0689,0.184,0.00361,0.0678,0.857,189.44,3
spotify:track:60a0Rd6pjrkxjPbaKzXjfq,In the End,Hybrid Theory (Bonus Edition),Linkin Park,2000-10-24,216880,93,FALSE,tcgbb1ix1h1h974y7pakbtpr2,2026-09-01T20:30:32Z,"nu metal,rap metal,rock,alternative metal",Warner Records,0.556,0.864,3,-5.87,0,0.0584,0.00958,0,0.209,0.4,105.143,4
spotify:track:0COqiPhxzoWICwFCS4eZcp,Bring Me To Life,Fallen,Evanescence,2003-03-04,235893,92,FALSE,tcgbb1ix1h1h974y7pakbtpr2,2026-09-01T20:30:32Z,alternative metal,The Bicycle Music Company,0.331,0.943,4,-3.188,0,0.0698,0.00721,0.00000206,0.242,0.296,94.612,4
spotify:track:7j31rVgGX9Q2blT92VBEA0,Teenagers,The Black Parade,My Chemical Romance,2006-10-20,161920,85,FALSE,tcgbb1ix1h1h974y7pakbtpr2,2026-09-01T20:30:32Z,"emo,pop punk",Reprise,0.463,0.857,4,-3.063,1,0.0632,0.0506,0,0.184,0.856,111.647,4
spotify:track:2UREu1Y8CO4jXkbvqAtP7g,Monster,Awake,Skillet,2009-08-21,178013,86,FALSE,tcgbb1ix1h1h974y7pakbtpr2,2026-09-01T20:30:32Z,"christian rock,christian alternative rock,christian",Atlantic Records,0.64,0.957,8,-2.336,1,0.0741,0.0431,0,0.0789,0.692,134.992,4
spotify:track:1mea3bSkSGXuIRvnydlB5b,Viva La Vida,Viva La Vida or Death and All His Friends,Coldplay,2008-06-06,242373,91,FALSE,tcgbb1ix1h1h974y7pakbtpr2,2026-09-01T20:30:32Z,,Parlophone UK,0.486,0.617,5,-7.115,0,0.0287,0.0954,0.00000323,0.109,0.417,138.015,4
spotify:track:4bPQs0PHn4xbipzdPfn6du,I Write Sins Not Tragedies,A Fever You Can't Sweat Out,Panic! At The Disco,2005-09-27,186634,80,TRUE,tcgbb1ix1h1h974y7pakbtpr2,2026-09-01T20:30:32Z,emo,Decaydance Records / Fueled By Ramen,0.569,0.83,9,-4.106,0,0.14,0.0807,0,0.114,0.609,170.094,4
spotify:track:1xsYj84j7hUDDnTTerGWlH,Dream On,Aerosmith,Aerosmith,1973-01-05,267596,33,FALSE,tcgbb1ix1h1h974y7pakbtpr2,2026-09-01T20:30:32Z,"classic rock,rock",Aerosmith P&D - Sony,0.392,0.476,1,-7.583,1,0.0249,0.397,0.000163,0.309,0.234,78.031,4
spotify:track:18lR4BzEs7e3qzc0KVkTpU,What I've Done,Minutes to Midnight,Linkin Park,2007-05-14,205226,88,FALSE,tcgbb1ix1h1h974y7pakbtpr2,2026-09-01T20:30:32Z,"nu metal,rap metal,rock,alternative metal",Warner Records,0.627,0.935,5,-4.882,1,0.0324,0.0092,0,0.147,0.287,120.092,4
spotify:track:3dPQuX8Gs42Y7b454ybpMR,Seven Nation Army,Elephant,The White Stripes,2003-04-01,232106,89,FALSE,tcgbb1ix1h1h974y7pakbtpr2,2026-09-01T20:30:32Z,"garage rock,blues rock,rock,alternative rock",Legacy Recordings,0.743,0.446,4,-7.807,0,0.0683,0.0039,0.118,0.337,0.278,123.596,4
spotify:track:2nLtzopw4rPReszdYBJU6h,Numb,Meteora,Linkin Park,2003-03-25,187520,92,FALSE,tcgbb1ix1h1h974y7pakbtpr2,2026-09-01T20:30:32Z,"nu metal,rap metal,rock,alternative metal",Warner Records,0.488,0.87,6,-4.185,0,0.0421,0.00353,0,0.484,0.211,110.072,4
spotify:track:0AOmbw8AwDnwXhHC3OhdVB,Courtesy Call,The End Is Where We Begin,Thousand Foot Krutch,2012-04-17,236898,79,FALSE,tcgbb1ix1h1h974y7pakbtpr2,2026-09-01T20:30:32Z,"christian rock,christian alternative rock,rap metal",Endurance Music Group / The Fuel Music,0.531,0.638,11,-5.145,0,0.0809,0.00409,0,0.0822,0.445,164.079,4
spotify:track:2D52zjCyqEIQa221lhw6uk,This Is War,This Is War,Thirty Seconds To Mars,2009-01-01,326983,4,FALSE,tcgbb1ix1h1h974y7pakbtpr2,2026-09-01T20:30:32Z,,Virgin Records,0.402,0.723,6,-5.26,1,0.0579,0.0663,0.000002,0.233,0.224,160.047,4
spotify:track:4CbKVDZkYKdv69I4bCaKUq,Hero,Awake,Skillet,2009-08-21,186813,79,FALSE,tcgbb1ix1h1h974y7pakbtpr2,2026-09-01T20:30:32Z,"christian rock,christian alternative rock,christian",Atlantic Records,0.533,0.967,1,-2.543,1,0.0995,0.00791,0,0.336,0.782,142.018,4
spotify:track:3b6uenXXbpCRxXyzFzWi3J,Phenomenon,Phenomenon,Thousand Foot Krutch,2003-01-01,179226,58,FALSE,tcgbb1ix1h1h974y7pakbtpr2,2026-09-01T20:30:32Z,"christian rock,christian alternative rock,rap metal",Tooth & Nail (TNN),0.561,0.774,7,-3.622,0,0.0737,0.000369,0.00000236,0.0469,0.903,164.008,4
spotify:track:56sk7jBpZV0CD31G9hEU3b,Animal I Have Become,One-X,Three Days Grace,2006-06-25,231400,82,FALSE,tcgbb1ix1h1h974y7pakbtpr2,2026-09-01T20:30:32Z,"post-grunge,rock",Jive,0.553,0.853,8,-3.668,1,0.0339,0.000684,0,0.126,0.506,122.023,4
spotify:track:0WpRF4X2LyMTZnqqrXX19U,Get Jinxed,The Music of League of Legends Vol. 1,League of Legends;Djerv,2015-01-28,154960,5,FALSE,tcgbb1ix1h1h974y7pakbtpr2,2026-09-01T20:30:32Z,norsk rock,Riot Games,0.434,0.884,7,-7.128,0,0.093,0.000728,0.00458,0.105,0.191,180.029,4
spotify:track:25FTMokYEbEWHEdss5JLZS,Teenage Dirtbag,Wheatus,Wheatus,1999-02-15,241666,88,TRUE,tcgbb1ix1h1h974y7pakbtpr2,2026-09-01T20:30:32Z,,Columbia,0.625,0.85,4,-3.904,1,0.0495,0.346,0.000233,0.174,0.633,94.661,4
spotify:track:0vOkRZZeSdTgrJNqQhSeHR,Become What You Hate,Living Well Is The Best Revenge,Midtown,2002-01-01,169506,43,FALSE,tcgbb1ix1h1h974y7pakbtpr2,2026-09-01T20:30:32Z,"pop punk,emo",Geffen*,0.339,0.979,3,-1.897,1,0.0606,0.00732,0.00000119,0.0643,0.587,192.678,4
spotify:track:6VIqkF9v3GmkS0RAzcfOMi,Television,Kill Your Television,The Reunion Show,2002,175600,0,FALSE,tcgbb1ix1h1h974y7pakbtpr2,2026-09-01T20:30:32Z,,Victory,0.412,0.977,6,-3.341,0,0.0881,0.00982,0,0.345,0.591,162.203,4
spotify:track:6ihL9TjfRjadfEePzXXyVF,Gives You Hell,When The World Comes Down,The All-American Rejects,2008-12-16,213106,72,FALSE,tcgbb1ix1h1h974y7pakbtpr2,2026-09-01T20:30:32Z,"pop punk,emo",Interscope,0.718,0.691,4,-6.44,1,0.0387,0.0159,0,0.0627,0.552,100.008,4
spotify:track:6nTiIhLmQ3FWhvrGafw2zj,American Idiot,American Idiot,Green Day,2004-09-21,176346,86,TRUE,tcgbb1ix1h1h974y7pakbtpr2,2026-09-01T20:30:32Z,"punk,pop punk",Reprise,0.38,0.988,1,-2.042,1,0.0639,0.0000264,0.0000786,0.368,0.769,186.113,4
spotify:track:5wmkQbOUTLjnDsdLeNgtO3,New Divide,Papercuts,Linkin Park,2024-04-12,269098,68,FALSE,tcgbb1ix1h1h974y7pakbtpr2,2026-09-01T20:30:32Z,"nu metal,rap metal,rock,alternative metal",Warner Records,0.493,0.792,5,-3.877,0,0.0358,0.000219,0.00000105,0.0936,0.365,117.968,4
spotify:track:6Xk7PnitV9jCRorWt2LiVZ,Berzerk,The Marshall Mathers LP2 (Deluxe),Eminem,2013-11-05,238746,67,TRUE,tcgbb1ix1h1h974y7pakbtpr2,2026-09-01T20:30:32Z,"rap,hip hop",Eminem Catalog PS,0.739,0.872,2,-4.059,1,0.332,0.0216,0,0.26,0.674,95.081,4
spotify:track:6sfJ24eFel8hHqaKitFjEm,"Iron Man Armoured Adventures Main Theme (From ""Iron Man Armoured Adventures"")","Iron Man Armoured Adventures Main Theme (From ""Iron Man Armoured Adventures"")",Geek Music,2023-10-18,135844,44,FALSE,tcgbb1ix1h1h974y7pakbtpr2,2026-09-01T20:30:32Z,anime,Geek Music,0.601,0.792,1,-9.03,0,0.0409,0.000222,0.00179,0.202,0.859,144.976,4
spotify:track:3ZIoQp1qd6VqAapZycJ7OS,Shockwave,Call of Duty®: Black Ops 4 (Official Soundtrack),Kevin Sherwood;Elena Siegman;Malukah,2018-12-14,246698,44,FALSE,tcgbb1ix1h1h974y7pakbtpr2,2026-09-01T20:30:32Z,medieval,Activision,0.571,0.934,2,-5.741,1,0.0938,0.0000539,0.0000328,0.217,0.099,100.003,3
spotify:track:7mG2RbhyzGsjpQOz568d39,Pressure,All We Know Is Falling,Paramore,2005,185733,75,FALSE,tcgbb1ix1h1h974y7pakbtpr2,2026-09-01T20:30:32Z,"pop punk,emo",Fueled By Ramen/ADA/ATL,0.509,0.887,2,-3.785,1,0.0958,0.00166,0.00000798,0.0994,0.661,161.99,4
spotify:track:63T7DJ1AFDD6Bn8VzG6JE8,"Paint It, Black",Aftermath,The Rolling Stones,1966-04-15,202266,87,FALSE,tcgbb1ix1h1h974y7pakbtpr2,2026-09-01T20:30:32Z,"classic rock,rock","ABKCO Music and Records, Inc.",0.464,0.795,1,-9.267,1,0.0926,0.0493,0.00244,0.399,0.612,158.691,4
spotify:track:0LLxONi3LJ2CNhSvW4Y8pi,Whatever,YEN,Yen,2026-01-23,88700,57,TRUE,tcgbb1ix1h1h974y7pakbtpr2,2026-09-01T20:30:32Z,,Yen Archive,0.716,0.995,2,-2.337,0,0.141,0.571,0.00000171,0.141,0.736,100.07,4
spotify:track:2DgdHcjWmO3qd50RzuBLgZ,House of Memories,Death of a Bachelor,Panic! At The Disco,2016-01-15,208706,84,FALSE,tcgbb1ix1h1h974y7pakbtpr2,2026-09-01T20:30:32Z,emo,Decaydance/Fueled By Ramen,0.506,0.817,11,-5.051,0,0.0335,0.00272,0,0.0486,0.506,109.952,4
spotify:track:0YwqJeTUyviMJw70jRt9ET,A Little Faster,A Little Faster,There For Tomorrow,2009-06-09,184546,58,FALSE,tcgbb1ix1h1h974y7pakbtpr2,2026-09-01T20:30:32Z,,Hopeless Records,0.404,0.946,5,-3.318,0,0.174,0.00085,0,0.359,0.784,169.086,4
spotify:track:0zLD3FFqLORj1WfY2l6hlI,EZEBELL,EZEBELL,Tx Kiju,2024-04-19,150869,21,FALSE,tcgbb1ix1h1h974y7pakbtpr2,2026-09-01T20:30:32Z,,Tx Kiju,0.717,0.535,6,-10.768,0,0.078,0.548,0.663,0.11,0.182,140.017,4
spotify:track:1C4kEFOxvrFDoiTPm0mXT5,This Is War,This Is War,Thirty Seconds To Mars,2009-01-01,326983,49,FALSE,tcgbb1ix1h1h974y7pakbtpr2,2026-09-01T20:30:32Z,,Virgin Records,0.402,0.723,6,-5.26,1,0.0579,0.0663,0.000002,0.233,0.224,160.047,4
spotify:track:5UWwZ5lm5PKu6eKsHAGxOk,Everlong,The Colour And The Shape,Foo Fighters,1997-05-20,250546,90,FALSE,tcgbb1ix1h1h974y7pakbtpr2,2026-09-01T20:30:32Z,"post-grunge,rock,alternative rock,grunge",RCA Records Label,0.413,0.881,11,-5.541,0,0.0367,0.0000599,0.000308,0.0805,0.364,158.066,4
spotify:track:1G391cbiT3v3Cywg8T7DM1,Scar Tissue,Californication (Deluxe Edition),Red Hot Chili Peppers,1999-06-08,215906,89,FALSE,tcgbb1ix1h1h974y7pakbtpr2,2026-09-01T20:30:32Z,"funk rock,alternative rock,rock",Warner Records,0.595,0.717,0,-4.803,1,0.0295,0.0779,0.00274,0.108,0.547,88.969,4
spotify:track:4P5KoWXOxwuobLmHXLMobV,Come As You Are,Nevermind (Remastered),Nirvana,1991-09-26,218920,83,FALSE,tcgbb1ix1h1h974y7pakbtpr2,2026-09-01T20:30:32Z,"grunge,rock",Geffen,0.5,0.824,4,-5.846,0,0.0388,0.00016,0.00161,0.0916,0.539,120.125,4
spotify:track:70LcF31zb1H0PyJoS1Sx1r,Creep,Pablo Honey,Radiohead,1993-02-22,238640,94,TRUE,tcgbb1ix1h1h974y7pakbtpr2,2026-09-01T20:30:32Z,"art rock,alternative rock",XL Recordings,0.515,0.43,7,-9.935,1,0.0372,0.0097,0.000133,0.129,0.104,91.844,4
spotify:track:5ZdzNVOmCSp5HFLk0EgvJS,Dirty Little Secret,Move Along,The All-American Rejects,2005-07-12,193653,70,FALSE,tcgbb1ix1h1h974y7pakbtpr2,2026-09-01T20:30:32Z,"pop punk,emo",Interscope,0.469,0.955,10,-4.253,1,0.0432,0.000343,0.00000135,0.548,0.462,143.853,4
spotify:track:1nLnpLXvl68RZCSjfkyiaa,Brain Stew,Insomniac,Green Day,1995-10-10,193000,84,TRUE,tcgbb1ix1h1h974y7pakbtpr2,2026-09-01T20:30:32Z,"punk,pop punk",Reprise,0.559,0.543,1,-5.429,1,0.302,0.00133,0.00002,0.0577,0.337,75.958,4
spotify:track:1JdKrFyoU05abww0Zv0ayQ,That's What You Get,Riot!,Paramore,2007-06-12,220480,74,FALSE,tcgbb1ix1h1h974y7pakbtpr2,2026-09-01T20:30:32Z,"pop punk,emo",Fueled By Ramen,0.528,0.831,8,-3.607,1,0.0429,0.0000943,0,0.141,0.632,131.094,3
spotify:track:0M955bMOoilikPXwKLYpoi,I Hate Everything About You,Three Days Grace,Three Days Grace,2003-04-19,231480,87,FALSE,tcgbb1ix1h1h974y7pakbtpr2,2026-09-01T20:30:32Z,"post-grunge,rock",Jive,0.498,0.83,6,-5.157,0,0.0421,0.00461,0,0.139,0.453,89.342,4
spotify:track:57BrRMwf9LrcmuOsyGilwr,Crawling,Hybrid Theory (Bonus Edition),Linkin Park,2000-10-24,208960,86,FALSE,tcgbb1ix1h1h974y7pakbtpr2,2026-09-01T20:30:32Z,"nu metal,rap metal,rock,alternative metal",Warner Records,0.58,0.702,4,-5.565,1,0.0337,0.0466,0.0000032,0.536,0.299,105.076,4
spotify:track:25CMmGsl22APKhfuj4Tp7j,It's Been Awhile,Break the Cycle,Staind,2001-08-20,264706,84,TRUE,tcgbb1ix1h1h974y7pakbtpr2,2026-09-01T20:30:32Z,"post-grunge,nu metal,alternative metal",Atlantic Records/ATG,0.509,0.774,6,-4.054,1,0.0338,0.00189,0.000549,0.143,0.0824,116.529,4
spotify:track:5V5akuBxKpIlTUPaueNpyy,chase,chase,batta,2016-07-27,145400,67,FALSE,tcgbb1ix1h1h974y7pakbtpr2,2026-09-01T20:30:32Z,"anime,j-rock",ワーナー・ホーム・ビデオ,0.389,0.988,6,-1.949,0,0.107,0.00241,0.000615,0.346,0.0996,111.975,4
spotify:track:1f8ZgFkqokS6Yo2NeUkwGA,Rock And Roll All Nite,Smashes Thrashes & Hits,KISS,1988-01-01,176973,44,FALSE,tcgbb1ix1h1h974y7pakbtpr2,2026-09-01T20:30:32Z,"glam rock,glam metal,hard rock,rock,classic rock",Casablanca Records,0.599,0.725,1,-13.594,1,0.107,0.02,0,0.128,0.78,144.594,4
spotify:track:5fVZC9GiM4e8vu99W0Xf6J,How to Save a Life,How To Save A Life,The Fray,2005-09-13,262533,88,FALSE,tcgbb1ix1h1h974y7pakbtpr2,2026-09-01T20:30:32Z,,Epic,0.64,0.743,10,-4.08,1,0.0379,0.269,0,0.101,0.361,122.035,4
spotify:track:1lS81tStikTOHms8wZnvSY,Need,Need,Midrift,2023-10-31,175541,54,FALSE,tcgbb1ix1h1h974y7pakbtpr2,2026-09-01T20:30:32Z,shoegaze,Midrift,0.512,0.534,0,-10.259,1,0.0295,0.0928,0.878,0.515,0.465,134.067,4
spotify:track:11LmqTE2naFULdEP94AUBa,Heart-Shaped Box,In Utero (Deluxe Edition),Nirvana,1993-09-21,281160,85,FALSE,tcgbb1ix1h1h974y7pakbtpr2,2026-09-01T20:30:32Z,"grunge,rock",Geffen,0.256,0.641,1,-10.283,1,0.0552,0.199,0.0329,0.0853,0.382,203.006,4
spotify:track:1D7pLDtFC2zXExHsQb6O3q,D-tecnoLife,Neo Sound Best,UVERworld,2009-12-09,233680,1,FALSE,tcgbb1ix1h1h974y7pakbtpr2,2026-09-01T20:30:32Z,"anime,j-rock,j-pop",Sony Music Records,0.5,0.919,1,-4.442,0,0.128,0.0582,0,0.257,0.659,83.956,4
spotify:track:1OxcIUqVmVYxT6427tbhDW,Fly Away,5,Lenny Kravitz,1998-05-12,221332,83,FALSE,tcgbb1ix1h1h974y7pakbtpr2,2026-09-01T20:30:32Z,,Virgin Records,0.587,0.872,7,-5.066,1,0.0484,0.018,0,0.622,0.735,159.925,4
spotify:track:25LbeGnYJuqbkxqc8VyhTs,Denial,Home,Sevendust,1999-08-24,257266,71,FALSE,tcgbb1ix1h1h974y7pakbtpr2,2026-09-01T20:30:32Z,"nu metal,alternative metal,rap metal,hard rock",The Orchard,0.608,0.881,1,-6.035,1,0.0525,0.0000389,0.0028,0.184,0.503,104.398,4
spotify:track:5DoTRJlzMaGAMHPTDrfvfW,Black,Sevendust (Definitive Edition),Sevendust,1997,248906,61,TRUE,tcgbb1ix1h1h974y7pakbtpr2,2026-09-01T20:30:32Z,"nu metal,alternative metal,rap metal,hard rock",TVT Records,0.565,0.968,1,-5.165,1,0.0568,0.0000133,0.188,0.089,0.693,108.003,4
spotify:track:5n2wtoHsSbah40D22SrHc5,Olandi,Olandi,Innoss'B,2020-07-28,280546,35,TRUE,tcgbb1ix1h1h974y7pakbtpr2,2026-09-01T20:31:23Z,"ndombolo,coupé décalé,rumba congolaise,bongo flava,afrobeats,afrobeat",Privaty Prod,0.68,0.914,1,-4.552,1,0.1,0.0393,0,0.472,0.772,124.122,4
spotify:track:0tPQKOUuTV430ZUmNqx1Rd,"Y3 Y3 DOM (feat. Skyface SDW, Reggie, Kwaku DMC, City Boy, Kawabanga & O'Kenneth)",RETURN OF OKOMFO ANOKYE,Jay Bahd;Skyface SDW;reggie;Kwaku DMC;City Boy;Kawabanga;O'Kenneth,2021-06-20,263496,30,TRUE,tcgbb1ix1h1h974y7pakbtpr2,2026-09-01T20:31:23Z,"asakaa,ghanaian hip hop,hiplife,rap ivoire,drill,azonto,afrobeats",Life Living Records Ltd.,0.532,0.491,1,-7.116,1,0.252,0.048,0,0.283,0.424,97.294,5
spotify:track:5BkBcXJ0rDRlnzh3tmknxI,Party With A Jagaban,Party With A Jagaban,Midas the Jagaban,2020-09-24,201025,76,TRUE,tcgbb1ix1h1h974y7pakbtpr2,2026-09-01T20:31:23Z,"afrobeats,afroswing,afrobeat",Jagaban Music,0.826,0.795,7,-3.55,0,0.0493,0.361,0.00141,0.0948,0.534,117.006,4
spotify:track:07zZzNfCUizQ2puAmTLhrc,Mi No Sabe,Mi No Sabe,Sleepy Hallow,2021-05-26,78750,40,TRUE,tcgbb1ix1h1h974y7pakbtpr2,2026-09-01T20:31:23Z,"brooklyn drill,new york drill",Winners Circle/RCA Records,0.862,0.513,0,-7.033,1,0.61,0.657,0,0.0758,0.453,144.054,4
spotify:track:58fCbHrOxiBXJXfZSlZyyG,"Looseguard (I see, I saw)","Looseguard (I see, I saw)",Legendary Styles,2021-02-23,154120,0,FALSE,tcgbb1ix1h1h974y7pakbtpr2,2026-09-01T20:31:23Z,"nigerian drill,asakaa,afrobeats",Styles Music,0.654,0.73,4,-5.557,0,0.113,0.183,0,0.341,0.485,148.765,4
spotify:track:3io8SywLvvaJDxTU94phL7,Bringing It Back,Made In The Pyrex (Bonus Track),Digga;AJ Tracey,2021-02-26,190937,0,TRUE,tcgbb1ix1h1h974y7pakbtpr2,2026-09-01T20:31:23Z,"uk drill,drill,grime,uk grime,aussie drill",CGM Records,0.849,0.761,2,-6.853,1,0.323,0.245,0,0.351,0.789,143.051,4
spotify:track:2UtoiQC20KmUEEyW4gg5eo,Flamme - Radio Edit,Florilège,Slaï,2004-03-31,217413,57,FALSE,tcgbb1ix1h1h974y7pakbtpr2,2026-09-01T20:31:23Z,"zouk,kompa,kizomba,french r&b",Sony Music Media,0.726,0.676,6,-8.224,1,0.134,0.102,0.00211,0.151,0.773,174.053,4
spotify:track:2oBl2PZvdm6ilfwlQJbOoC,Emmène moi avec toi,Mizikasoleil,Perle Lama,2006-10-09,214346,0,FALSE,tcgbb1ix1h1h974y7pakbtpr2,2026-09-01T20:31:23Z,"zouk,kompa,kizomba,shatta",Because Music,0.667,0.662,7,-7.588,1,0.0761,0.303,0,0.276,0.708,171.889,4
spotify:track:6v5Z0a4b3DmjIKA4htP8vl,Zouk-la Sé Sel Médikaman Nou Ni,Best Of,Kassav',2006-08-18,325600,55,FALSE,tcgbb1ix1h1h974y7pakbtpr2,2026-09-01T20:31:23Z,"zouk,kompa,kizomba,calypso,maloya",ZOUK,0.805,0.844,0,-6.551,1,0.0505,0.0138,0.131,0.264,0.926,138.677,4
spotify:track:0iTiY6IaTHRPzJJ7JZ02iH,Boy affi,Boy affi,Debo;Biggs,2022-05-09,107363,0,TRUE,tcgbb1ix1h1h974y7pakbtpr2,2026-09-01T20:31:23Z,,Debo,0.932,0.528,2,-9.943,1,0.277,0.294,0,0.185,0.667,106.963,4
spotify:track:7JOil4DFL3mgC5ZiDr82TG,Face Beat,Face Beat,Father Philis,2022-03-05,143789,43,TRUE,tcgbb1ix1h1h974y7pakbtpr2,2026-09-01T20:31:23Z,"soca,dancehall",BimVibes Records,0.953,0.455,0,-12.387,1,0.316,0.36,0,0.157,0.66,113.056,4
spotify:track:15ycokwnZsMhDyORHASWBX,"Bwoii Affi"" Watch Eh Style","Bwoii Affi"" Watch Eh Style",1Biggs Don;Steel Chest,2022-05-14,145794,45,TRUE,tcgbb1ix1h1h974y7pakbtpr2,2026-09-01T20:31:23Z,dancehall,Outta Space Records,0.966,0.686,1,-6.86,1,0.0875,0.24,0,0.0931,0.488,107.026,4
spotify:track:1GuLgNKd4lrI1vugkxMCAX,Iskaba,Iskaba,Wande Coal;DJ Tunez,2016-11-25,224640,69,TRUE,tcgbb1ix1h1h974y7pakbtpr2,2026-09-01T20:31:23Z,"afrobeats,afrobeat,afropop,azonto,afropiano,afro r&b,afroswing,alté,amapiano",BT Music Worldwide,0.799,0.393,0,-19.917,0,0.071,0.127,0.00917,0.0637,0.94,125.041,4
spotify:track:0VrokAt1ZjHy8EAog6Pya9,Lambo,Lambo,Tresor Online,2022-07-03,134068,26,FALSE,tcgbb1ix1h1h974y7pakbtpr2,2026-09-01T20:31:23Z,,Tresor Gray Entertainment,0.562,0.84,10,-4.384,0,0.498,0.336,0,0.191,0.542,72.092,4
spotify:track:7scINjDU13FTbCakH7bf2E,Outside,Outside,BNXN,2021-05-19,191976,67,TRUE,tcgbb1ix1h1h974y7pakbtpr2,2026-09-01T20:31:23Z,"afrobeats,afrobeat,afropop,afro adura,afro r&b,afropiano,afroswing,alté,afro soul",To Your Ears Entertainment,0.771,0.705,6,-6.198,1,0.218,0.479,0.00314,0.115,0.78,96.001,4
spotify:track:6lZ5p6VTbZ2ZvnsdTlLv7I,emiliana,Emiliana,CKay,2022-03-04,164848,62,FALSE,tcgbb1ix1h1h974y7pakbtpr2,2026-09-01T20:31:23Z,"afrobeats,afrobeat,afro r&b,afropop",WM South Africa,0.738,0.549,6,-9.704,1,0.0513,0.638,0.402,0.111,0.475,98.965,4
spotify:track:2RBmWAhs6yX4SDYQX4zgF1,Shove It (feat. Spank Rock),Santigold,Santigold;Spank Rock,2008-04-29,225520,52,FALSE,tcgbb1ix1h1h974y7pakbtpr2,2026-09-01T20:31:23Z,baltimore club,Downtown Recordings,0.692,0.787,10,-7.812,0,0.0522,0.00416,0.000201,0.264,0.609,133.957,4
spotify:track:0dXj0ElzCffNqVzYn9I7qF,DJ Tassouman,Golgotha 800% Zoblazo,Meiway,2004-01-01,338493,48,FALSE,tcgbb1ix1h1h974y7pakbtpr2,2026-09-01T20:31:23Z,"coupé décalé,ndombolo,rumba congolaise,bikutsi,azonto,hiplife,rap ivoire",Meiway Organisation,0.696,0.956,5,-3.38,0,0.0427,0.104,0.00033,0.357,0.942,125.98,4
spotify:track:0k2GOhqsrxDTAbFFSdNJjT,Temperature,The Trinity,Sean Paul,2005-09-27,216320,88,FALSE,tcgbb1ix1h1h974y7pakbtpr2,2026-09-01T20:31:23Z,dancehall,VP Records,0.951,0.6,0,-4.675,0,0.0685,0.106,0,0.0712,0.822,125.04,4
spotify:track:1KgmA4foDyIcgWcLQhenaO,Nani Nani,224,DTM,2017-12-30,250019,35,FALSE,tcgbb1ix1h1h974y7pakbtpr2,2026-09-01T20:31:23Z,,Weliya Production Inc.,0.779,0.863,9,-5.215,1,0.0699,0.0573,0.0142,0.0827,0.745,90.029,3
spotify:track:4WwHFY7aJ6bUcugjb30DDW,LUV - Remix,LUV (Remix),Tory Lanez;Sean Paul,2016-10-07,166800,60,TRUE,tcgbb1ix1h1h974y7pakbtpr2,2026-09-01T20:31:23Z,dancehall,Benny Blanco Major,0.542,0.545,11,-7.578,0,0.348,0.0272,0,0.807,0.542,126.319,3
spotify:track:0AoBY2Y3qs6dtGgOD6c91N,Alone,Black Panther: Wakanda Forever - Music From and Inspired By,Burna Boy,2022-11-11,221746,71,FALSE,tcgbb1ix1h1h974y7pakbtpr2,2026-09-01T20:31:23Z,"afrobeats,afrobeat,afropop,dancehall,afroswing,afropiano",Roc Nation/Def Jam/Hollywood,0.6,0.659,4,-7.264,0,0.0542,0.176,0,0.111,0.307,89.955,4
spotify:track:5o77o7nTrQL1mWAyrvVMNI,Coming Back For You,Black Panther: Wakanda Forever - Music From and Inspired By,Fireboy DML,2022-11-11,176293,54,FALSE,tcgbb1ix1h1h974y7pakbtpr2,2026-09-01T20:31:23Z,"afrobeats,afrobeat,afropop,afro r&b,afropiano,afro soul,afroswing",Roc Nation/Def Jam/Hollywood,0.42,0.436,7,-8.025,1,0.0449,0.00814,0,0.128,0.242,100.274,4
spotify:track:4WY3HyGXsWqjFRCVD6gnTe,Baby Boy (feat. Sean Paul),Dangerously In Love,Beyoncé;Sean Paul,2003-06-24,244826,73,FALSE,tcgbb1ix1h1h974y7pakbtpr2,2026-09-01T20:31:23Z,dancehall,Columbia,0.655,0.488,1,-9.17,1,0.22,0.0825,0.00000116,0.221,0.791,91.025,4
spotify:track:0SjQBdIddPvKSWxr8vk6QX,Dumebi,Rema,Rema,2019-03-22,179775,69,FALSE,tcgbb1ix1h1h974y7pakbtpr2,2026-09-01T20:31:23Z,"afrobeats,afrobeat,afropop,afropiano",Mavin Records / Jonzing World,0.923,0.657,3,-5.173,0,0.0605,0.199,0.00407,0.108,0.734,110.015,4
spotify:track:6QzkbRRLWTEcFE0NyOX1Dt,Enjoy Yourself (feat. Burna Boy) - Remix,Shoot For The Stars Aim For The Moon (Deluxe),Pop Smoke;Burna Boy,2020-07-20,197938,1,TRUE,tcgbb1ix1h1h974y7pakbtpr2,2026-09-01T20:31:23Z,"brooklyn drill,new york drill,drill,afrobeats,afrobeat,afropop,dancehall,afroswing,afropiano",Victor Victor Worldwide,0.773,0.688,11,-6.935,0,0.146,0.454,0,0.214,0.441,96.955,4
spotify:track:0j55p8YRAPG8yajtNyjt6A,Hold You - Hold Yuh,Hold You,Gyptian,2010-07-16,234933,76,FALSE,tcgbb1ix1h1h974y7pakbtpr2,2026-09-01T20:31:23Z,"dancehall,reggae,lovers rock,soca,ragga",VP Records,0.69,0.62,8,-3.583,1,0.06,0.321,0.0000281,0.0889,0.497,66.859,3
spotify:track:287NMNikZezvQLEQgvqFZz,Get Busy,Dutty Classics Collection,Sean Paul,2017-06-02,211506,50,FALSE,tcgbb1ix1h1h974y7pakbtpr2,2026-09-01T20:31:23Z,dancehall,VP Records,0.741,0.848,10,-3.168,0,0.0356,0.613,0,0.106,0.734,100.177,4
spotify:track:3CVb6hkMrlF7eHhXi5B3PZ,Body,Body,Russ Millions;Tion Wayne,2021-03-25,183829,61,TRUE,tcgbb1ix1h1h974y7pakbtpr2,2026-09-01T20:31:23Z,"uk drill,drill,grime,uk grime,afroswing",Atlantic Records UK,0.889,0.705,11,-8.683,0,0.392,0.389,0.0000104,0.0692,0.815,141.069,4
spotify:track:14boA065HMHWvqyPPEeN4y,"I don’t even speak spanish lol - feat. Rio Santana, Judah, Andrez Babii",?,XXXTENTACION;Rio Santana;Judah;Andrez Babii,2018-03-16,192229,65,FALSE,tcgbb1ix1h1h974y7pakbtpr2,2026-09-01T20:31:23Z,"emo rap,christian reggaeton,christian hip hop","Bad Vibes Forever, LLC",0.767,0.561,2,-7.418,0,0.0509,0.118,0,0.0737,0.542,90.021,4
spotify:track:2Rmly9GXlZjZRFlrkxZ15H,Internacional,Internacional,S9,2023-02-17,178790,38,TRUE,tcgbb1ix1h1h974y7pakbtpr2,2026-09-01T20:31:23Z,"drill,uk drill",S9,0.775,0.624,9,-11.311,0,0.13,0.258,0.00000441,0.664,0.834,140.046,4
spotify:track:7ycWLEP1GsNjVvcjawXz3z,Praise The Lord (Da Shine) (feat. Skepta),TESTING,A$AP Rocky;Skepta,2018-05-25,205813,84,TRUE,tcgbb1ix1h1h974y7pakbtpr2,2026-09-01T20:31:23Z,"rap,grime,uk grime",A$AP Worldwide/Polo Grounds Music/RCA Records,0.854,0.569,5,-8.151,0,0.106,0.0609,0.0816,0.1,0.294,80.015,4
spotify:track:7ihWJfl0tB31F46fMiAVBZ,Shekini,Double Trouble,P-Square,2014-09-12,218165,71,FALSE,tcgbb1ix1h1h974y7pakbtpr2,2026-09-01T20:31:23Z,"afrobeats,azonto,afrobeat,afropop,hiplife,bongo flava",Square Records,0.822,0.856,7,-4.896,1,0.0757,0.0252,0.0195,0.0283,0.98,94.486,3
spotify:track:5gflgO9EPbIBf16n5TKnQS,Yo Voy (feat. Daddy Yankee),Motivando a la Yal,Zion & Lennox,2004-05-04,232019,81,FALSE,tcgbb1ix1h1h974y7pakbtpr2,2026-09-01T20:31:23Z,"reggaeton,latin",Baby Records Inc,0.808,0.697,10,-5.899,1,0.241,0.041,0,0.0546,0.554,95.06,4
spotify:track:1PZrHbJjt5t7dP9OGRxcD0,Dale Don Dale,The Last Don,Don Omar,2003-01-01,212413,81,FALSE,tcgbb1ix1h1h974y7pakbtpr2,2026-09-01T20:31:23Z,"reggaeton,urbano latino",UMLE - Machete,0.831,0.818,2,-7.827,1,0.0824,0.0245,0.000319,0.0892,0.819,95.022,4
spotify:track:228BxWXUYQPJrJYHDLOHkj,Gasolina,Barrio Fino (Bonus Track Version),Daddy Yankee,2004-07-13,192600,14,FALSE,tcgbb1ix1h1h974y7pakbtpr2,2026-09-01T20:31:23Z,"reggaeton,latin",Gasolina Recording Co.,0.852,0.797,0,-6.543,1,0.0614,0.322,0.00000269,0.0845,0.741,96.008,4
spotify:track:0YuzvHediJ0SJqMYtyRU1c,My Yé Is Different,My Yé Is Different,OSH,2018-11-16,155782,32,TRUE,tcgbb1ix1h1h974y7pakbtpr2,2026-09-01T20:31:23Z,"afroswing,uk r&b",Columbia,0.749,0.658,5,-6.452,0,0.215,0.145,0,0.312,0.573,134.562,5
spotify:track:0QyisrAtBYGswf8KTJkkFV,16CHOPPA (feat. Nardo Wick),16CHOPPA (feat. Nardo Wick),Skillibeng;Nardo Wick,2023-02-03,207603,48,TRUE,tcgbb1ix1h1h974y7pakbtpr2,2026-09-01T20:31:23Z,dancehall,EastSyde Records/RCA Records,0.955,0.621,11,-3.522,1,0.241,0.0185,0.0000211,0.101,0.262,101.989,4
spotify:track:5YMdqp25EgpRN7POUcIfD4,La Mamá de la Mamá,SAGITARIO,El Alfa;El Cherry Scom;CJ,2022-11-22,219000,0,TRUE,tcgbb1ix1h1h974y7pakbtpr2,2026-09-01T20:31:23Z,"dembow,urbano latino,latin",EL JEFE RECORDS,0.921,0.927,11,-3.025,1,0.104,0.284,0.0033,0.72,0.797,129.971,4
spotify:track:6eqqWm2LkDweTHhz1u5KKo,1er Gaou,1er Gaou,Magic System,2003-01-01,295146,1,FALSE,tcgbb1ix1h1h974y7pakbtpr2,2026-09-01T20:31:23Z,coupé décalé,Showbox International,0.834,0.674,7,-13.455,0,0.0721,0.124,0,0.0828,0.951,119.039,4
spotify:track:6YoBe1FqFL5w10bQbemW16,Maldòn - Version originale,Maldòn (La musique dans la peau),Zouk Machine,1989,245200,59,FALSE,tcgbb1ix1h1h974y7pakbtpr2,2026-09-01T20:31:23Z,"zouk,kompa",Pamplemousse,0.779,0.639,9,-12.37,0,0.0555,0.155,0.000275,0.315,0.848,132.714,4
spotify:track:1KW6PVabkLbthK4y0sPX5a,Bad Man Forward,"Bad Man Forward, Bad Man Pull Up",DING DONG,2006,195453,54,FALSE,tcgbb1ix1h1h974y7pakbtpr2,2026-09-01T20:31:23Z,"dancehall,soca,ragga",VP Records,0.705,0.663,0,-6.017,1,0.416,0.182,0.0411,0.564,0.582,107.089,4
spotify:track:7kQUdVjev73xIuwu7W6YW9,Welcome To Brixton,Welcome To Brixton,SR,2020-11-27,180000,2,TRUE,tcgbb1ix1h1h974y7pakbtpr2,2026-09-01T20:31:23Z,"uk drill,drill,uk grime,grime",SR,0.89,0.455,2,-10.226,1,0.437,0.158,0,0.153,0.897,138.988,4
spotify:track:2qzW5AK8ldKUOWUETwAkZY,Titanium,Titanium & Mercury,Dave,2021-04-10,127750,4,TRUE,tcgbb1ix1h1h974y7pakbtpr2,2026-09-01T20:31:23Z,"grime,uk grime,uk drill,drill",Neighbourhood [GB] / Dave,0.959,0.394,0,-8.687,0,0.437,0.152,0.00000138,0.105,0.51,121.008,4
spotify:track:45eY7Qi2PDUs8WJEhjGWdN,Ramenez la coupe à la maison,Ramenez la coupe à la maison,Vegedream,2018-07-19,235555,78,FALSE,tcgbb1ix1h1h974y7pakbtpr2,2026-09-01T20:31:23Z,"pop urbaine,french r&b,shatta",Universal Music Division Island Def Jam,0.808,0.661,0,-6.237,0,0.0395,0.0358,0,0.138,0.804,107.992,4
spotify:track:5LqZfoepOXWxbvP8JfJfHb,Isii Nafta (Love You More Than My Life),Isii Nafta (Love You More Than My Life),Nimco Happy,2021-10-27,190560,52,FALSE,tcgbb1ix1h1h974y7pakbtpr2,2026-09-01T20:31:23Z,,Polydor Records,0.827,0.915,10,-3.286,0,0.16,0.508,0,0.311,0.944,114.926,4
spotify:track:6UkGl2XEw0zticxJugwkq5,Wild Out,Wild Out,RajahWild;Zimi,2023-06-09,153000,57,TRUE,tcgbb1ix1h1h974y7pakbtpr2,2026-09-01T20:31:23Z,"dancehall,soca",Zimi Records / Now Or Never,0.949,0.377,1,-6.345,1,0.341,0.0667,0,0.0885,0.575,100.928,4
spotify:track:0mo2JSYD3tnwEzStpREOHZ,Human Nature,Contagious,Tarrus Riley,2009-08-03,250973,54,FALSE,tcgbb1ix1h1h974y7pakbtpr2,2026-09-01T20:31:23Z,"lovers rock,reggae,dancehall,roots reggae,riddim,ragga,soca",VP Records,0.711,0.505,11,-7.317,0,0.108,0.00959,0,0.114,0.588,88.995,4
spotify:track:2alc8VZAzDgdAsL2QMk3hu,Skechers,Skechers,DripReport,2020-01-12,106000,67,TRUE,tcgbb1ix1h1h974y7pakbtpr2,2026-09-01T20:31:23Z,,Arista Records,0.903,0.327,1,-9.727,1,0.0877,0.26,0.011,0.108,0.274,100.008,4
spotify:track:4TBxB7MulrQ1Nb2uxHwJX1,Tek Tek (feat. MHD),Tek Tek (feat. MHD),DYSTINCT;MHD;YAM,2023-05-11,161506,62,FALSE,tcgbb1ix1h1h974y7pakbtpr2,2026-09-01T20:31:23Z,"moroccan pop,french rap,pop urbaine,french r&b",Avalon Music,0.777,0.537,7,-8.842,0,0.0609,0.592,0,0.157,0.89,92.996,3
spotify:track:6YB6CK4Tsb0BgtxCEL9KlI,Give It Up to Me,The Trinity,Sean Paul,2005-09-27,242253,73,FALSE,tcgbb1ix1h1h974y7pakbtpr2,2026-09-01T20:31:23Z,dancehall,VP Records,0.855,0.674,7,-4.328,1,0.314,0.165,0,0.0548,0.578,95.991,4
spotify:track:3dnP0JxCgygwQH9Gm7q7nb,Ella Baila Sola,Ella Baila Sola,Eslabon Armado;Peso Pluma,2023-03-16,165671,79,FALSE,tcgbb1ix1h1h974y7pakbtpr2,2026-09-01T20:31:23Z,"corridos tumbados,sad sierreño,corrido,sierreño,música mexicana,corridos bélicos,banda",DEL Records,0.668,0.758,5,-5.176,0,0.0332,0.483,0.0000189,0.0837,0.834,147.989,3
spotify:track:5YbPxJwPfrj7uswNwoF1pJ,Last Last,"Love, Damini",Burna Boy,2022-07-07,172342,70,FALSE,tcgbb1ix1h1h974y7pakbtpr2,2026-09-01T20:31:23Z,"afrobeats,afrobeat,afropop,dancehall,afroswing,afropiano",Spaceship/ Bad Habit/Atlantic Records,0.795,0.565,3,-4.457,0,0.0948,0.131,0,0.0802,0.55,87.925,4
spotify:track:7rpWDu9GPlLxbLorYKVys7,Gbona,African Giant,Burna Boy,2019-07-25,187609,67,FALSE,tcgbb1ix1h1h974y7pakbtpr2,2026-09-01T20:31:23Z,"afrobeats,afrobeat,afropop,dancehall,afroswing,afropiano",Spaceship/ Bad Habit/Atlantic Records,0.798,0.813,4,-5.869,0,0.162,0.564,0.000142,0.108,0.942,93.912,4
spotify:track:03YUNUpazIbzwqJq2YSBvB,Kilometre,"Love, Damini",Burna Boy,2022-07-07,152692,54,FALSE,tcgbb1ix1h1h974y7pakbtpr2,2026-09-01T20:31:23Z,"afrobeats,afrobeat,afropop,dancehall,afroswing,afropiano",Spaceship/ Bad Habit/Atlantic Records,0.852,0.666,9,-6.065,1,0.107,0.0158,0.0000259,0.0588,0.648,103.007,4
spotify:track:2qBNmCtprsZoCfpE0dR8xR,El Baile del Beeper (Version Mexico),Best Of The Best,Oro Solido,2016-04-13,289506,0,FALSE,tcgbb1ix1h1h974y7pakbtpr2,2026-09-01T20:31:23Z,merengue,24K Entertainment Group,0.763,0.886,2,-6.211,1,0.1,0.107,0.00000517,0.273,0.782,170.128,4
spotify:track:4Ex9FAh4a8HVlMRCPdzRWe,4K,Dembow Worldwide Hits Teteo 42,El Alfa;Darell;Noriel,2023-06-24,201500,51,FALSE,tcgbb1ix1h1h974y7pakbtpr2,2026-09-01T20:31:23Z,"dembow,urbano latino,latin,reggaeton,trap latino,trap",EL JEFE RECORDS LLC,0.918,0.893,3,-4.585,0,0.142,0.346,0.012,0.118,0.802,120.012,4
spotify:track:1poqei4HbPw5lN3UL1rWKv,أهل العمار (feat. Ali Naseraldeen),أهل العمار (feat. Ali Naseraldeen),Esaam Satti;Ali Naseraldeen,2022-07-28,227842,39,FALSE,tcgbb1ix1h1h974y7pakbtpr2,2026-09-01T20:31:23Z,arabic hip hop,Nilos for Artistic & Media Production Ltd,0.658,0.719,1,-6.292,1,0.0983,0.509,0.00416,0.255,0.607,190.027,4
spotify:track:1TXji9z7RIuNO6WjZleA4s,Ena W Yek,Ena W Yek,Lyna Mahyem,2021-12-10,195200,0,FALSE,tcgbb1ix1h1h974y7pakbtpr2,2026-09-01T20:31:23Z,"french r&b,pop urbaine,moroccan pop",Nouvelle Ecole,0.645,0.719,10,-5.89,0,0.0458,0.37,0,0.22,0.606,150.057,4
spotify:track:4RoKNqyZ9622tcAeNPNv5k,City Boys,I Told Them...,Burna Boy,2023-08-24,153346,73,TRUE,tcgbb1ix1h1h974y7pakbtpr2,2026-09-01T20:31:23Z,"afrobeats,afrobeat,afropop,dancehall,afroswing,afropiano",Spaceship/ Bad Habit/Atlantic Records,0.832,0.612,2,-7.58,0,0.141,0.065,0,0.132,0.591,100.013,4
spotify:track:3FtYDOHAIqBdBroWbRxs6e,Dishtagina,Dishtagina,Akon;Tariku Gankisi,2021-09-11,212159,31,FALSE,tcgbb1ix1h1h974y7pakbtpr2,2026-09-01T20:31:23Z,ethiopian jazz,Konvict Kulture / Nahom Records INC,0.9,0.593,9,-8.757,0,0.0562,0.242,0.000214,0.101,0.962,123.996,4
spotify:track:1cjiqSPapnXyPPQiKjuqYV,I Know What You Want X Arabic,I Know What You Want X Arabic,Six Dior,2023-12-06,192052,0,FALSE,tcgbb1ix1h1h974y7pakbtpr2,2026-09-01T20:31:23Z,,Vydia,0.681,0.83,2,-8.704,1,0.0329,0.00855,0,0.112,0.278,94.985,4
spotify:track:3ggtU1ZOKO8ZNiqPNyXGcm,Dinero,Dinero,Trinidad Cardona,2018-02-02,160880,71,TRUE,tcgbb1ix1h1h974y7pakbtpr2,2026-09-01T20:31:23Z,,Run It Up Records/Island,0.709,0.782,2,-4.687,1,0.0672,0.00774,0,0.107,0.484,119.997,4
spotify:track:5hAi5nm8xqjtemeuJkn9nM,just like me,just like me,21 Savage;Burna Boy;Metro Boomin,2024-01-10,231338,46,TRUE,tcgbb1ix1h1h974y7pakbtpr2,2026-09-01T20:31:23Z,"afrobeats,afrobeat,afropop,dancehall,afroswing,afropiano","Slaughter Gang, LLC/Epic Records",0.706,0.65,1,-4.69,1,0.111,0.471,0.0000269,0.306,0.482,82.984,4
spotify:track:21RAJfkAbaq85RWJQWoxkx,Dame Beso // Muévete,ORQUÍDEAS,Kali Uchis,2024-01-12,215666,65,FALSE,tcgbb1ix1h1h974y7pakbtpr2,2026-09-01T20:31:23Z,,Geffen Records,0.442,0.903,5,-4.406,0,0.115,0.0627,0.00000237,0.162,0.932,149.885,4
spotify:track:5957pMloCQ5tVmCdkIP5Bt,AMIRI,AMIRI,Sherifflazone,2024-01-22,122535,0,TRUE,tcgbb1ix1h1h974y7pakbtpr2,2026-09-01T20:31:23Z,french rap,BRIGHTBURN,0.625,0.667,8,-6.95,1,0.219,0.155,0,0.0929,0.152,141.705,4
spotify:track:1QBtiLpbw76bqO2h9fOdJQ,ARABI,ARABI,Mohamed Ramadan;Future;Massari,2024-02-08,167368,51,FALSE,tcgbb1ix1h1h974y7pakbtpr2,2026-09-01T20:31:23Z,"mahraganat,egyptian pop,egyptian shaabi,moroccan pop,arabic hip hop,rap,trap",Universal Arabic Music,0.698,0.816,6,-3.518,0,0.0412,0.0459,0.000569,0.0768,0.457,95.013,4
spotify:track:2UKK9UEbKlykbmLVP1zWIQ,Haule Haule,Rab Ne Bana Di Jodi,Salim–Sulaiman;Sukhwinder Singh;Jaideep Sahni,2008-11-06,263967,71,FALSE,tcgbb1ix1h1h974y7pakbtpr2,2026-09-01T20:31:23Z,"bollywood,sufi,desi,hindi pop,qawwali",YRF Music,0.712,0.776,5,-7.424,0,0.213,0.541,0.00000217,0.0896,0.96,89.934,4
spotify:track:5KwijXdF7LhoZ6PyezS26b,"Amor de Hombre (De ""La Leyenda del Beso"")",Amor De Hombre Y Otros Grandes Éxitos,Mocedades,1981,185613,46,FALSE,tcgbb1ix1h1h974y7pakbtpr2,2026-09-01T20:31:23Z,trova,Sony Music Media,0.463,0.415,2,-12.03,1,0.0354,0.455,0,0.433,0.308,168.426,4
spotify:track:7wKUqlOL9OES7gwPdgUcQl,رايحين نسهر - بام بام,رايحين نسهر - بام بام,Mohamed Ramadan,2019-01-01,169500,60,FALSE,tcgbb1ix1h1h974y7pakbtpr2,2026-09-01T20:31:23Z,"mahraganat,egyptian pop,egyptian shaabi,moroccan pop,arabic hip hop",Rotana Music,0.72,0.997,2,-2.403,1,0.0625,0.00858,0.122,0.189,0.929,160.024,4
spotify:track:3YRe2NXbJ5aalCE0YH6YBo,Coup du marteau,Coup du marteau,Tam Sir;Team Paiya;Ste Milano;Renard Barakissa;Tazeboy;PSK,2023-12-08,174589,62,FALSE,tcgbb1ix1h1h974y7pakbtpr2,2026-09-01T20:31:23Z,"rap ivoire,coupé décalé,shatta,ndombolo",CISUM,0.804,0.876,11,-4.386,0,0.277,0.133,0,0.142,0.808,113.956,3
spotify:track:5Y6sJbaI4P7OYGa3LAy1Qa,Feta Feta,Feta Feta,Behailu Bayou,2016-02-24,300042,0,TRUE,tcgbb1ix1h1h974y7pakbtpr2,2026-09-01T20:31:23Z,,Ethio One Love,0.467,0.821,6,-3.426,1,0.278,0.231,0,0.138,0.775,98.006,4
spotify:track:3Hb9kUdm4yf839Fle4RIdT,Parado no Bailão,Parado no Bailão,MC L da Vinte;MC Gury;DJ Swat,2018-07-23,171692,79,FALSE,tcgbb1ix1h1h974y7pakbtpr2,2026-09-01T20:31:23Z,"brazilian funk,funk de bh,funk carioca",Onerpm,0.828,0.599,11,-1.624,1,0.149,0.381,0,0.0775,0.478,86.533,5
spotify:track:0yAAwSTtc60mLGsRiulDpZ,Ma Nigga,SAGITARIO,El Alfa;YG;Almighty;Braulio Fogon;Dowba Montana,2022-11-22,341578,54,FALSE,tcgbb1ix1h1h974y7pakbtpr2,2026-09-01T20:31:23Z,"dembow,urbano latino,latin,hyphy,trap latino,reggaeton,trap",EL JEFE RECORDS LLC,0.939,0.922,10,-1.064,0,0.205,0.292,0.00000504,0.233,0.491,114.022,4
spotify:track:1GcYslWGW1RMEmI0ZuZ90B,Eu Já Sofri por Amor Mas Não Sofro Mais (Tik Tok),Eu Já Sofri por Amor Mas Não Sofro Mais (Tik Tok),MC Teuzin PV;MC Skcot,2022-06-23,134736,61,TRUE,tcgbb1ix1h1h974y7pakbtpr2,2026-09-01T20:31:23Z,funk carioca,L 10 Music,0.773,0.855,11,0.832,0,0.356,0.223,0.0000125,0.121,0.658,86.93,4
spotify:track:3cEO32kpEaJq7hny64fmmN,Treta do Dj Lorran,Treta do Dj Lorran,DJ Lorran;Mc Rose da Treta;Mc Alef,2023-12-03,157647,60,FALSE,tcgbb1ix1h1h974y7pakbtpr2,2026-09-01T20:31:23Z,"tecnobrega,brazilian phonk,funk carioca,brazilian funk",broke,0.921,0.412,10,-4.642,0,0.307,0.00186,0.00438,0.0832,0.929,140.003,4
spotify:track:5jFA0f4ZDGLbQP4nxzL8D4,HAY LUPITA,HAY LUPITA,Lomiiel,2024-03-28,105836,74,FALSE,tcgbb1ix1h1h974y7pakbtpr2,2026-09-01T20:31:23Z,dembow,Open Shift Distribution,0.845,0.583,0,-3.455,1,0.287,0.00204,0.000459,0.11,0.903,145.078,4
spotify:track:5oVBCcGv1EX2foIs6X6GRw,Onana,Onana,Jey One,2023-05-08,128571,71,FALSE,tcgbb1ix1h1h974y7pakbtpr2,2026-09-01T20:31:23Z,dembow,Mapa Negro Music,0.681,0.719,8,-5.428,0,0.455,0.595,0.00112,0.14,0.802,148.931,5
spotify:track:7ySC0IjVS1PMEdsZOvsUK2,OZEBA,HEIS,Rema,2024-07-10,137684,67,FALSE,tcgbb1ix1h1h974y7pakbtpr2,2026-09-01T20:31:23Z,"afrobeats,afrobeat,afropop,afropiano",Mavin Global Holdings Ltd,0.754,0.841,2,-4.563,1,0.0921,0.136,0,0.0903,0.838,147.989,4
spotify:track:6XjDF6nds4DE2BBbagZol6,Gata Only,Gata Only,FloyyMenor;Cris MJ,2024-02-02,222000,86,TRUE,tcgbb1ix1h1h974y7pakbtpr2,2026-09-01T20:31:23Z,"reggaeton chileno,chilean trap,chilean mambo,reggaeton",FloyyMenor under exclusive license to UnitedMasters LLC,0.791,0.499,8,-8.472,0,0.0509,0.446,0.0000241,0.0899,0.669,99.986,4
spotify:track:4Xtlw8oXkIOvzV7crUBKeZ,Rompe,Barrio Fino En Directo,Daddy Yankee,2005-01-01,188626,81,TRUE,tcgbb1ix1h1h974y7pakbtpr2,2026-09-01T20:31:23Z,"reggaeton,latin",Interscope/El Cartel,0.696,0.858,9,-5.155,1,0.0859,0.0727,0.00000319,0.0631,0.533,176.061,4
spotify:track:6JrtsOaJNTwPUIY414yaCb,Bonafide Love (feat. Wayne Wonder),The Early Years (90-95),Buju Banton;Wayne Wonder,2001-09-03,234773,45,FALSE,tcgbb1ix1h1h974y7pakbtpr2,2026-09-01T20:31:23Z,"reggae,dancehall,ragga,lovers rock,roots reggae,soca",VP Records,0.663,0.601,0,-8.566,0,0.0868,0.247,0,0.264,0.677,84.468,4
spotify:track:4l2ljvyXOCVNbD5ff7NpM7,"I Like to Move It (feat. The Mad Stuntman) - Erick ""More"" Album Mix",Move It!,Reel 2 Real;Erick Morillo;The Mad Stuntman,1994-10-10,230760,74,FALSE,tcgbb1ix1h1h974y7pakbtpr2,2026-09-01T20:31:23Z,"eurodance,soca",Strictly Rhythm Records,0.863,0.781,5,-8.546,0,0.0785,0.0394,0.000292,0.125,0.764,122.938,4
spotify:track:1eTVow1ULnUfl2YJrzYMrm,En Una Caja De Muerto,Disciplina,El Alfa;Amenazzy,2017-08-11,168004,33,FALSE,tcgbb1ix1h1h974y7pakbtpr2,2026-09-01T20:31:23Z,"dembow,urbano latino,latin,trap latino,reggaeton",EL JEFE RECORDS LLC,0.798,0.949,1,-2.377,1,0.0444,0.246,0.494,0.107,0.342,117.021,4
spotify:track:47trirgpaLmWk4Lqk3RrZk,Dema Ga Ge Gi Go Gu,Disciplina (Puerto Rico Edition),El Alfa;Bad Bunny,2018-02-09,218920,73,FALSE,tcgbb1ix1h1h974y7pakbtpr2,2026-09-01T20:31:23Z,"dembow,urbano latino,latin,reggaeton,trap latino",EL JEFE RECORDS LLC,0.667,0.906,8,-2.634,1,0.255,0.647,0.0048,0.235,0.455,119.945,4
spotify:track:6aFSMLbIic9spYJ055hxHB,I Don't Care,"Sweet Micky (Best of Michel Martelly, Vol. 1)",Michel Martelly,2012-08-28,513000,37,FALSE,tcgbb1ix1h1h974y7pakbtpr2,2026-09-01T20:31:23Z,"kompa,zouk",ACP,0.763,0.787,6,-6.219,0,0.028,0.253,0,0.241,0.962,101.253,4
spotify:track:4K5lYtD8r6OFRbzWc6MwCS,AZAMAN,HEIS,Rema,2024-07-10,148225,66,FALSE,tcgbb1ix1h1h974y7pakbtpr2,2026-09-01T20:31:23Z,"afrobeats,afrobeat,afropop,afropiano",Mavin Global Holdings Ltd,0.718,0.897,1,-5.701,1,0.164,0.153,0,0.881,0.912,123.138,4
spotify:track:3kCeW0fmkrLBWCpEGazRMR,El Sonidito,El Sonidito,Hechizeros Band,2008-01-01,199893,66,FALSE,tcgbb1ix1h1h974y7pakbtpr2,2026-09-01T20:31:23Z,"cumbia norteña,cumbia,música mexicana",Fonovisa,0.81,0.96,5,-4.971,1,0.0586,0.069,0.24,0.0729,0.893,77.006,4
spotify:track:5GxhBuaGMTa44zUUilEYOL,Coronao Now,Coronao Now,El Alfa;Lil Pump,2019-11-07,217881,55,TRUE,tcgbb1ix1h1h974y7pakbtpr2,2026-09-01T20:31:23Z,"dembow,urbano latino,latin",EL JEFE RECORDS LLC,0.941,0.73,6,-7.558,0,0.246,0.147,0.0047,0.181,0.712,118.025,4
spotify:track:0Gt5g6doHZcorlVEzj52wG,Bacon egg n cheese,Bacon egg n cheese,Dee Dotty;Wavyrioo,2023-03-21,132728,38,FALSE,tcgbb1ix1h1h974y7pakbtpr2,2026-09-01T20:31:23Z,,5076394 Records DK,0.692,0.813,8,-4.922,0,0.387,0.00179,0.0000839,0.101,0.833,120.236,4
spotify:track:5TFD2bmFKGhoCRbX61nXY5,NUEVAYoL,DeBÍ TiRAR MáS FOToS,Bad Bunny,2025-01-05,183685,95,FALSE,tcgbb1ix1h1h974y7pakbtpr2,2026-09-01T20:31:23Z,"reggaeton,trap latino,latin,urbano latino",Rimas Entertainment LLC.,0.142,0.195,6,-20.024,1,0.139,0.265,0.995,0.204,0.12,137.922,4
spotify:track:59D4DOkspUbWyMmbAPQkxZ,VOY A LLeVARTE PA PR,DeBÍ TiRAR MáS FOToS,Bad Bunny,2025-01-05,156364,89,TRUE,tcgbb1ix1h1h974y7pakbtpr2,2026-09-01T20:31:23Z,"reggaeton,trap latino,latin,urbano latino",Rimas Entertainment LLC.,0.148,0.604,7,-35.032,1,0.0588,0.921,0.453,0.405,0.00001,106.295,3
spotify:track:2fhVsI54lSCFyW7sw5WPfR,4 Kampé II,4 Kampé II,Joé Dwèt Filé;Burna Boy,2025-03-27,211304,65,TRUE,tcgbb1ix1h1h974y7pakbtpr2,2026-09-01T20:31:23Z,"kompa,zouk,french r&b,pop urbaine,kizomba,shatta,afrobeats,afrobeat,afropop,dancehall,afroswing,afropiano",Spaceship/PlayTwo/BadHabit/ATL,0.564,0.721,3,-9.586,0,0.147,0.323,0.0000018,0.0859,0.86,183.834,4
spotify:track:6KBc9W1riUD5zXv29eIVop,не расслабляйся,не расслабляйся,Skryptonite,2024-11-08,164309,65,TRUE,tcgbb1ix1h1h974y7pakbtpr2,2026-09-01T20:31:23Z,,Skryptonite,0.764,0.584,1,-7.43,1,0.0356,0.00125,0,0.304,0.0569,129.97,4
spotify:track:2tjdUXAQO53oMqpRoA4bwP,Tu me manques,Entre vous et moi (32 Hits),Harry Diboula,2009-01-02,267693,51,FALSE,tcgbb1ix1h1h974y7pakbtpr2,2026-09-01T20:31:23Z,"zouk,kompa,kizomba",Chabine Prod,0.744,0.787,8,-6.587,0,0.0561,0.0114,0.00227,0.0925,0.599,99.97,4
spotify:track:02KPFqzP9iYkfQYZz2GVUo,QUANDO VC SENTA O MUNDO PARA x BEAT KOF,QUANDO VC SENTA O MUNDO PARA x BEAT KOF,DJ ÉRRIDE,2024-06-30,113188,45,TRUE,tcgbb1ix1h1h974y7pakbtpr2,2026-09-01T20:31:23Z,funk carioca,BBR PROD,0.79,0.806,11,0.533,0,0.0561,0.299,0.0000273,0.249,0.889,139.871,4
spotify:track:3PMSQDTskcr4xxqg15g3ol,100 Neurose,100 Neurose,Lukinhas,2019-11-08,183692,52,FALSE,tcgbb1ix1h1h974y7pakbtpr2,2026-09-01T20:31:23Z,brazilian pop,Inbraza,0.635,0.815,8,-3.173,0,0.0579,0.615,0,0.157,0.702,130.044,4
spotify:track:5IU0jWsdGzFg6Gi9QBGznk,Aperta Start,Aperta Start,Delacruz;Lukinhas;JOK3R,2022-09-09,177272,57,FALSE,tcgbb1ix1h1h974y7pakbtpr2,2026-09-01T20:31:23Z,"brazilian hip hop,brazilian pop",Delacruz,0.658,0.551,4,-5.199,1,0.218,0.396,0,0.118,0.756,131.795,4
spotify:track:7DOqLMSxTh1s3WPTyqJ2pw,Amor Mio,Latin Crooners,Frank Sark,2008-04-19,102253,66,FALSE,tcgbb1ix1h1h974y7pakbtpr2,2026-09-01T20:31:23Z,bolero,Kosinus,0.61,0.256,4,-13.413,1,0.0263,0.73,0.00000275,0.189,0.504,95.002,4
spotify:track:1z1VvotFOcYm72B56JQ85S,Deixa Eu Dizer,Deixa Eu Dizer,Claudya,1973-03-07,167139,63,FALSE,tcgbb1ix1h1h974y7pakbtpr2,2026-09-01T20:31:23Z,,Universal Music Ltda.,0.523,0.719,4,-7.515,0,0.0359,0.133,0,0.126,0.7,151.626,4
spotify:track:4ApvuCjlZNe3RoIFoBX29y,Zum-Zum,Cantiga De Longe,Edu Lobo,1970-04-07,170666,55,FALSE,tcgbb1ix1h1h974y7pakbtpr2,2026-09-01T20:31:23Z,"bossa nova,brazilian jazz,mpb",Universal Music Ltda.,0.58,0.233,9,-18.373,0,0.0487,0.862,0.305,0.18,0.757,97.532,4
spotify:track:5je0CDv1Z1hT82Nek1Fjhl,Só Danço Samba,Jazz Samba Encore!,Stan Getz;Luiz Bonfá,1963,216226,15,FALSE,tcgbb1ix1h1h974y7pakbtpr2,2026-09-01T20:31:23Z,"bossa nova,jazz,brazilian jazz,cool jazz,latin jazz,jazz ballads",Verve Reissues,0.578,0.364,2,-15.162,1,0.0441,0.683,0.0539,0.105,0.723,78.073,4
spotify:track:36SJ7ZFx8J1f1RsewmUwMX,Magalenha,Brasileiro,Sérgio Mendes,1992-06-17,216933,75,FALSE,tcgbb1ix1h1h974y7pakbtpr2,2026-09-01T20:31:23Z,"brazilian jazz,bossa nova,samba",Craft Recordings,0.82,0.634,9,-13.816,1,0.0747,0.128,0,0.0971,0.716,116.625,4
spotify:track:1oekqvXHit1f8Rirv9uSH7,Figa De Guiné,Sol de Verão 2021,Alcione,2021-02-05,139360,43,FALSE,tcgbb1ix1h1h974y7pakbtpr2,2026-09-01T20:31:23Z,"samba,mpb,pagode",UME - Global Clearing House,0.638,0.727,0,-7.56,0,0.0563,0.639,0,0.117,0.946,97.984,4
spotify:track:5vAyWyk8hC9DKqGcF7C1q7,Meu Rio,Memoria,Toco,2014-05-23,201186,61,FALSE,tcgbb1ix1h1h974y7pakbtpr2,2026-09-01T20:31:23Z,"bossa nova,brazilian jazz",Schema Records,0.722,0.626,1,-8.192,0,0.049,0.276,0.000471,0.085,0.762,96.1,4
spotify:track:3pemsJqLI0GXY9tlQDn8yS,Carta Ao Tom 74,20 Grandes Sucessos De Vinicius de Moraes,Vinícius de Moraes;Toquinho;Quarteto Em Cy,1999-01-01,161426,51,FALSE,tcgbb1ix1h1h974y7pakbtpr2,2026-09-01T20:31:23Z,"bossa nova,mpb,brazilian jazz,samba",Universal Music Ltda.,0.634,0.433,4,-9.922,0,0.185,0.718,0,0.138,0.562,143.075,4
spotify:track:3QKJELWORZZ7rUZDWeMWSA,Água de Beber,The Astrud Gilberto Album,Astrud Gilberto;Antônio Carlos Jobim,1965-01-01,138013,69,FALSE,tcgbb1ix1h1h974y7pakbtpr2,2026-09-01T20:31:23Z,"bossa nova,brazilian jazz,latin jazz,vocal jazz,adult standards,mpb",Verve Reissues,0.653,0.319,4,-17.813,0,0.0364,0.439,0,0.0906,0.845,147.853,4
spotify:track:59kq8EQeIzwi6xgZjyLWks,Onde Anda Você,Personalidade,Toquinho;Vinícius de Moraes,1987-01-01,169040,44,FALSE,tcgbb1ix1h1h974y7pakbtpr2,2026-09-01T20:31:23Z,"bossa nova,mpb,brazilian jazz,samba",Verve,0.564,0.416,4,-14.64,0,0.0421,0.658,0.0138,0.127,0.504,109.286,3
spotify:track:2NWFrQ7jPrZily5NVfgjFp,Arrependidaço (Onde Você Anda),Arrependidaço (Onde Você Anda),Ferrugem,2025-12-04,180832,75,FALSE,tcgbb1ix1h1h974y7pakbtpr2,2026-09-01T20:31:23Z,"pagode,samba",WM Brazil,0.721,0.571,11,-8.538,0,0.0715,0.421,0,0.159,0.865,149.936,4
spotify:track:2UXbsA8Q2tg90kjEn2gV7j,Joga Essa Rabeta,Joga Essa Rabeta,MC Teuzin PV;MC Skcot;DJ GH Sheik,2022-01-03,155076,71,TRUE,tcgbb1ix1h1h974y7pakbtpr2,2026-09-01T20:31:23Z,"funk carioca,funk de bh",Funk Explode Records,0.537,0.421,8,-1.987,0,0.0605,0.408,0,0.0854,0.788,86.69,5
spotify:track:3u25dhBZ80h0TFewO29Wqb,Cant Satisfy Her,Lava Ground,I Wayne,2005-08-22,221866,63,FALSE,tcgbb1ix1h1h974y7pakbtpr2,2026-09-01T20:31:23Z,"reggae,lovers rock,dancehall,roots reggae,ragga",VP Records,0.672,0.711,11,-4.652,0,0.316,0.14,0,0.151,0.759,86.808,4
spotify:track:0JAs8KQNikyz6Q4g2yk2O3,Don't Worry,Lava Ground,I Wayne,2005-08-22,249013,43,FALSE,tcgbb1ix1h1h974y7pakbtpr2,2026-09-01T20:31:23Z,"reggae,lovers rock,dancehall,roots reggae,ragga",VP Records,0.788,0.53,8,-6.906,1,0.113,0.309,0,0.172,0.856,80.63,4
spotify:track:1urinBludWkonEVzM3coXh,She Loves Me,Reggae Gold 2008,Serani,2008-06-17,185760,66,FALSE,tcgbb1ix1h1h974y7pakbtpr2,2026-09-01T20:31:23Z,"dancehall,reggae,soca",VP Records,0.704,0.592,8,-5.07,0,0.108,0.0559,0.00000491,0.0678,0.477,192.037,4
spotify:track:4qaxWylitp9qvg0zsaEqeo,Saddest Day,No Holding Back,Wayne Wonder,2003,223400,58,FALSE,tcgbb1ix1h1h974y7pakbtpr2,2026-09-01T20:31:23Z,"dancehall,lovers rock,reggae,ragga",VP Records,0.768,0.541,1,-4.877,1,0.0764,0.00165,0.00000448,0.29,0.515,169.064,4
spotify:track:0YJhXVXjSP1rUWWhDJSuPU,Sigi Kuruni,Ko Sira,Oumou Sangaré,1993-05-07,368773,43,FALSE,tcgbb1ix1h1h974y7pakbtpr2,2026-09-01T20:31:23Z,afropop,World Circuit,0.377,0.534,9,-6.716,1,0.0388,0.786,0.00000328,0.142,0.942,83.196,3
spotify:track:0HtOJj7Kl74s1Ngf3MWeif,She's Mine Pt. 1,4 Your Eyez Only,J. Cole,2016-12-09,209080,65,TRUE,tcgbb1ix1h1h974y7pakbtpr2,2026-09-01T20:31:33Z,rap,J. Cole P&D,0.439,0.204,2,-15.165,1,0.0587,0.766,0.0913,0.284,0.0408,139.652,4
spotify:track:5rmcjZTrE9JR1YrbNZDFNW,She's Mine Pt. 2,4 Your Eyez Only,J. Cole,2016-12-09,278920,64,TRUE,tcgbb1ix1h1h974y7pakbtpr2,2026-09-01T20:31:33Z,rap,J. Cole P&D,0.486,0.194,2,-15.265,1,0.0712,0.798,0.00624,0.114,0.048,70.031,4
spotify:track:77IAeEz8LEchPN8UNjaTJ2,Foldin Clothes,4 Your Eyez Only,J. Cole,2016-12-09,316920,59,TRUE,tcgbb1ix1h1h974y7pakbtpr2,2026-09-01T20:31:33Z,rap,J. Cole P&D,0.698,0.487,7,-9.887,0,0.312,0.234,0.00086,0.0724,0.614,161.943,4
spotify:track:751srcHf5tUqcEa9pRCQwP,Tek It,Running,Cafuné,2021-07-20,191823,85,FALSE,tcgbb1ix1h1h974y7pakbtpr2,2026-09-01T20:31:33Z,,Elektra (NEK),0.423,0.913,8,-5.354,1,0.0655,0.0000653,0,0.269,0.596,146.995,4
spotify:track:7umZiitjVsEjMQ6HNddpUI,Love Is Only a Feeling,Love Is Only a Feeling,Joey Bada$$,2017-07-06,152041,77,TRUE,tcgbb1ix1h1h974y7pakbtpr2,2026-09-01T20:31:33Z,"hip hop,jazz rap,rap",Pro Era,0.629,0.676,1,-7.088,0,0.191,0.53,0.000325,0.701,0.497,90.377,4
spotify:track:1RMJOxR6GRPsBHL8qeC2ux,Best Part (feat. H.E.R.),Freudian,Daniel Caesar;H.E.R.,2017-08-25,209831,9,FALSE,tcgbb1ix1h1h974y7pakbtpr2,2026-09-01T20:31:33Z,r&b,Golden Child Recordings,0.524,0.364,7,-10.209,1,0.0367,0.808,0,0.1,0.436,75.24,4
spotify:track:59dLtGBS26x7kc0rHbaPrq,Nothin' on You (feat. Bruno Mars),B.o.B Presents: The Adventures of Bobby Ray,B.o.B;Bruno Mars,2010-04-27,268320,88,FALSE,tcgbb1ix1h1h974y7pakbtpr2,2026-09-01T20:31:33Z,,Rebel Rock/Grand Hustle/Atlantic,0.688,0.853,10,-5.814,1,0.0493,0.386,0,0.0862,0.743,103.993,4
spotify:track:7BqBn9nzAq8spo5e7cZ0dJ,Just the Way You Are,Doo-Wops & Hooligans,Bruno Mars,2010-05-11,220734,90,FALSE,tcgbb1ix1h1h974y7pakbtpr2,2026-09-01T20:31:33Z,,Atlantic Records,0.635,0.841,5,-5.379,1,0.0422,0.0134,0,0.0622,0.424,109.021,4
spotify:track:6IAuH3hgTRpUUdmOGubXGS,Can I Call You Rose?,Thee Sacred Souls,Thee Sacred Souls,2022-08-26,190546,79,FALSE,tcgbb1ix1h1h974y7pakbtpr2,2026-09-01T20:31:33Z,retro soul,Penrose / Daptone Records,0.302,0.4,0,-8.212,0,0.0364,0.719,0.000621,0.172,0.421,180.852,3
spotify:track:48td6xvpokdYwvbl3JIiXP,Love Never Felt So Good,XSCAPE,Michael Jackson;Justin Timberlake,2014-05-09,246480,82,FALSE,tcgbb1ix1h1h974y7pakbtpr2,2026-09-01T20:31:33Z,,Epic/MJJ,0.775,0.719,7,-6.212,0,0.0435,0.132,0.00000179,0.0662,0.712,117.513,4
spotify:track:1ko2lVN0vKGUl9zrU0qSlT,Just the Two of Us (feat. Bill Withers),Anthology,"Grover Washington, Jr.;Bill Withers",2008-05-27,438493,76,FALSE,tcgbb1ix1h1h974y7pakbtpr2,2026-09-01T20:31:33Z,"soul jazz,smooth jazz,soul",Rhino/Elektra,0.749,0.497,10,-12.609,0,0.105,0.41,0.0499,0.0504,0.585,95.818,4
spotify:track:2zwmugV2IbUwKq5JgOWEpv,Mary Jane (All Night Long),My Life,Mary J. Blige,1994-01-01,279240,72,FALSE,tcgbb1ix1h1h974y7pakbtpr2,2026-09-01T20:31:33Z,r&b,Uptown,0.784,0.298,5,-9.549,0,0.0543,0.127,0.0000327,0.0678,0.845,87.172,4
spotify:track:3T59S3Vh3DOatsmTD8clqP,You Rock My World,The Essential Michael Jackson,Michael Jackson,2005-07-19,307071,79,FALSE,tcgbb1ix1h1h974y7pakbtpr2,2026-09-01T20:31:33Z,,Epic/Legacy,0.82,0.711,4,-3.641,0,0.101,0.0272,0.000877,0.08,0.936,94.995,4
spotify:track:5LxvwujISqiB8vpRYv887S,I Want You Back,Diana Ross Presents The Jackson 5,The Jackson 5,1969-12-18,176333,88,FALSE,tcgbb1ix1h1h974y7pakbtpr2,2026-09-01T20:31:33Z,"motown,christmas",UNI/MOTOWN,0.469,0.538,8,-13.559,1,0.0575,0.305,0.000114,0.37,0.885,196.606,4
spotify:track:6Dk5fHTvH897XrVzCO64Mx,What You Won't Do for Love,What You Won't Do for Love,Bobby Caldwell,1978,286493,77,FALSE,tcgbb1ix1h1h974y7pakbtpr2,2026-09-01T20:31:33Z,yacht rock,Big Deal Records,0.642,0.396,6,-16.843,1,0.0642,0.462,0.000823,0.106,0.797,84.082,4
spotify:track:3LmvfNUQtglbTrydsdIqFU,We Belong Together,The Emancipation of Mimi,Mariah Carey,2005-04-12,201400,76,FALSE,tcgbb1ix1h1h974y7pakbtpr2,2026-09-01T20:31:33Z,christmas,Island Records,0.833,0.467,0,-7.89,1,0.0619,0.0339,0,0.09,0.767,139.971,4
spotify:track:2FRnf9qhLbvw8fu4IBXx78,Last Christmas,LAST CHRISTMAS,Wham!,1984-11-29,262960,75,FALSE,tcgbb1ix1h1h974y7pakbtpr2,2026-09-01T20:31:33Z,christmas,Epic,0.735,0.478,2,-12.472,1,0.0293,0.189,0.00000248,0.355,0.947,107.682,4
spotify:track:65krtHkaYLPr0mEbjL61UP,Kiss of Life,The Best of Sade,Sade,1994-10-31,251333,85,FALSE,tcgbb1ix1h1h974y7pakbtpr2,2026-09-01T20:31:33Z,,Epic,0.723,0.47,6,-11.302,0,0.028,0.633,0.0373,0.0968,0.783,97.107,4
spotify:track:14TmAdCnF2aR5OoguGZ2JA,"It's Been A Long, Long Time","Hello, Dolly! (Remastered)",Louis Armstrong,1964-10-25,142200,59,FALSE,tcgbb1ix1h1h974y7pakbtpr2,2026-09-01T20:31:33Z,"jazz,swing music,vocal jazz,big band",Verve Reissues,0.635,0.379,0,-10.382,1,0.049,0.772,0,0.0631,0.653,95.144,4
spotify:track:0KFuXEdOp5QfIfxHR6TJSm,Dangerously In Love,Dangerously In Love,Beyoncé,2003-06-24,293133,63,FALSE,tcgbb1ix1h1h974y7pakbtpr2,2026-09-01T20:31:33Z,,Columbia,0.609,0.407,6,-8.026,1,0.0808,0.345,0,0.19,0.459,99.982,4
spotify:track:648TTtYB0bH0P8Hfy0FmkL,Unforgettable,Unforgettable,Nat King Cole,1954-01-01,191973,72,FALSE,tcgbb1ix1h1h974y7pakbtpr2,2026-09-01T20:31:33Z,"christmas,adult standards,vocal jazz",CAPITOL CATALOG MKT (C92),0.349,0.182,5,-13.507,1,0.031,0.92,0.0152,0.143,0.178,136.094,3
spotify:track:7tqhbajSfrz2F7E1Z75ASX,Ain't No Mountain High Enough,United,Marvin Gaye;Tammi Terrell,1967-08-29,151666,88,FALSE,tcgbb1ix1h1h974y7pakbtpr2,2026-09-01T20:31:33Z,"motown,classic soul,soul,northern soul,quiet storm",UNI/MOTOWN,0.663,0.6,7,-10.87,1,0.032,0.43,0,0.184,0.797,129.987,4
spotify:track:0x0ffSAP6PkdoDgHOfroof,My Funny Valentine,Songs For Young Lovers,Frank Sinatra,1954-01-01,150666,62,FALSE,tcgbb1ix1h1h974y7pakbtpr2,2026-09-01T20:31:33Z,"christmas,big band,adult standards,swing music,jazz,vocal jazz",CAPITOL CATALOG MKT (C92),0.252,0.125,11,-14.267,0,0.033,0.889,0,0.108,0.247,82.411,4
spotify:track:4Fgkp1mj89wCvvvVGYdVzM,"Beautiful Boy (Darling Boy) - Stripped Down Mix, 2010",Mr. Peabody & Sherman (Music From The Motion Picture),John Lennon,2014-01-01,231120,0,FALSE,tcgbb1ix1h1h974y7pakbtpr2,2026-09-01T20:31:33Z,christmas,RELATIVITY MUSIC 2 (RM2),0.647,0.364,2,-13.023,1,0.0389,0.588,0,0.187,0.659,111.873,4
spotify:track:6KknhggJ4EgpzlEDy19yWv,Forever,Forever,The Little Dippers,1960-08-15,138920,75,FALSE,tcgbb1ix1h1h974y7pakbtpr2,2026-09-01T20:31:33Z,,University Records,0.518,0.225,0,-11.695,1,0.0317,0.948,0.584,0.197,0.478,73.771,4
spotify:track:2gmWJA9oF4GD2Vw5QoRqu1,I Want You,I Want You (Deluxe Edition),Marvin Gaye,1976-03-16,274400,62,FALSE,tcgbb1ix1h1h974y7pakbtpr2,2026-09-01T20:31:33Z,"motown,classic soul,soul,northern soul,quiet storm",Motown,0.515,0.793,1,-9.557,0,0.034,0.849,0.317,0.236,0.737,100.551,4
spotify:track:2uwnP6tZVVmTovzX5ELooy,Power Trip (feat. Miguel),Born Sinner (Deluxe Version),J. Cole;Miguel,2013-06-18,241160,85,TRUE,tcgbb1ix1h1h974y7pakbtpr2,2026-09-01T20:31:33Z,"rap,r&b",Roc Nation LLC,0.667,0.608,1,-7.054,1,0.216,0.324,0.000198,0.426,0.475,99.992,4
spotify:track:5KKiN9LDoI510Yf4VWboOz,Come Fly With Me - 2008 Remastered,Nothing But The Best (2008 Remastered),Frank Sinatra,2008-05-13,193653,51,FALSE,tcgbb1ix1h1h974y7pakbtpr2,2026-09-01T20:31:33Z,"christmas,big band,adult standards,swing music,jazz,vocal jazz",FRANK SINATRA DIGITAL REPRISE,0.601,0.464,0,-8.661,0,0.048,0.542,0,0.112,0.638,137.865,4
spotify:track:49OMJ1prsRA7ZYgrAjz70c,"More Than A Woman - From ""Saturday Night Fever"" Soundtrack",Greatest,Bee Gees,1979-01-01,197213,82,FALSE,tcgbb1ix1h1h974y7pakbtpr2,2026-09-01T20:31:33Z,disco,Bee Gees Catalog,0.632,0.683,7,-6.434,1,0.0385,0.163,0.00013,0.847,0.701,105.959,4
spotify:track:4RP1czjLoErBuEQui5hCrC,I Don't Want To See Tomorrow - As Heard on “Fallout” (Series),I Don't Want To Be Hurt Anymore,Nat King Cole,1964-01-01,156906,54,FALSE,tcgbb1ix1h1h974y7pakbtpr2,2026-09-01T20:31:33Z,"christmas,adult standards,vocal jazz",CAPITOL CATALOG MKT (C92),0.32,0.221,7,-15.714,1,0.0332,0.774,0,0.145,0.358,76.528,4
spotify:track:319zhm9YPb7ZwVZR6T2rGV,Give Me Your Lovin,Give Me Your Lovin,Oobie,2023-03-08,210574,62,FALSE,tcgbb1ix1h1h974y7pakbtpr2,2026-09-01T20:31:33Z,,OOB Enterprises LLC,0.648,0.37,8,-13.335,1,0.0367,0.0574,0.00103,0.247,0.553,135.495,4
spotify:track:3SdTKo2uVsxFblQjpScoHy,Stand By Me,Don't Play That Song (Mono),Ben E. King,1962-08-20,180055,82,FALSE,tcgbb1ix1h1h974y7pakbtpr2,2026-09-01T20:31:33Z,,Rhino Atlantic,0.65,0.306,9,-9.443,1,0.0393,0.57,0.00000707,0.0707,0.605,118.068,4
spotify:track:2yd0XI7g0BhAgY9GkpPClU,Outstanding,The Gap Band IV,The Gap Band,1982-01-01,198800,67,FALSE,tcgbb1ix1h1h974y7pakbtpr2,2026-09-01T20:31:33Z,"funk,quiet storm",Island Mercury,0.738,0.498,6,-12.091,1,0.0286,0.223,0.0000157,0.155,0.774,99.084,4
spotify:track:2e3Ea0o24lReQFR4FA7yXH,Love Yourz,2014 Forest Hills Drive,J. Cole,2014-12-09,211496,79,TRUE,tcgbb1ix1h1h974y7pakbtpr2,2026-09-01T20:31:33Z,rap,Roc Nation Records LLC,0.677,0.638,8,-8.631,1,0.333,0.589,0,0.193,0.435,82.81,4
spotify:track:3QLjDkgLh9AOEHlhQtDuhs,Best I Ever Had,So Far Gone,Drake,2009,257690,82,TRUE,tcgbb1ix1h1h974y7pakbtpr2,2026-09-01T20:31:33Z,rap,Young Money/Cash Money Records,0.395,0.922,1,-2.176,1,0.375,0.19,0,0.134,0.558,162.361,4
spotify:track:1VLtjHwRWOVJiE5Py7JxoQ,Martin & Gina,THE GOAT,Polo G,2020-05-15,132832,80,TRUE,tcgbb1ix1h1h974y7pakbtpr2,2026-09-01T20:31:33Z,,Columbia,0.832,0.534,1,-7.813,0,0.253,0.345,0,0.165,0.116,93.924,4
spotify:track:2LBqCSwhJGcFQeTHMVGwy3,Die For You,Starboy,The Weeknd,2016-11-24,260253,89,FALSE,tcgbb1ix1h1h974y7pakbtpr2,2026-09-01T20:31:33Z,,The Weeknd/Lyric,0.586,0.525,1,-7.163,0,0.0615,0.111,0,0.134,0.508,133.629,4
spotify:track:1lb0KfG9EyfSBsEifTUtXY,someday i'll get it,someday i'll get it,Alek Olsen,2023-10-26,94750,76,FALSE,tcgbb1ix1h1h974y7pakbtpr2,2026-09-01T20:31:33Z,,Alek Olsen,0.438,0.051,8,-22.44,1,0.0373,0.93,0.916,0.113,0.102,102.711,3
spotify:track:5Hg1m5uhSPL75ejQgPOmyc,Heaven Knows,Heaven Knows,54 Ultra,2024-05-01,181920,72,FALSE,tcgbb1ix1h1h974y7pakbtpr2,2026-09-01T20:31:33Z,,That's Love Records,0.401,0.504,3,-7.088,0,0.0287,0.719,0.00000228,0.134,0.697,175.938,4
spotify:track:1bv9wrUiUgjWfahxVwtGSr,Letter Home,Camp,Childish Gambino,2011-11-15,104386,81,FALSE,tcgbb1ix1h1h974y7pakbtpr2,2026-09-01T20:31:33Z,,Glassnote - VMG,0.152,0.345,0,-9.983,0,0.0348,0.514,0.0000407,0.128,0.267,81.604,5
spotify:track:4AOUkAWdXPucnYe6GYdZjk,Be Your Girl,Complex Simplicity: 15th Anniversary Edition,Teedra Moses,2004,249493,66,FALSE,tcgbb1ix1h1h974y7pakbtpr2,2026-09-01T20:31:33Z,,The Orchard,0.714,0.722,11,-5.837,0,0.0936,0.164,0.00000238,0.175,0.628,92.017,4
spotify:track:4bnjq8zqtCnxTGxll5ezOO,Why Don't We Fall in Love,All I Have,Amerie,2002-07-30,159293,66,FALSE,tcgbb1ix1h1h974y7pakbtpr2,2026-09-01T20:31:33Z,,Rise/Columbia,0.551,0.773,11,-6.578,0,0.101,0.0673,0.0000339,0.0511,0.649,90.003,4
spotify:track:008McaJl3WM1UqxxVie9BP,The Wisp Sings,The Wisp Sings,Winter Aid,2013-11-11,313252,55,FALSE,tcgbb1ix1h1h974y7pakbtpr2,2026-09-01T20:31:33Z,,Bluestack Records,0.521,0.0889,4,-19.457,1,0.0506,0.988,0.185,0.0965,0.0478,115.428,4
spotify:track:1toHY5SPpeCjHlfR6QROkJ,New Martyrs (Ride 4 U),New Martyrs (Ride 4 U),Miguel,2025-09-05,210052,43,TRUE,tcgbb1ix1h1h974y7pakbtpr2,2026-09-01T20:31:33Z,r&b,ByStorm Entertainment/RCA Records,0.619,0.6,5,-6.274,1,0.0383,0.165,0.0000158,0.151,0.289,80.315,4
spotify:track:6vMpPxLV0F5Diwcs6awI1Z,coffee,Wildheart (Deluxe Version),Miguel,2015-06-26,286571,69,TRUE,tcgbb1ix1h1h974y7pakbtpr2,2026-09-01T20:31:33Z,r&b,ByStorm Entertainment/RCA Records,0.556,0.618,10,-7.471,0,0.0463,0.00558,0.000351,0.153,0.121,80.985,4
spotify:track:5qII2n90lVdPDcgXEEVHNy,Sunday Morning,Songs About Jane: 10th Anniversary Edition,Maroon 5,2002,244880,86,FALSE,tcgbb1ix1h1h974y7pakbtpr2,2026-09-01T20:31:33Z,pop,Interscope Records*,0.608,0.768,0,-5.227,1,0.0475,0.0913,0,0.0629,0.809,88.059,4
spotify:track:6sHsXIJoEN5JpdkGMQDJxt,The Boy Is Mine,Never Say Never,Brandy;Monica,1998-06-09,294786,81,FALSE,tcgbb1ix1h1h974y7pakbtpr2,2026-09-01T20:31:33Z,r&b,Atlantic Records,0.704,0.707,1,-6.537,0,0.0391,0.539,0.00106,0.318,0.761,93.145,4
spotify:track:3pCgIUkmRHKydu9HE03QKY,Remember Me (Dúo),Coco (Original Motion Picture Soundtrack),Miguel;Natalia Lafourcade,2017-11-10,164453,62,FALSE,tcgbb1ix1h1h974y7pakbtpr2,2026-09-01T20:31:33Z,"r&b,latin folk,bolero,latin indie,latin alternative,latin folklore",Walt Disney Records,0.611,0.553,0,-6.681,1,0.0329,0.415,0,0.497,0.571,84.996,4
spotify:track:4MTHIKGWNTBoubzDMkXFfa,I Can Love You,Share My World,Mary J. Blige;Lil' Kim,1997-01-01,286400,71,FALSE,tcgbb1ix1h1h974y7pakbtpr2,2026-09-01T20:31:33Z,"r&b,east coast hip hop",Geffen*,0.635,0.614,7,-7.165,1,0.197,0.0179,0.000201,0.415,0.736,174.213,4
spotify:track:1lUQPlbxDG7x8O8rwbxTRt,Love Faces,"Passion, Pain & Pleasure (Deluxe Version)",Trey Songz,2010-09-14,243800,64,FALSE,tcgbb1ix1h1h974y7pakbtpr2,2026-09-01T20:31:33Z,r&b,Atlantic Records,0.654,0.599,11,-6.699,1,0.0561,0.0599,0,0.161,0.333,119.782,4
spotify:track:6q8NBpF6twALMb86FBpLgQ,Ain't No Woman (Like The One I've Got),Keeper Of The Castle,Four Tops,1972-01-01,187773,61,FALSE,tcgbb1ix1h1h974y7pakbtpr2,2026-09-01T20:31:33Z,"motown,northern soul,classic soul,soul",Geffen,0.562,0.592,2,-9.694,0,0.0393,0.33,0.0000125,0.0882,0.869,99.05,4
spotify:track:5nI3CamfaKGXVCoC7SOxdg,Meeting in My Bedroom,The Best of Silk,Silk,2004-05-14,306200,42,FALSE,tcgbb1ix1h1h974y7pakbtpr2,2026-09-01T20:31:33Z,"quiet storm,new jack swing,r&b",Rhino/Elektra,0.716,0.414,2,-8.705,0,0.0302,0.0284,0.00000265,0.118,0.244,111.655,4
spotify:track:4XhrowM5IKGCRrY2HzYBH3,All I Do Is Think of You,Attitude,Troop,1989-10-20,229053,63,FALSE,tcgbb1ix1h1h974y7pakbtpr2,2026-09-01T20:31:33Z,"new jack swing,quiet storm",Atlantic Records,0.534,0.7,8,-8.71,0,0.0446,0.0143,0,0.197,0.447,122.609,4
spotify:track:2Lhdl74nwwVGOE2Gv35QuK,Cupid's Chokehold / Breakfast in America,The Papercut Chronicles,Gym Class Heroes,2005-02-22,243773,84,FALSE,tcgbb1ix1h1h974y7pakbtpr2,2026-09-01T20:31:33Z,,Decaydance/Fueled By Ramen/ATL,0.72,0.744,1,-6.938,0,0.12,0.237,0,0.255,0.619,78.953,4
spotify:track:0myRViRgmQ3J8izICXEAVO,I Thought I Saw Your Face Today,Volume One,She & Him,2008-03-18,170333,91,FALSE,tcgbb1ix1h1h974y7pakbtpr2,2026-09-01T20:31:33Z,christmas,Merge Records,0.359,0.551,7,-7.631,1,0.0327,0.33,0.000837,0.298,0.526,158.355,4
spotify:track:7K6KRwyvE0plDEzxrVmCon,Come Back - Buddha Remastered 2001,The First Family of Soul: The Best of The Five Stairsteps,The Five Stairsteps,2001-11-06,174706,78,FALSE,tcgbb1ix1h1h974y7pakbtpr2,2026-09-01T20:31:33Z,,Buddha Records,0.319,0.525,3,-8.35,1,0.0286,0.515,0,0.167,0.445,86.42,3
spotify:track:3oTuTpF1F3A7rEC6RKsMRz,Raindance (feat. Tems),The Boy Who Played the Harp,Dave;Tems,2025-10-23,219743,94,FALSE,tcgbb1ix1h1h974y7pakbtpr2,2026-09-01T20:31:33Z,"grime,uk grime,uk drill,drill,afrobeats,afro r&b,alté,afrobeat",Neighbourhood,0.796,0.741,1,-6.815,1,0.0789,0.236,0.0619,0.103,0.249,107,4
spotify:track:2kJo0J02qdTsD1omMouIro,Just the Way You Are,Star,Milky,2002-01-01,210070,12,FALSE,tcgbb1ix1h1h974y7pakbtpr2,2026-09-01T20:31:33Z,,Motivo,0.669,0.965,8,-4.061,1,0.0362,0.000645,0.00556,0.263,0.973,129.998,4
spotify:track:6WH9AlBNORcBiQywNCIblE,four seasons.,Icon,Brent Faiyaz,2026-02-13,185813,67,FALSE,tcgbb1ix1h1h974y7pakbtpr2,2026-09-01T20:31:33Z,r&b,ISO Supremacy under exclusive license to UnitedMasters LLC,0.77,0.464,7,-9.756,1,0.0622,0.321,0,0.084,0.562,92.983,4
spotify:track:4jyyma8YdFC4S4llusSFRu,butterflies.,Icon,Brent Faiyaz,2026-02-13,248297,83,FALSE,tcgbb1ix1h1h974y7pakbtpr2,2026-09-01T20:31:33Z,r&b,ISO Supremacy under exclusive license to UnitedMasters LLC,0.379,0.352,0,-9.827,1,0.0751,0.54,0,0.141,0.311,83.046,4
spotify:track:2UDvJRFkOFCXbsnf9CsMbe,Daddy,Summer Sampler,Rich Homie Quan,2015-06-02,239089,53,TRUE,tcgbb1ix1h1h974y7pakbtpr2,2026-09-01T20:31:33Z,southern hip hop,"Think It's A Game Entertainment, LLC",0.418,0.739,2,-6.102,0,0.183,0.102,0,0.301,0.237,128.768,4
spotify:track:3oXNIpoUMdk8qGkwCeXqGv,Halfcrazy,Juslisen,Musiq Soulchild,2002-05-07,254493,68,FALSE,tcgbb1ix1h1h974y7pakbtpr2,2026-09-01T20:31:33Z,"neo soul,r&b,quiet storm",Def Soul,0.412,0.77,11,-6.057,0,0.18,0.462,0.0000015,0.0485,0.418,101.955,3
spotify:track:2kNvfgaufaMI3G4FYOQ637,Oh My Angel,Bertha Tillman,Bertha Tillman,1962-04-18,142853,62,FALSE,tcgbb1ix1h1h974y7pakbtpr2,2026-09-01T20:31:33Z,,Time Records,0.451,0.367,0,-7.147,1,0.0251,0.84,0.0000529,0.183,0.237,95.467,3
spotify:track:7caj6X6NMX3tlhWnu1du6V,We Belong Together,Ritchie Valens,Ritchie Valens,1959,116626,75,FALSE,tcgbb1ix1h1h974y7pakbtpr2,2026-09-01T20:31:33Z,"doo-wop,rock and roll",Rhino/Del-Fi,0.684,0.247,5,-13.71,1,0.0281,0.872,0.000166,0.113,0.768,106.522,3
spotify:track:3nsJGZ5RV2ZHkbKvD771gU,Ooo Baby Baby,Going To A Go-Go,Smokey Robinson & The Miracles,1965-11-01,164160,67,FALSE,tcgbb1ix1h1h974y7pakbtpr2,2026-09-01T20:31:33Z,"motown,classic soul,northern soul,soul",UNI/MOTOWN,0.185,0.344,7,-9.378,1,0.0295,0.81,0,0.166,0.424,178.635,3
spotify:track:3YdKJzcoMZMacISlpY4QoP,I Only Have Eyes for You,Flamingo Serenade,The Flamingos,1959-08-11,202773,76,FALSE,tcgbb1ix1h1h974y7pakbtpr2,2026-09-01T20:31:33Z,doo-wop,Rhino,0.552,0.313,5,-12.41,1,0.0296,0.916,0.0017,0.12,0.303,88.554,3
spotify:track:4feXcsElKIVsGwkbnTHAfV,Somethin' Stupid,The World We Knew,Frank Sinatra;Nancy Sinatra,1967-08,162493,80,FALSE,tcgbb1ix1h1h974y7pakbtpr2,2026-09-01T20:31:33Z,"christmas,big band,adult standards,swing music,jazz,vocal jazz",FRANK SINATRA DIGITAL REPRISE,0.257,0.338,4,-12.902,1,0.0357,0.736,0,0.252,0.544,207.356,4
spotify:track:2G2YzndIA6jeWFPBXhUjh5,Be My Baby,Be My Baby: The Very Best of The Ronettes,The Ronettes,2011-02-22,160906,78,FALSE,tcgbb1ix1h1h974y7pakbtpr2,2026-09-01T20:31:33Z,christmas,Legacy Recordings,0.511,0.769,4,-7.032,1,0.042,0.181,0,0.0921,0.818,129.657,4
spotify:track:46PucNRuGWY4BjIZhGOqjf,The real thing,Movin' On,Bitty McLean,2009-04-07,238253,54,FALSE,tcgbb1ix1h1h974y7pakbtpr2,2026-09-01T20:31:33Z,"lovers rock,reggae,roots reggae",Taxi,0.692,0.615,4,-9.243,0,0.0618,0.0129,0.000217,0.127,0.521,81.427,4
spotify:track:4IFYR5smTnHYCLP82AiDrJ,Officially Missing You,More,Tamia,2004,242466,57,FALSE,tcgbb1ix1h1h974y7pakbtpr2,2026-09-01T20:31:33Z,r&b,Elektra Records,0.476,0.407,4,-9.239,0,0.0368,0.247,0,0.144,0.226,178.258,4
spotify:track:6gTWAUYQMAQV3Cw2t5kWrx,Right and a Wrong Way,Make It Last Forever,Keith Sweat,1987,317133,64,FALSE,tcgbb1ix1h1h974y7pakbtpr2,2026-09-01T20:31:33Z,"new jack swing,quiet storm,r&b",Rhino/Elektra,0.646,0.409,0,-14.908,0,0.051,0.0122,0,0.179,0.63,119.723,4
spotify:track:4XBN0BNKaePeANSEcrs8vw,Lucky Man,Made In Jamaica,Courtney John,2009-06-17,194293,48,FALSE,tcgbb1ix1h1h974y7pakbtpr2,2026-09-01T20:31:33Z,"lovers rock,rocksteady,reggae",Fiwi Music Jamaica,0.797,0.497,7,-4.618,1,0.0812,0.467,0.00000203,0.133,0.619,89.697,4
spotify:track:21UkXrc9kD48rNpTMI2ecz,NEVER LEFT,NEVER LEFT,Lil Tecca,2021-05-06,168727,56,TRUE,tcgbb1ix1h1h974y7pakbtpr2,2026-09-01T20:31:43Z,"melodic rap,rap",Galactic / Republic Records,0.807,0.659,11,-6.92,1,0.332,0.0224,0,0.309,0.438,82.465,4
spotify:track:2ZXxRC6V6AXzMdbLQZMHSB,LOT OF ME,We Love You Tecca 2,Lil Tecca,2021-08-27,123870,78,FALSE,tcgbb1ix1h1h974y7pakbtpr2,2026-09-01T20:31:43Z,"melodic rap,rap",Galactic / Republic Records,0.704,0.537,0,-8.565,1,0.302,0.223,0,0.122,0.7,77.444,4
spotify:track:4e0FYxSROat25pH16zMTZI,Love Me,We Love You Tecca,Lil Tecca,2019-08-30,117013,78,TRUE,tcgbb1ix1h1h974y7pakbtpr2,2026-09-01T20:31:43Z,"melodic rap,rap",Republic Records,0.719,0.538,11,-6.897,0,0.28,0.632,0,0.135,0.803,204.132,4
spotify:track:2WxUIiq06XXPYWl9YcRJnD,Our Time,Virgo World,Lil Tecca,2020-09-18,98413,73,TRUE,tcgbb1ix1h1h974y7pakbtpr2,2026-09-01T20:31:43Z,"melodic rap,rap",Republic Records,0.895,0.439,5,-12.142,0,0.319,0.199,0,0.0683,0.633,109.988,4
spotify:track:2BULAwmRpScmZE7YOF07e5,Amigo,We Love You Tecca,Lil Tecca,2019-08-30,150093,71,TRUE,tcgbb1ix1h1h974y7pakbtpr2,2026-09-01T20:31:43Z,"melodic rap,rap",Republic Records,0.774,0.669,7,-7.397,0,0.221,0.415,0,0.105,0.528,89.954,4
spotify:track:0HJvoOkpflwYJb21VkTmGD,"Left, Right",We Love You Tecca,Lil Tecca,2019-08-30,154880,0,TRUE,tcgbb1ix1h1h974y7pakbtpr2,2026-09-01T20:31:43Z,"melodic rap,rap",Republic Records,0.741,0.415,2,-6.775,0,0.0489,0.318,0,0.104,0.404,87.079,4
spotify:track:4Whbjw2RncZLcNSDQbFWVY,SHOW ME UP,We Love You Tecca 2 (Deluxe),Lil Tecca,2021-09-01,166875,56,TRUE,tcgbb1ix1h1h974y7pakbtpr2,2026-09-01T20:31:43Z,"melodic rap,rap",Galactic / Republic Records,0.674,0.453,6,-10.293,0,0.0612,0.155,0.00000121,0.0933,0.22,128.107,4
spotify:track:09hbZ8vF8YmlVQq55Ai1Ay,Switching Lanes (feat. Playboi Carti),The Life Of Pi'erre 5,Pi’erre Bourne;Playboi Carti,2021-06-11,190097,60,TRUE,tcgbb1ix1h1h974y7pakbtpr2,2026-09-01T20:31:43Z,"melodic rap,rage rap",Interscope Records,0.458,0.506,1,-9.596,0,0.2,0.408,0,0.347,0.736,163.028,4
spotify:track:4sylKPWeCdJnAvZdflt0y5,Sunflower Seeds,Sli'merre,Young Nudy;Pi’erre Bourne,2019-05-08,182320,60,TRUE,tcgbb1ix1h1h974y7pakbtpr2,2026-09-01T20:31:43Z,melodic rap,Not specified,0.927,0.486,10,-7.236,1,0.309,0.318,0.0000172,0.0973,0.353,136.966,4
spotify:track:4KBJ6dFxtup8Ku4uQZcPQ8,Antisocial (with Slump6s),Antisocial,tana;Slump6s,2021-09-24,175333,61,TRUE,tcgbb1ix1h1h974y7pakbtpr2,2026-09-01T20:31:43Z,rage rap,Galactic Records / Republic Records,0.618,0.605,1,-6.839,1,0.35,0.00196,0,0.46,0.494,146.514,4
spotify:track:6xLaQvMFknex88LVALSgYP,Head$hot! (with Trippie Redd),HYPERNOVA.,KA$HDAMI;Trippie Redd,2021-11-12,136303,37,TRUE,tcgbb1ix1h1h974y7pakbtpr2,2026-09-01T20:31:43Z,melodic rap,Republic Records,0.737,0.668,7,-6.315,1,0.0996,0.018,0.0000063,0.0989,0.617,154.961,4
spotify:track:5WSYEQSBKIuibgoQTn8eeU,Holy Smokes (feat. Lil Uzi Vert),Trip At Knight (Complete Edition),Trippie Redd;Lil Uzi Vert,2021-08-21,181714,0,TRUE,tcgbb1ix1h1h974y7pakbtpr2,2026-09-01T20:31:43Z,"melodic rap,rage rap","1400 Entertainment, Inc. / 10K Projects",0.422,0.491,6,-5.703,1,0.368,0.195,0,0.142,0.67,184.344,5
spotify:track:1kBgQ2cBNONDo7ABrvmRfu,Sidenote,We Love You Tecca,Lil Tecca,2019-08-30,157933,60,TRUE,tcgbb1ix1h1h974y7pakbtpr2,2026-09-01T20:31:43Z,"melodic rap,rap",Republic Records,0.666,0.666,2,-7.748,1,0.277,0.0608,0,0.15,0.487,140.001,4
spotify:track:1P6ZWbU95Y5issu4KXTpwz,thrax,night before ko,SSGKobe,2021-02-22,148360,55,TRUE,tcgbb1ix1h1h974y7pakbtpr2,2026-09-01T20:31:43Z,rage rap,Field Trip/Columbia,0.558,0.603,1,-8.663,0,0.151,0.177,0,0.0975,0.518,128.324,4
spotify:track:6kJHM72Us6gd9bzsos87AW,Skeleton WLR,Skeleton WLR,"theRacks Zity, Trxps",1995-10-12,177333,0,TRUE,tcgbb1ix1h1h974y7pakbtpr2,2026-09-01T20:31:43Z,,Khlaw,0.861,0.71,3,-7.301,0,0.234,0.283,0.0000022,0.11,0.691,146.887,4
spotify:track:0TYq1cxJXPGGjO0bYHDH2L,Basketball Dreams (Intro),Still Sleep?,Sleepy Hallow,2021-06-02,91923,64,TRUE,tcgbb1ix1h1h974y7pakbtpr2,2026-09-01T20:31:43Z,"brooklyn drill,new york drill",Winners Circle/RCA Records,0.587,0.282,6,-11.902,0,0.308,0.947,0,0.11,0.53,188.37,4
spotify:track:5Pm5aqS8l2fytzhix5Pucu,SHOOTERS,We Love You Tecca 2,Lil Tecca,2021-08-27,125217,49,TRUE,tcgbb1ix1h1h974y7pakbtpr2,2026-09-01T20:31:43Z,"melodic rap,rap",Galactic / Republic Records,0.813,0.491,6,-7.32,1,0.397,0.0674,0,0.0712,0.498,138.073,4
spotify:track:3m49rgJQUz5GU07RWjf5SH,Molly,Sleepy Hallow Presents: Sleepy For President,Sleepy Hallow;Sheff G,2020-06-05,164562,67,TRUE,tcgbb1ix1h1h974y7pakbtpr2,2026-09-01T20:31:43Z,"brooklyn drill,new york drill,drill",Winners Circle Entertainment Inc / EMPIRE,0.812,0.385,10,-9.676,0,0.416,0.787,0,0.103,0.742,133.993,4
spotify:track:71pmeuiEvHAkE7gXxWL2Uy,Overtime,Hardwood Classic,Baby Smoove,2020-12-03,142320,60,TRUE,tcgbb1ix1h1h974y7pakbtpr2,2026-09-01T20:31:43Z,,Dha Franchise LLC,0.497,0.627,7,-7.851,1,0.306,0.0868,0,0.339,0.528,96.975,4
spotify:track:1HsOTiVqdN7PB1zOS2bcsO,Matt Hardy 999 (feat. Juice WRLD),Trip At Knight (Complete Edition),Trippie Redd;Juice WRLD,2021-08-21,188025,0,TRUE,tcgbb1ix1h1h974y7pakbtpr2,2026-09-01T20:31:43Z,"melodic rap,emo rap","1400 Entertainment, Inc. / 10K Projects",0.672,0.654,1,-4.528,1,0.0966,0.201,0,0.1,0.404,78.512,4
spotify:track:2CrkyqT73iKh4B5F6yPpuk,"Captain Crunch (feat. Sada Baby, Babyface Ray, & Icewear Vezzo)",Trip At Knight (Complete Edition),Trippie Redd;Sada Baby;Icewear Vezzo;Babyface Ray,2021-08-21,250065,0,TRUE,tcgbb1ix1h1h974y7pakbtpr2,2026-09-01T20:31:43Z,melodic rap,"1400 Entertainment, Inc. / 10K Projects",0.789,0.612,11,-5.926,1,0.337,0.0573,0,0.106,0.568,156.037,4
spotify:track:7tgjDlQsMR8RvkdlNCJA58,6 Kiss,A Love Letter To You 4,Trippie Redd;Juice WRLD;YNW Melly,2019-11-22,199436,1,TRUE,tcgbb1ix1h1h974y7pakbtpr2,2026-09-01T20:31:43Z,"melodic rap,emo rap","TenThousand Projects, LLC",0.687,0.449,2,-10.061,1,0.154,0.109,0,0.282,0.229,142.051,4
spotify:track:37KkSRi2FLFQaoALCarGYl,Flu Games,Flu Games,Shyvir,2021-04-15,199729,0,FALSE,tcgbb1ix1h1h974y7pakbtpr2,2026-09-01T20:31:43Z,,Shyvir,0.674,0.323,1,-13.751,1,0.206,0.107,0.0000481,0.111,0.122,160,4
spotify:track:36F6Q5cr1TsShSSVTbFX7F,EX BESTFRIEND,"""ambienceofthepunos""",iAMWVS;James Fauntleroy;Travis Scott,2019-10-26,180279,0,TRUE,tcgbb1ix1h1h974y7pakbtpr2,2026-09-01T20:31:43Z,rap,"Cactus Jack Records, Interscope Records, XO Records, Red Bull Music",0.67,0.612,4,-6.998,1,0.0815,0.551,0.0000565,0.604,0.499,119.981,4
spotify:track:5vM9apRVu7fWHnwPxJ3fhZ,Like Me,Kobe!!,ssgkobe archive,2021-11-19,154776,0,TRUE,tcgbb1ix1h1h974y7pakbtpr2,2026-09-01T20:31:43Z,,ssgkobe archive,0.71,0.639,2,-10.23,0,0.26,0.0792,0,0.154,0.653,107.692,5
spotify:track:4eBDhrefGx4wmnhH1kFrD9,racks,racks,rareslit,2021-02-28,167262,0,TRUE,tcgbb1ix1h1h974y7pakbtpr2,2026-09-01T20:31:43Z,,rareslit,0.844,0.595,11,-7.144,0,0.33,0.0105,0,0.108,0.357,150,4
spotify:track:1OWhnc0r4IovhyZFgny91e,EARTHQUAKE PARTY,AP ON ME & EARTHQUAKE PARTY,Ninow Cash,2015,114624,0,TRUE,tcgbb1ix1h1h974y7pakbtpr2,2026-09-01T20:31:43Z,,Ninow Cash,0.706,0.524,9,-6.414,1,0.121,0.419,0,0.118,0.268,125.915,4
spotify:track:0OVwdxb8X05gzkR4cRPSbP,Back Around,Back Around,Ninow Cash,2008,157192,0,TRUE,tcgbb1ix1h1h974y7pakbtpr2,2026-09-01T20:31:43Z,,Safenokk,0.684,0.615,9,-6.721,1,0.126,0.396,0,0.0941,0.422,144.943,4
spotify:track:6FVhDmYu4TLOSQRL2FksBr,Breathe,Breathe,iHATEROCKET,2021-03-31,183925,0,TRUE,tcgbb1ix1h1h974y7pakbtpr2,2026-09-01T20:31:43Z,,Team Rocket,0.479,0.606,0,-8.279,0,0.496,0.628,0,0.338,0.726,83.613,4
spotify:track:7KIS9jRTtmorqsDhviVpPT,FRIENDS - Remastered,FRIENDS (Remastered),Destxmido,2021-08-05,146780,0,FALSE,tcgbb1ix1h1h974y7pakbtpr2,2026-09-01T20:31:43Z,,Corrida Records,0.824,0.562,6,-8.488,1,0.129,0.336,0.00388,0.0998,0.456,124.955,4
spotify:track:4CDezBhdV1RH41MgnDPrUk,Cash Shit,Cash Shit,Thothkan;kurs0t,2021-11-09,148463,0,TRUE,tcgbb1ix1h1h974y7pakbtpr2,2026-09-01T20:31:43Z,turkish hip hop,Thothkan,0.699,0.431,1,-12.753,1,0.318,0.096,0.0000381,0.115,0.352,163.155,4
spotify:track:0Fpen1PTuEnCmOJtUU9Iud,New Patek,New Patek,Lil Uzi Vert,2018-09-18,343099,71,TRUE,tcgbb1ix1h1h974y7pakbtpr2,2026-09-01T20:31:43Z,"melodic rap,rage rap",Generation Now/Atlantic,0.85,0.785,8,-4.963,0,0.345,0.0367,0,0.155,0.718,145.063,4
spotify:track:76MjtLfZoTNc3BDqUVjuRH,Patek,Patek,Future;Lil Uzi Vert,2020-07-30,280665,52,TRUE,tcgbb1ix1h1h974y7pakbtpr2,2026-09-01T20:31:43Z,"rap,trap,melodic rap,rage rap",Generation Now/Atlantic,0.801,0.596,1,-4.72,1,0.0534,0.00301,0,0.162,0.134,120.028,4
spotify:track:53iTGmEL4uwHlqUvuKcrQe,Original Uzi (4 of Us),The Perfect LUV Tape,Lil Uzi Vert,2016-08-10,166765,52,TRUE,tcgbb1ix1h1h974y7pakbtpr2,2026-09-01T20:31:43Z,"melodic rap,rage rap",Generation Now/Atlantic,0.81,0.615,10,-8.376,0,0.284,0.0534,0,0.0811,0.596,150.03,4
spotify:track:71sCy1XpXl9rxTEu4XIPcR,Losses - Bonus,Destined 2 Win,Lil Tjay,2021-04-02,195648,53,TRUE,tcgbb1ix1h1h974y7pakbtpr2,2026-09-01T20:31:43Z,"brooklyn drill,melodic rap",Columbia,0.848,0.457,0,-10.118,1,0.293,0.153,0,0.115,0.227,100.018,4
spotify:track:0W64NfLrIsRTAFObko6uJx,Leaked,True 2 Myself,Lil Tjay,2019-10-11,220240,72,TRUE,tcgbb1ix1h1h974y7pakbtpr2,2026-09-01T20:31:43Z,"brooklyn drill,melodic rap",Columbia,0.51,0.619,7,-7.918,1,0.281,0.801,0,0.0811,0.321,97.018,4
spotify:track:4uu7gKd1PffC7QEMcMk0Ro,One Take,True 2 Myself,Lil Tjay,2019-10-11,168653,68,TRUE,tcgbb1ix1h1h974y7pakbtpr2,2026-09-01T20:31:43Z,"brooklyn drill,melodic rap",Columbia,0.76,0.615,5,-9.36,0,0.33,0.072,0,0.0571,0.351,148.014,4
spotify:track:0w1x05XBSRIuVmKd3D0IPd,Wet Em Up Pt. 2,State of Emergency,Lil Tjay;Sheff G;Sleepy Hallow,2020-05-08,191904,50,TRUE,tcgbb1ix1h1h974y7pakbtpr2,2026-09-01T20:31:43Z,"brooklyn drill,melodic rap,new york drill,drill",Columbia,0.701,0.645,8,-3.084,0,0.164,0.0274,0.000174,0.327,0.576,107.955,3
spotify:track:668vMRYpYfpLsOvWc73umT,MONEY ON ME,We Love You Tecca 2,Lil Tecca,2021-08-27,143283,51,TRUE,tcgbb1ix1h1h974y7pakbtpr2,2026-09-01T20:31:43Z,"melodic rap,rap",Galactic / Republic Records,0.41,0.399,0,-10.47,1,0.186,0.0492,0,0.115,0.309,89.806,5
spotify:track:3navz2a2nUx4bBCqy6I6Ez,BLINDFOLD (feat. Lil Baby),WUNNA (Deluxe),Gunna;Lil Baby,2020-07-24,154666,47,TRUE,tcgbb1ix1h1h974y7pakbtpr2,2026-09-01T20:31:43Z,melodic rap,300 Entertainment,0.889,0.507,2,-8.74,1,0.162,0.0562,0,0.116,0.219,111.994,4
spotify:track:0HCnj7pfrvshnocOJUFeit,Top Off,Drip Season 3 (Deluxe),Gunna,2018-02-02,197420,64,TRUE,tcgbb1ix1h1h974y7pakbtpr2,2026-09-01T20:31:43Z,melodic rap,300 Entertainment,0.906,0.395,1,-11.277,1,0.206,0.0103,0.000195,0.117,0.376,146.056,4
spotify:track:4rTwXrxC6fyn3g5y3DGTIJ,Drip or Drown Remix (feat. Lil Yachty),Drip Season 3 (Deluxe),Gunna;Lil Yachty,2018-02-02,178983,50,TRUE,tcgbb1ix1h1h974y7pakbtpr2,2026-09-01T20:31:43Z,melodic rap,300 Entertainment,0.943,0.38,5,-13.671,0,0.438,0.663,0,0.124,0.696,118.006,4
spotify:track:5psHsrZ2lpsUhha6QSiK4P,OppShit,Opp Shit,Pimpyz,2020-08-28,73700,0,TRUE,tcgbb1ix1h1h974y7pakbtpr2,2026-09-01T20:31:43Z,cloud rap,Pimpyz,0.741,0.541,8,-9.541,1,0.346,0.000349,0.000466,0.0842,0.352,154.723,4
spotify:track:4V9K7DLPZNhCH77wLsAiNF,My Legacy,Pluto x Baby Pluto (Deluxe),Future;Lil Uzi Vert,2020-11-13,193333,48,TRUE,tcgbb1ix1h1h974y7pakbtpr2,2026-09-01T20:31:43Z,"rap,trap,melodic rap,rage rap",Generation Now/Atlantic,0.89,0.682,4,-5.249,1,0.323,0.104,0,0.116,0.526,143.979,4
spotify:track:2F0jPESdu7fB6aJk1taHXS,Brace Yourself,Brace Yourself,zenorachi,2020-06-19,149087,47,TRUE,tcgbb1ix1h1h974y7pakbtpr2,2026-09-01T20:31:43Z,,Records/Columbia,0.39,0.636,8,-5.006,1,0.431,0.0406,0.00000116,0.195,0.692,194.003,4
spotify:track:0CirbNQTwKjbJVdzePlOCy,THROW AWAY,THROW AWAY,CRVSHFUOCO;Skrap,2020-12-05,162821,0,TRUE,tcgbb1ix1h1h974y7pakbtpr2,2026-09-01T20:31:43Z,,2553195 Records DK,0.839,0.499,9,-12.494,1,0.536,0.115,0.0000579,0.0718,0.492,159.957,4
spotify:track:2iCDO8ePNuCvMiMFc0FQdA,alotta cake,DS4EVER,Gunna,2022-01-07,193986,0,TRUE,tcgbb1ix1h1h974y7pakbtpr2,2026-09-01T20:31:43Z,melodic rap,300 Entertainment,0.895,0.543,11,-6.766,0,0.298,0.181,0,0.12,0.555,120.078,4
spotify:track:3XLbDUB5BX2WqL2qoAsvtb,thought i was playing,DS4EVER,Gunna;21 Savage,2022-01-07,167840,0,TRUE,tcgbb1ix1h1h974y7pakbtpr2,2026-09-01T20:31:43Z,melodic rap,300 Entertainment,0.679,0.73,1,-7.483,1,0.0689,0.00421,0,0.0736,0.292,148.038,4
spotify:track:29TPjc8wxfz4XMn21O7VsZ,Sky,Whole Lotta Red,Playboi Carti,2020-12-25,193234,81,TRUE,tcgbb1ix1h1h974y7pakbtpr2,2026-09-01T20:31:43Z,rage rap,AWGE/Interscope Records,0.785,0.903,2,-4.184,1,0.21,0.258,0,0.169,0.565,139.98,4
spotify:track:3KvL7dxNh1lrJoK1Mp6pHh,Ball Player,Come As You Are,DC THE DON,2020-08-07,276897,0,TRUE,tcgbb1ix1h1h974y7pakbtpr2,2026-09-01T20:31:43Z,"rage rap,melodic rap",Rostrum Records,0.74,0.611,0,-7.645,1,0.0991,0.281,0,0.138,0.344,99.776,4
spotify:track:0ICeoUqz3c1JHhc2Qpi8SC,No Melody,DC Fridays,DC THE DON,2019-12-20,178080,0,TRUE,tcgbb1ix1h1h974y7pakbtpr2,2026-09-01T20:31:43Z,"rage rap,melodic rap",DC The Don,0.913,0.55,1,-7.77,1,0.508,0.0554,0,0.122,0.671,123.968,4
spotify:track:6lzfwN6v20BEpwwtvxGGBd,No Cap,No Cap,YSN Flow,2018-12-21,172695,17,TRUE,tcgbb1ix1h1h974y7pakbtpr2,2026-09-01T20:31:43Z,melodic rap,YSN Flow,0.74,0.601,1,-9.693,1,0.354,0.00149,0,0.088,0.562,158.036,4
spotify:track:1bmQ6DS8eoOaaHRMhdNuCM,NBA Flow,NBA Flow,YSN Flow,2019-10-25,116140,0,TRUE,tcgbb1ix1h1h974y7pakbtpr2,2026-09-01T20:31:43Z,melodic rap,L462 Ent.,0.615,0.518,5,-9.515,0,0.0738,0.137,0,0.132,0.71,153.041,4
spotify:track:41MCdlvXOl62B7Kv86Bb1v,Empty,Death Race For Love,Juice WRLD,2019-03-08,248431,3,TRUE,tcgbb1ix1h1h974y7pakbtpr2,2026-09-01T20:31:43Z,"melodic rap,emo rap",Grade A Productions/Interscope Records,0.745,0.561,0,-4.869,1,0.0807,0.0758,0,0.133,0.449,77.557,4
spotify:track:49QVOdWgGagzLrThkIqtK6,Scared Of Love (with instrumental by Ghost Loft),Goodbye & Good Riddance,Juice WRLD,2018-12-10,170538,68,TRUE,tcgbb1ix1h1h974y7pakbtpr2,2026-09-01T20:31:43Z,"melodic rap,emo rap",Juice WRLD Mixtape / ISR P&D,0.642,0.562,11,-4.869,0,0.0812,0.032,0,0.168,0.177,158.001,4
spotify:track:2Jh3UqxnHJMyzMzku4uOtE,Feeling,Death Race For Love,Juice WRLD,2019-03-08,201920,2,TRUE,tcgbb1ix1h1h974y7pakbtpr2,2026-09-01T20:31:43Z,"melodic rap,emo rap",Grade A Productions/Interscope Records,0.712,0.515,10,-6.004,0,0.0857,0.234,0,0.205,0.563,160,4
spotify:track:7zMgHmmftqChITq0DGvmPR,She Banking on Me Pt. 2,She Banking on Me Pt. 2,shelovesavoidd,2022-01-11,200005,2,TRUE,tcgbb1ix1h1h974y7pakbtpr2,2026-09-01T20:31:43Z,,AvoidMusic,0.784,0.312,0,-10.983,0,0.0575,0.606,0.0000177,0.0949,0.49,135.121,4
spotify:track:2BJSMvOGABRxokHKB0OI8i,Shoota (feat. Lil Uzi Vert),Die Lit,Playboi Carti;Lil Uzi Vert,2018-05-11,153800,80,TRUE,tcgbb1ix1h1h974y7pakbtpr2,2026-09-01T20:31:43Z,"rage rap,melodic rap",AWGE Label,0.673,0.649,1,-8.433,0,0.196,0.188,0,0.122,0.47,153.075,4
spotify:track:10o5myydgz5D4Y0LbXjYa4,Batman,Batman,Saybye,2020-07-19,190055,0,TRUE,tcgbb1ix1h1h974y7pakbtpr2,2026-09-01T20:31:43Z,,2538586 Records DK,0.76,0.515,2,-10.2,1,0.251,0.005,0,0.109,0.792,82.952,4
spotify:track:1WnKJJKMtnmPdvFGOxcRVZ,Everything BoZ,!,Trippie Redd;Coi Leray,2019-08-09,205701,1,TRUE,tcgbb1ix1h1h974y7pakbtpr2,2026-09-01T20:31:43Z,melodic rap,"TenThousand Projects, LLC",0.713,0.535,9,-7.896,1,0.0543,0.195,0,0.184,0.097,139.944,4
spotify:track:500l6Cwe40hkPqS7Sf7ufY,Foreign,Die Lit,Playboi Carti,2018-05-11,142893,71,TRUE,tcgbb1ix1h1h974y7pakbtpr2,2026-09-01T20:31:43Z,rage rap,AWGE Label,0.762,0.705,6,-5.195,0,0.164,0.0906,0,0.17,0.264,122.955,4
spotify:track:0zCuVCaacXO3leOoHyNMDx,Get Out My Face,SwooshGodSundays,Swoosh God,2020-10-30,178013,0,TRUE,tcgbb1ix1h1h974y7pakbtpr2,2026-09-01T20:31:43Z,sexy drill,Swoosh God,0.838,0.505,7,-8.88,1,0.115,0.369,0,0.0629,0.246,75.491,4
spotify:track:4IO2X2YoXoUMv0M2rwomLC,Long Time - Intro,Die Lit,Playboi Carti,2018-05-11,211773,78,TRUE,tcgbb1ix1h1h974y7pakbtpr2,2026-09-01T20:31:43Z,rage rap,AWGE Label,0.472,0.861,4,-3.966,0,0.0447,0.283,0,0.83,0.358,144.077,4
spotify:track:26CnSycL2vNItcoEFzPVuJ,One Day,One Day,acti,2021-11-23,169644,0,TRUE,tcgbb1ix1h1h974y7pakbtpr2,2026-09-01T20:31:43Z,,3475230 Records DK,0.837,0.442,8,-9.019,1,0.423,0.395,0,0.263,0.382,146.94,4
spotify:track:59JWp4PjZ9TRM8cmtaDYB1,Yessirskiii,Eternal Atake (Deluxe) - LUV vs. The World 2,Lil Uzi Vert;21 Savage,2020-03-13,219340,68,TRUE,tcgbb1ix1h1h974y7pakbtpr2,2026-09-01T20:31:43Z,"melodic rap,rage rap",Generation Now/Atlantic,0.895,0.739,8,-6.633,1,0.283,0.0183,0.00000761,0.102,0.763,140.007,4
spotify:track:4Bhdiu8zhwQR3tXy8YMbCj,DUI,We Love You Tecca,Lil Tecca,2019-08-30,134520,63,TRUE,tcgbb1ix1h1h974y7pakbtpr2,2026-09-01T20:31:43Z,"melodic rap,rap",Republic Records,0.774,0.409,8,-8.688,0,0.336,0.567,0.00000112,0.12,0.424,86.52,4
spotify:track:1FxTz4x5X7ewAICkKhB3kA,Hate Me,A Love Letter To You 4,Trippie Redd;YoungBoy Never Broke Again,2019-11-22,144770,0,TRUE,tcgbb1ix1h1h974y7pakbtpr2,2026-09-01T20:31:43Z,melodic rap,"TenThousand Projects, LLC",0.866,0.48,10,-7.184,1,0.066,0.406,0,0.109,0.606,120.983,4
spotify:track:2RZ5LHKUW30P4Pu76h4wep,Super Cell,Trip At Knight (Complete Edition),Trippie Redd,2021-08-21,161027,0,TRUE,tcgbb1ix1h1h974y7pakbtpr2,2026-09-01T20:31:43Z,melodic rap,"1400 Entertainment, Inc. / 10K Projects",0.641,0.755,4,-3.621,0,0.113,0.0162,0,0.0849,0.603,154.829,4
spotify:track:7AH5sjRuKYICTNnWNopD4T,WORST DAY :(,Come As You Are (Deluxe),DC THE DON,2020-11-20,225230,0,TRUE,tcgbb1ix1h1h974y7pakbtpr2,2026-09-01T20:31:43Z,"rage rap,melodic rap",Rostrum Records,0.827,0.673,10,-6.032,0,0.246,0.124,0,0.301,0.799,130.034,4
spotify:track:5Nq6lLSxphlsA6nQB0KtES,NO. 9,Playboi Carti,Playboi Carti,2017-04-14,199190,67,TRUE,tcgbb1ix1h1h974y7pakbtpr2,2026-09-01T20:31:43Z,rage rap,AWGE Label,0.885,0.607,1,-7.642,0,0.385,0.00973,0,0.325,0.391,137.887,4
spotify:track:4y8Rs2wlKBaaOF8FdWOSkf,Let Em In,Let Em In,rareslit,2020-08-18,165903,0,TRUE,tcgbb1ix1h1h974y7pakbtpr2,2026-09-01T20:31:43Z,,rareslit,0.818,0.482,11,-10.509,0,0.646,0.441,0,0.436,0.821,82.519,4
spotify:track:7KVPsVMOK3NL7subwJ0dZj,Who You Foolin,Drip or Drown 2,Gunna,2019-02-22,151539,78,TRUE,tcgbb1ix1h1h974y7pakbtpr2,2026-09-01T20:31:43Z,melodic rap,300 Entertainment,0.916,0.756,0,-7.653,1,0.188,0.0942,0,0.23,0.756,115.69,4
spotify:track:26qQf1Wmyy3ZZkagqCu5kp,Lemonade,#SantanaWorld (+),Tay-K,2017-12-14,132000,66,TRUE,tcgbb1ix1h1h974y7pakbtpr2,2026-09-01T20:31:43Z,,88 Classic,0.744,0.385,6,-8.129,0,0.602,0.104,0.0000243,0.124,0.228,160.033,4
spotify:track:5FkoSXiJPKTNyYgALRJFhD,ORANGE SODA,DIE FOR MY BITCH,Baby Keem,2019-07-19,129882,80,TRUE,tcgbb1ix1h1h974y7pakbtpr2,2026-09-01T20:31:43Z,,Baby Keem LLC,0.83,0.564,1,-7.822,1,0.235,0.177,0,0.128,0.107,85.042,4
spotify:track:6FiUeuppPOYGStHHJqBG0X,Uh Oh Thots (Remix),Uh Oh Thots (Remix),Ombre2Choc Nation,2020-10-15,183740,0,TRUE,tcgbb1ix1h1h974y7pakbtpr2,2026-09-01T20:31:43Z,,Ombre2choc Nation,0.765,0.717,1,-4.913,1,0.0453,0.246,0,0.134,0.442,78.556,4
spotify:track:60xAzD5ttOqbhB6J3Dj8UC,Uh Uh (feat. Playboi Carti),Mansion Musick,Chief Keef;Playboi Carti,2018-07-13,166855,0,TRUE,tcgbb1ix1h1h974y7pakbtpr2,2026-09-01T20:31:43Z,"chicago drill,drill,rage rap",RBC Records,0.843,0.542,8,-6.667,1,0.363,0.163,0,0.112,0.251,143.067,4
spotify:track:7lxOjQyVsHQ8toQeT7IgCc,Wish,California,Diplo;Trippie Redd,2018-03-23,175273,59,TRUE,tcgbb1ix1h1h974y7pakbtpr2,2026-09-01T20:31:43Z,"moombahton,melodic rap",Mad Decent,0.57,0.903,9,-4.835,1,0.0905,0.0748,0,0.199,0.603,93.943,4
spotify:track:0F7oaq4qpD7ijADV6gJBwe,Beat a N*gga Block,We All Shine,YNW Melly,2019-01-18,146390,43,TRUE,tcgbb1ix1h1h974y7pakbtpr2,2026-09-01T20:31:43Z,melodic rap,P2019,0.757,0.565,8,-7.366,1,0.542,0.376,0,0.461,0.318,164.8,4
spotify:track:2mRbCWsFSYkTK6a6D1ghRn,F*ck PNC Bank,We All Shine,YNW Melly,2019-01-18,217168,39,TRUE,tcgbb1ix1h1h974y7pakbtpr2,2026-09-01T20:31:43Z,melodic rap,P2019,0.828,0.456,1,-10.709,1,0.362,0.0826,0,0.127,0.282,83.969,4
spotify:track:4aGZWvZ5L2MLWC2GjZBps8,My Everything (Part III) (feat. G Herbo),My Everything (Part III) (feat. G Herbo),B-Lovee;G Herbo,2021-11-24,150263,35,TRUE,tcgbb1ix1h1h974y7pakbtpr2,2026-09-01T20:31:43Z,"new york drill,drill,brooklyn drill,sexy drill,chicago drill",Records/Columbia,0.541,0.496,5,-8.697,0,0.156,0.0323,0,0.112,0.0864,156.953,4
spotify:track:7aZrmPqodHy4qlKeyjAgDQ,Hit,Hit,DaBaby;YoungBoy Never Broke Again,2022-01-19,125498,0,TRUE,tcgbb1ix1h1h974y7pakbtpr2,2026-09-01T20:31:43Z,,South Coast Music Group / Interscope Records / Atlantic Records,0.629,0.723,9,-5.289,1,0.133,0.000623,0,0.14,0.32,76.54,4
spotify:track:7MuhbSNErlmQAGRzhnnIjT,Odee,Hoodie SZN,A Boogie Wit da Hoodie,2018-12-21,160867,57,TRUE,tcgbb1ix1h1h974y7pakbtpr2,2026-09-01T20:31:43Z,melodic rap,Highbridge the Label / Atlantic Records,0.854,0.48,9,-7.388,0,0.293,0.208,0,0.127,0.293,86.049,4
spotify:track:3at6WxcwxONcdbvcW02OOY,Playboy,Playboy,Jx.Zero,2021-03-05,152373,0,TRUE,tcgbb1ix1h1h974y7pakbtpr2,2026-09-01T20:31:43Z,christian hip hop,772428 Records DK,0.831,0.565,1,-8.444,0,0.679,0.0136,0,0.144,0.588,158.007,4
spotify:track:5Ryu0SlsYjKh78RkJUONFr,Flex Up (feat. Future & Playboi Carti),Lil Boat 3.5,Lil Yachty;Future;Playboi Carti,2020-11-27,170858,73,TRUE,tcgbb1ix1h1h974y7pakbtpr2,2026-09-01T20:31:43Z,"rap,trap,rage rap",Quality Control Music/Motown Records,0.829,0.667,9,-5.366,1,0.166,0.000523,0.000521,0.048,0.545,160.082,4
spotify:track:7Fege3yv4dvehB3NdRBGwI,Banking On Me,Banking On Me,Gunna,2022-02-14,200000,73,TRUE,tcgbb1ix1h1h974y7pakbtpr2,2026-09-01T20:31:43Z,melodic rap,300 Entertainment,0.793,0.308,0,-10.414,0,0.0466,0.613,0.0000168,0.0953,0.46,135.143,4
spotify:track:75lcPkAkUsKWHGBlGM476R,1400 / 999 Freestyle,A Love Letter To You 3,Trippie Redd;Juice WRLD,2018-11-09,175954,3,TRUE,tcgbb1ix1h1h974y7pakbtpr2,2026-09-01T20:31:43Z,"melodic rap,emo rap","TenThousand Projects, LLC",0.823,0.572,6,-6.067,0,0.0865,0.0079,0,0.113,0.568,141.996,4
spotify:track:6VbS9vSt7s7v8sAbXNcA7h,Play Whit My Heart,Unreleased By Tjay,Shoomyx,2020-12-19,165395,0,TRUE,tcgbb1ix1h1h974y7pakbtpr2,2026-09-01T20:31:43Z,,Shoomyx,0.739,0.739,4,-3.699,0,0.255,0.253,0,0.217,0.632,154.029,4
spotify:track:6Ve4WRZqkGkQgcJ7UBGBKf,OH OKAY!,Flow $ZN,YSN Flow,2020-04-10,171626,33,TRUE,tcgbb1ix1h1h974y7pakbtpr2,2026-09-01T20:31:43Z,melodic rap,Republic Records,0.856,0.515,8,-6.289,1,0.602,0.293,0,0.0911,0.702,122.111,4
spotify:track:3XiNC94b4Tq1xwv70sQJGN,Sanguine Paradise,Sanguine Paradise,Lil Uzi Vert,2019-04-09,243976,76,TRUE,tcgbb1ix1h1h974y7pakbtpr2,2026-09-01T20:31:43Z,"melodic rap,rage rap",Generation Now/Atlantic,0.729,0.603,6,-6.736,0,0.0666,0.0948,0,0.113,0.207,134.972,4
spotify:track:3nDjCWmn3FHTI9q8y2twLS,agenda,agenda,Che,2021-12-09,99126,0,TRUE,tcgbb1ix1h1h974y7pakbtpr2,2026-09-01T20:31:43Z,"rage rap,underground hip hop",3327219 Records DK,0.547,0.453,3,-8.779,1,0.0358,0.189,0.0329,0.119,0.412,73.016,4
spotify:track:2PLGsORkOCdEI3jTSyO2Id,Loaded,Luv Is Rage 2 (Deluxe),Lil Uzi Vert,2017-08-25,219106,58,TRUE,tcgbb1ix1h1h974y7pakbtpr2,2026-09-01T20:31:43Z,"melodic rap,rage rap",Generation Now/Atlantic,0.822,0.437,10,-7.815,1,0.41,0.272,0,0.0688,0.314,142.619,4
spotify:track:6jeSBflg8OBRZJchEbKSlV,How to Talk,Luv Is Rage 2 (Deluxe),Lil Uzi Vert,2017-08-25,201544,50,TRUE,tcgbb1ix1h1h974y7pakbtpr2,2026-09-01T20:31:43Z,"melodic rap,rage rap",Generation Now/Atlantic,0.728,0.73,5,-5.402,1,0.213,0.741,0,0.705,0.736,136.052,4
spotify:track:2BjNjFJAQTxqUPGpOnrese,Come This Way,Eternal Atake (Deluxe) - LUV vs. The World 2,Lil Uzi Vert,2020-03-13,172757,58,TRUE,tcgbb1ix1h1h974y7pakbtpr2,2026-09-01T20:31:43Z,"melodic rap,rage rap",Generation Now/Atlantic,0.682,0.741,1,-4.489,1,0.249,0.127,0,0.239,0.619,164.043,4
spotify:track:5jUvv1aTcNTgTOsAGlJojn,Homecoming,Eternal Atake (Deluxe) - LUV vs. The World 2,Lil Uzi Vert,2020-03-13,213884,54,TRUE,tcgbb1ix1h1h974y7pakbtpr2,2026-09-01T20:31:43Z,"melodic rap,rage rap",Generation Now/Atlantic,0.929,0.563,9,-7.428,1,0.49,0.000592,0,0.244,0.353,129.957,4
spotify:track:0eC75aBFF20CCmFeqd21QP,Silly Watch,Eternal Atake (Deluxe) - LUV vs. The World 2,Lil Uzi Vert,2020-03-13,195692,54,TRUE,tcgbb1ix1h1h974y7pakbtpr2,2026-09-01T20:31:43Z,"melodic rap,rage rap",Generation Now/Atlantic,0.903,0.535,8,-6.238,1,0.286,0.0298,0,0.0851,0.157,130.117,4
spotify:track:1Xd0PWZV3LCEGzc7fkjTeu,P2,Eternal Atake (Deluxe) - LUV vs. The World 2,Lil Uzi Vert,2020-03-13,234626,49,TRUE,tcgbb1ix1h1h974y7pakbtpr2,2026-09-01T20:31:43Z,"melodic rap,rage rap",Generation Now/Atlantic,0.775,0.72,11,-5.353,0,0.193,0.0236,0,0.114,0.49,155.086,4
spotify:track:56uXDJRCuoS7abX3SkzHKQ,Myron,Eternal Atake (Deluxe) - LUV vs. The World 2,Lil Uzi Vert,2020-03-13,224954,74,TRUE,tcgbb1ix1h1h974y7pakbtpr2,2026-09-01T20:31:43Z,"melodic rap,rage rap",Generation Now/Atlantic,0.771,0.654,8,-6.976,0,0.298,0.055,0,0.214,0.573,155.047,4
spotify:track:4SnlSaLJJ7reJMCHM5YUuX,Lotus,Eternal Atake (Deluxe) - LUV vs. The World 2,Lil Uzi Vert,2020-03-13,193861,57,TRUE,tcgbb1ix1h1h974y7pakbtpr2,2026-09-01T20:31:43Z,"melodic rap,rage rap",Generation Now/Atlantic,0.802,0.748,8,-5.708,1,0.207,0.24,0,0.165,0.516,150.063,4
spotify:track:61N12G2IDag927XDCmMDr8,POP,Eternal Atake (Deluxe) - LUV vs. The World 2,Lil Uzi Vert,2020-03-13,227474,50,TRUE,tcgbb1ix1h1h974y7pakbtpr2,2026-09-01T20:31:43Z,"melodic rap,rage rap",Generation Now/Atlantic,0.741,0.599,1,-6.672,0,0.419,0.00961,0,0.785,0.276,139.891,4
spotify:track:1Gz96Ab9xAEcaUTwaFx0ON,Prices,Eternal Atake (Deluxe) - LUV vs. The World 2,Lil Uzi Vert;WanMor,2020-03-13,233333,49,TRUE,tcgbb1ix1h1h974y7pakbtpr2,2026-09-01T20:31:43Z,"melodic rap,rage rap",Generation Now/Atlantic,0.786,0.683,7,-5.397,1,0.205,0.173,0,0.706,0.57,126.002,4
spotify:track:0IpnZchq8ek2A6pGEP2Qb1,Bean (Kobe) [feat. Chief Keef],Eternal Atake (Deluxe) - LUV vs. The World 2,Lil Uzi Vert;Chief Keef,2020-03-13,238816,66,TRUE,tcgbb1ix1h1h974y7pakbtpr2,2026-09-01T20:31:43Z,"melodic rap,rage rap,chicago drill,drill",Generation Now/Atlantic,0.733,0.567,0,-6.718,1,0.319,0.0129,0,0.382,0.319,75.491,4
spotify:track:0QsHgUWosVmZS49Hrsv5xC,Early 20 Rager,Luv Is Rage 2 (Deluxe),Lil Uzi Vert,2017-08-25,274880,48,TRUE,tcgbb1ix1h1h974y7pakbtpr2,2026-09-01T20:31:43Z,"melodic rap,rage rap",Generation Now/Atlantic,0.651,0.68,8,-6.057,0,0.0647,0.0209,0,0.381,0.092,127.001,4
spotify:track:4MzhmCOgPB7xb87f1CXjlA,Thug Love,Artist 2.0,A Boogie Wit da Hoodie,2020-02-14,181744,52,TRUE,tcgbb1ix1h1h974y7pakbtpr2,2026-09-01T20:31:43Z,melodic rap,Highbridge the Label / Atlantic Records,0.54,0.643,5,-4.707,0,0.288,0.428,0,0.174,0.328,178.125,4
spotify:track:5aXgz1oKK8Q9z9xvTmSnrO,Topanga,A Love Letter To You 3,Trippie Redd,2018-11-09,215364,2,TRUE,tcgbb1ix1h1h974y7pakbtpr2,2026-09-01T20:31:43Z,melodic rap,"TenThousand Projects, LLC",0.753,0.616,4,-8.245,1,0.0495,0.00583,0.00000177,0.109,0.0388,105.952,4
spotify:track:6rTInqW3YECMkQsBEHw4sd,Solid (feat. Drake),Slime Language 2,Young Stoner Life;Young Thug;Gunna;Drake,2021-04-16,215693,74,TRUE,tcgbb1ix1h1h974y7pakbtpr2,2026-09-01T20:31:43Z,"rap,melodic rap,trap",300 Entertainment,0.887,0.485,11,-9.358,0,0.2,0.0392,0,0.141,0.328,125.987,4
spotify:track:2sHekv6OdEiO4htSjdB9j4,9 Bridge,9 Bridge,Rowdy Rebel;A Boogie Wit da Hoodie,2021-05-14,147962,46,TRUE,tcgbb1ix1h1h974y7pakbtpr2,2026-09-01T20:31:43Z,"brooklyn drill,new york drill,melodic rap",Epic,0.642,0.589,5,-7.392,0,0.302,0.124,0,0.0868,0.72,95.543,5
spotify:track:01cju5AWCmZRXSeE1rUynv,How (feat. Gunna),Versatalien,YTB Trench;Young Stoner Life;Gunna,2021-07-30,197130,44,TRUE,tcgbb1ix1h1h974y7pakbtpr2,2026-09-01T20:31:43Z,melodic rap,300 Entertainment,0.877,0.531,5,-10.773,0,0.36,0.305,0,0.13,0.53,126.926,4
spotify:track:7cUUMazsBo0UWky3LdUXZI,My City Remix (feat. YTB Trench),Slime Language 2,Young Stoner Life;Young Thug;YTB Trench,2021-04-16,231600,43,TRUE,tcgbb1ix1h1h974y7pakbtpr2,2026-09-01T20:31:43Z,"rap,melodic rap,trap",300 Entertainment,0.619,0.638,9,-9.021,1,0.418,0.131,0,0.106,0.451,173.822,4
spotify:track:42PCH4CFHURcT60IIVqPoh,Mob Ties (feat. Young Thug),Versatalien,YTB Trench;Young Stoner Life;Young Thug,2021-07-30,198285,29,TRUE,tcgbb1ix1h1h974y7pakbtpr2,2026-09-01T20:31:43Z,"rap,melodic rap,trap",300 Entertainment,0.606,0.516,2,-10.623,1,0.519,0.211,0,0.166,0.502,165.381,4
spotify:track:3o0nkjyy6eZL5lZcEpvJec,King Of My City,Artist 2.0,A Boogie Wit da Hoodie,2020-02-14,148676,49,TRUE,tcgbb1ix1h1h974y7pakbtpr2,2026-09-01T20:31:43Z,melodic rap,Highbridge the Label / Atlantic Records,0.48,0.679,4,-6.776,0,0.264,0.452,0,0.152,0.29,81.186,5
spotify:track:4loM16743hROPC6uIJG6wM,MET GALA,WUNNA,Gunna,2020-05-22,149133,72,TRUE,tcgbb1ix1h1h974y7pakbtpr2,2026-09-01T20:31:43Z,melodic rap,300 Entertainment,0.873,0.577,1,-9.151,1,0.271,0.353,0,0.111,0.956,117.089,4
spotify:track:1G0bLal79Qev5JGl7vaTYC,KTM Drips,KTM Drips,xaretti,2022-03-11,218614,0,TRUE,tcgbb1ix1h1h974y7pakbtpr2,2026-09-01T20:31:43Z,,1650908 Records DK,0.661,0.747,8,-4.414,1,0.163,0.00484,0,0.477,0.501,79.983,4
spotify:track:48xx5D4EeJPvHVeZWdBNJP,Sub Zero,1600 Till I Die,luvstvr,2022-01-10,219498,0,TRUE,tcgbb1ix1h1h974y7pakbtpr2,2026-09-01T20:31:43Z,,uvstvr,0.773,0.534,1,-8.723,1,0.277,0.401,0,0.115,0.425,140.033,4
spotify:track:4I586aIiIGiOb9lQZEFd1e,Tetris,Launch Party,Prison Mike,2020-12-13,188551,0,TRUE,tcgbb1ix1h1h974y7pakbtpr2,2026-09-01T20:31:43Z,,2632214 Records DK,0.877,0.678,10,-8.287,0,0.393,0.00106,0,0.155,0.514,146.951,4
spotify:track:2gDmj2BYsaaTQgxmdEw0R6,I'm So Gone,I'm So Gone,Nether.,2021-05-21,187860,0,TRUE,tcgbb1ix1h1h974y7pakbtpr2,2026-09-01T20:31:43Z,,Get Dough Records,0.693,0.276,11,-16.465,0,0.297,0.0613,0,0.109,0.291,143.982,4
spotify:track:2HEpSJKHIv1QYspG6epyRY,Free Uzi!,1600 Till I Die,luvstvr,2022-01-10,192470,0,TRUE,tcgbb1ix1h1h974y7pakbtpr2,2026-09-01T20:31:43Z,,uvstvr,0.704,0.615,1,-12.317,1,0.137,0.227,0,0.453,0.632,145.019,4
spotify:track:33zbOXJSwW7uf4VXXWow2O,the ends,Birds In The Trap Sing McKnight,Travis Scott,2016-09-16,201263,65,TRUE,tcgbb1ix1h1h974y7pakbtpr2,2026-09-01T20:31:43Z,rap,Cactus Jack / Epic,0.585,0.737,4,-4.121,0,0.191,0.0661,0,0.0904,0.0497,171.853,4
spotify:track:1WRzux3cJRM9xRNN99QKgR,M.... She Wrote,#SantanaWorld (+),Tay-K,2017-12-14,112000,69,TRUE,tcgbb1ix1h1h974y7pakbtpr2,2026-09-01T20:31:43Z,,88 Classic,0.777,0.707,9,-4.85,0,0.286,0.28,0,0.0749,0.614,159.662,4
spotify:track:2b6m1EXzEp4krnVK3RiQT2,Water (feat. Sheff G),Sleepy Hallow Presents: Sleepy For President,Sleepy Hallow;Sheff G,2020-06-05,145843,48,TRUE,tcgbb1ix1h1h974y7pakbtpr2,2026-09-01T20:31:43Z,"brooklyn drill,new york drill,drill",Winners Circle Entertainment Inc / EMPIRE,0.8,0.205,4,-14.792,0,0.637,0.569,0,0.105,0.58,155.007,4
spotify:track:3aNs2fA1W7zDvzaL0PLRLM,Rookie of the Year,Saturday the 14th,A1billionaire,2018-10-16,184617,33,TRUE,tcgbb1ix1h1h974y7pakbtpr2,2026-09-01T20:31:43Z,rage rap,Billionaire Records co.,0.769,0.597,5,-9.264,0,0.23,0.124,0,0.131,0.264,77.978,4
spotify:track:74MQ2Uxd7PlV69tklp7iGh,Murder,Murder,Ombre2Choc Nation,2020-02-12,95695,0,TRUE,tcgbb1ix1h1h974y7pakbtpr2,2026-09-01T20:31:43Z,,Ombre2Choc Nation Under Exclusive License to Create Music Group,0.642,0.805,9,-5.751,1,0.239,0.295,0,0.763,0.636,161.041,4
spotify:track:5WbzV6A6RZe1Y2cmQ9axYZ,One Way,One Way,g6,2022-04-24,103549,0,TRUE,tcgbb1ix1h1h974y7pakbtpr2,2026-09-01T20:31:43Z,,2265106 Records DK,0.628,0.929,7,-6.261,1,0.344,0.181,0,0.27,0.531,160.082,4
spotify:track:1qMMYpVatbRITKCfq1gasi,PUFFIN ON ZOOTIEZ,I NEVER LIKED YOU,Future,2022-04-29,172933,76,TRUE,tcgbb1ix1h1h974y7pakbtpr2,2026-09-01T20:31:43Z,"rap,trap",Epic/Freebandz,0.883,0.657,8,-5.748,1,0.305,0.0603,0,0.128,0.284,124.992,4
spotify:track:1a7WZZZH7LzyvorhpOJFTe,Wasted (feat. Lil Uzi Vert),Goodbye & Good Riddance,Juice WRLD;Lil Uzi Vert,2018-12-10,258475,78,TRUE,tcgbb1ix1h1h974y7pakbtpr2,2026-09-01T20:31:43Z,"melodic rap,emo rap,rage rap",Juice WRLD Mixtape / ISR P&D,0.742,0.579,0,-5.024,1,0.202,0.0381,0,0.0952,0.502,144.994,4
spotify:track:1XRzIGsdYaLi0jHeGlcHGP,Rich Nigga Shit (with Juice WRLD),Punk,Young Thug;Juice WRLD,2021-10-15,177596,55,TRUE,tcgbb1ix1h1h974y7pakbtpr2,2026-09-01T20:31:43Z,"rap,melodic rap,trap,emo rap",300 Entertainment/Atl,0.849,0.479,9,-7.208,1,0.239,0.027,0,0.374,0.395,147.215,4
spotify:track:2wSWcyp4Z8ObUaqlNMGd5h,Recognize Real (with Gunna),Punk,Young Thug;Gunna,2021-10-15,171834,51,TRUE,tcgbb1ix1h1h974y7pakbtpr2,2026-09-01T20:31:43Z,"rap,melodic rap,trap",300 Entertainment/Atl,0.508,0.257,5,-14.564,1,0.0659,0.887,0,0.0984,0.638,82.881,4
spotify:track:6MA8YaZYcxmcK2WIjdFAE8,Light,Light,Lost999;Dxstxny,2020-08-16,170866,0,TRUE,tcgbb1ix1h1h974y7pakbtpr2,2026-09-01T20:31:43Z,,Lost999,0.604,0.823,10,-4.704,0,0.0361,0.048,0,0.0881,0.249,85.001,4
spotify:track:3q8Uyfo98yoEqByamJOIkJ,Droppin Jewels,Punk,Young Thug,2021-10-15,218596,65,TRUE,tcgbb1ix1h1h974y7pakbtpr2,2026-09-01T20:31:43Z,"rap,melodic rap,trap",300 Entertainment/Atl,0.575,0.523,2,-10.002,0,0.506,0.489,0,0.0873,0.616,78.252,4
spotify:track:7nD5MiXspW533xaREDma2N,Buck 50,FAMILY (Deluxe),DJ Scheme;Juice WRLD,2021-01-22,216666,58,TRUE,tcgbb1ix1h1h974y7pakbtpr2,2026-09-01T20:31:43Z,"melodic rap,emo rap",Scheme Records / EMPIRE,0.656,0.537,1,-6.687,1,0.0706,0.0309,0,0.104,0.15,144.04,4
spotify:track:03aCG7a0ti0txLnHES85Pf,FLEX UP,FLEX UP,Lil Uzi Vert,2022-07-19,167555,45,TRUE,tcgbb1ix1h1h974y7pakbtpr2,2026-09-01T20:31:43Z,"melodic rap,rage rap",Generation Now/Atlantic,0.735,0.609,1,-3.946,1,0.167,0.0093,0,0.123,0.182,156.996,4
spotify:track:5yA56fi6FgOPPj7oKFssPA,HITTIN MY SHOULDER,HITTIN MY SHOULDER,Lil Uzi Vert,2022-07-19,146645,43,TRUE,tcgbb1ix1h1h974y7pakbtpr2,2026-09-01T20:31:43Z,"melodic rap,rage rap",Generation Now/Atlantic,0.808,0.715,1,-3.64,1,0.06,0.00481,0,0.119,0.203,146.016,4
spotify:track:7N17JE5sPConOSeEIC5AnS,I KNOW,I KNOW,Lil Uzi Vert,2022-07-19,192137,48,TRUE,tcgbb1ix1h1h974y7pakbtpr2,2026-09-01T20:31:43Z,"melodic rap,rage rap",Generation Now/Atlantic,0.821,0.726,1,-5.767,1,0.156,0.0337,0,0.0564,0.757,134.977,4
spotify:track:60PTOzcoFycWBICdumIsFQ,FOR FUN,RED & WHITE,Lil Uzi Vert,2022-07-23,188059,71,TRUE,tcgbb1ix1h1h974y7pakbtpr2,2026-09-01T20:31:43Z,"melodic rap,rage rap",Generation Now/Atlantic,0.775,0.461,7,-6.594,0,0.124,0.157,0,0.0687,0.131,134.028,4
spotify:track:2th6kLQPb9HzsgTI5VxHNp,F.F.,RED & WHITE,Lil Uzi Vert,2022-07-23,190142,54,TRUE,tcgbb1ix1h1h974y7pakbtpr2,2026-09-01T20:31:43Z,"melodic rap,rage rap",Generation Now/Atlantic,0.643,0.668,4,-5.915,0,0.04,0.0482,0,0.0995,0.0879,125.026,4
spotify:track:7GPszZp6AFklDOzkieXXum,Perkys Calling (Remix),Perkys Calling (Remix),Ombre2Choc Nation;Lil Durk,2020-02-21,220607,0,TRUE,tcgbb1ix1h1h974y7pakbtpr2,2026-09-01T20:31:43Z,"chicago drill,drill",Ombre2Choc Nation Under Exclusive License to Create Music Group,0.825,0.564,0,-6.195,1,0.395,0.0021,0,0.347,0.117,155.952,4
spotify:track:4l2rsMfr20dj6nf6i6F3Y8,Might Not Give Up (feat. Young Thug),Artist 2.0,A Boogie Wit da Hoodie;Young Thug,2020-02-14,225265,48,TRUE,tcgbb1ix1h1h974y7pakbtpr2,2026-09-01T20:31:43Z,"melodic rap,rap,trap",Highbridge the Label / Atlantic Records,0.687,0.592,2,-6.378,1,0.224,0.203,0,0.279,0.246,178.83,4
spotify:track:6cZH4rX1KTt1aJ3Ql6Ynja,Me and My Guitar,Artist 2.0,A Boogie Wit da Hoodie,2020-02-14,161764,71,TRUE,tcgbb1ix1h1h974y7pakbtpr2,2026-09-01T20:31:43Z,melodic rap,Highbridge the Label / Atlantic Records,0.644,0.587,7,-6.736,0,0.353,0.473,0,0.0759,0.68,173.972,4
spotify:track:5uQOauh47VFt3B2kV9kRXw,My Shit,Artist,A Boogie Wit da Hoodie,2016-09-16,128156,81,TRUE,tcgbb1ix1h1h974y7pakbtpr2,2026-09-01T20:31:43Z,melodic rap,Highbridge The Label,0.812,0.621,5,-8.3,1,0.0515,0.244,0,0.099,0.847,77.998,4
spotify:track:1Gno5IBUHh6vUKp4nxu2Yd,Love Drugs and Sex,Hoodie SZN,A Boogie Wit da Hoodie,2018-12-21,157862,67,TRUE,tcgbb1ix1h1h974y7pakbtpr2,2026-09-01T20:31:43Z,melodic rap,Highbridge the Label / Atlantic Records,0.762,0.553,5,-7.207,0,0.112,0.55,0,0.115,0.773,119.973,4
spotify:track:3L19besdNQzd342qL78xqm,Demons and Angels (feat. Juice WRLD),Hoodie SZN,A Boogie Wit da Hoodie;Juice WRLD,2018-12-21,214592,69,TRUE,tcgbb1ix1h1h974y7pakbtpr2,2026-09-01T20:31:43Z,"melodic rap,emo rap",Highbridge the Label / Atlantic Records,0.81,0.55,2,-7.46,0,0.17,0.0114,0.00000569,0.107,0.183,76.503,4
spotify:track:3Ol2xnObFdKV9pmRD2t9x8,Look Back at It,Hoodie SZN,A Boogie Wit da Hoodie,2018-12-21,179449,80,TRUE,tcgbb1ix1h1h974y7pakbtpr2,2026-09-01T20:31:43Z,melodic rap,Highbridge the Label / Atlantic Records,0.791,0.587,3,-5.075,0,0.0413,0.407,0,0.148,0.536,96.057,4
spotify:track:0uH6JssU7mWkTT9mqeqEvL,Just Like Me (feat. Young Thug),Hoodie SZN,A Boogie Wit da Hoodie;Young Thug,2018-12-21,220888,66,TRUE,tcgbb1ix1h1h974y7pakbtpr2,2026-09-01T20:31:43Z,"melodic rap,rap,trap",Highbridge the Label / Atlantic Records,0.774,0.623,5,-7.871,1,0.245,0.156,0,0.0955,0.393,128.661,5
spotify:track:3mUk1wiSBpiuK4oSSyDmTQ,Uptown / Bustdown (feat. PnB Rock and Lil Durk),Hoodie SZN,A Boogie Wit da Hoodie;Lil Durk;PnB Rock,2018-12-21,177762,50,TRUE,tcgbb1ix1h1h974y7pakbtpr2,2026-09-01T20:31:43Z,"melodic rap,chicago drill,drill",Highbridge the Label / Atlantic Records,0.503,0.751,6,-5.785,0,0.35,0.215,0,0.0551,0.324,90.04,4
spotify:track:3AMnOVxEHUgVrythGgqPhI,Say A',The Bigger Artist,A Boogie Wit da Hoodie,2017-09-29,214853,60,TRUE,tcgbb1ix1h1h974y7pakbtpr2,2026-09-01T20:31:43Z,melodic rap,Highbridge The Label,0.831,0.814,5,-5.18,1,0.474,0.391,0,0.109,0.846,161.041,4
spotify:track:1AH60dMaEfNjzDoUIFwIQi,Beast Mode (feat. PnB Rock & YoungBoy Never Broke Again),The Bigger Artist,A Boogie Wit da Hoodie;PnB Rock;YoungBoy Never Broke Again,2017-09-29,258158,60,TRUE,tcgbb1ix1h1h974y7pakbtpr2,2026-09-01T20:31:43Z,melodic rap,Highbridge The Label,0.611,0.478,0,-5.839,1,0.107,0.035,0,0.107,0.138,172.076,4
spotify:track:6dKHEOxmG7I6SraR7QFT6e,D.T.B. (Interlude),Artist,A Boogie Wit da Hoodie,2016-09-16,287555,79,TRUE,tcgbb1ix1h1h974y7pakbtpr2,2026-09-01T20:31:43Z,melodic rap,Highbridge The Label,0.588,0.851,10,-6.311,0,0.515,0.707,0,0.0968,0.452,84.472,4
spotify:track:0GqaZ1L5KAXMNngAZbGvLf,Paid the Fine (feat. Lil Baby & YTB Trench),Slime Language 2,Young Stoner Life;Young Thug;Gunna;YTB Trench;Lil Baby,2021-04-16,201546,56,TRUE,tcgbb1ix1h1h974y7pakbtpr2,2026-09-01T20:31:43Z,"rap,melodic rap,trap",300 Entertainment,0.484,0.596,1,-8.523,1,0.424,0.0299,0,0.119,0.21,81.86,4
spotify:track:2mzlyJ8Gb8cFMJvfENKnJQ,Treesha,Treesha,Lil Tecca,2022-08-26,105693,49,TRUE,tcgbb1ix1h1h974y7pakbtpr2,2026-09-01T20:31:43Z,"melodic rap,rap",Galactic / Republic Records,0.545,0.545,2,-8.631,1,0.301,0.0768,0,0.121,0.122,163.847,4
spotify:track:5hzuO0DOsv3sJD2oCxk7Uy,GRAMMY (Freestyle),We Love You Tecca 2 (Deluxe),Lil Tecca,2021-09-01,131691,54,TRUE,tcgbb1ix1h1h974y7pakbtpr2,2026-09-01T20:31:43Z,"melodic rap,rap",Galactic / Republic Records,0.539,0.564,10,-7.534,0,0.232,0.0531,0,0.0911,0.329,179.897,4
spotify:track:59J5nzL1KniFHnU120dQzt,wokeuplikethis*,Playboi Carti,Playboi Carti;Lil Uzi Vert,2017-04-14,235535,75,TRUE,tcgbb1ix1h1h974y7pakbtpr2,2026-09-01T20:31:43Z,"rage rap,melodic rap",AWGE Label,0.785,0.62,8,-6.667,1,0.254,0.0138,0,0.15,0.478,78.477,4
spotify:track:0IJA9KP6rT55jrP1YpTdhx,Out Of Love (feat. Internet Money),Virgo World,Lil Tecca;Internet Money,2020-09-18,153626,71,TRUE,tcgbb1ix1h1h974y7pakbtpr2,2026-09-01T20:31:43Z,"melodic rap,rap",Republic Records,0.732,0.636,7,-6.162,0,0.0497,0.0847,0,0.241,0.358,138.061,4
spotify:track:5yIp01wexpiVGq8CVMDGut,Run,Run,vixorite,2022-09-07,187013,0,FALSE,tcgbb1ix1h1h974y7pakbtpr2,2026-09-01T20:31:43Z,,4265559 Records DK,0.683,0.546,0,-5.244,0,0.0623,0.161,0,0.264,0.304,113.153,4
spotify:track:6wJYhPfqk3KGhHRG76WzOh,Blueberry Faygo,Blueberry Faygo,Lil Mosey,2020-02-07,162546,75,TRUE,tcgbb1ix1h1h974y7pakbtpr2,2026-09-01T20:31:43Z,melodic rap,Mogul Vision/Interscope Records,0.774,0.554,0,-7.909,1,0.0383,0.207,0,0.132,0.349,99.034,4
spotify:track:20dP2DaMHIAmwWAbp7peSr,pick up the phone (feat. Quavo),Birds In The Trap Sing McKnight,Young Thug;Travis Scott;Quavo,2016-09-16,252256,70,TRUE,tcgbb1ix1h1h974y7pakbtpr2,2026-09-01T20:31:43Z,"rap,melodic rap,trap",Cactus Jack / Epic,0.711,0.739,7,-3.804,0,0.129,0.114,0,0.226,0.43,136.919,4
spotify:track:23pGZ6n6Xd3yV7qK4xw7dx,B.R.O. (Better Ride Out) [feat. Roddy Ricch],B.R.O. (Better Ride Out) [feat. Roddy Ricch],A Boogie Wit da Hoodie;Roddy Ricch,2022-10-07,178041,46,TRUE,tcgbb1ix1h1h974y7pakbtpr2,2026-09-01T20:31:43Z,melodic rap,Highbridge the Label / Atlantic Records,0.474,0.735,2,-7.427,0,0.313,0.115,0,0.0696,0.284,93.702,4
spotify:track:2RJAKIw6nIkgZVsAIKhmqz,In My Head,In My Head,Juice WRLD,2022-10-28,192000,66,TRUE,tcgbb1ix1h1h974y7pakbtpr2,2026-09-01T20:31:43Z,"melodic rap,emo rap",Grade A Productions/Interscope Records,0.632,0.557,5,-5.643,0,0.0422,0.238,0,0.155,0.282,159.992,4
spotify:track:1dH43IEzvkRIFu6HdXWCha,Faster,Faster,Lil Tecca,2022-08-05,129638,54,TRUE,tcgbb1ix1h1h974y7pakbtpr2,2026-09-01T20:31:43Z,"melodic rap,rap",Galactic / Republic Records,0.641,0.511,0,-10.264,0,0.429,0.242,0,0.115,0.462,153.902,4
spotify:track:5twXMRN2AEXoyZ90qLW58O,Right Back,Artist 2.0 (Deluxe),A Boogie Wit da Hoodie,2020-06-19,162279,35,TRUE,tcgbb1ix1h1h974y7pakbtpr2,2026-09-01T20:31:43Z,melodic rap,Highbridge the Label / Atlantic Records,0.633,0.697,0,-4.659,0,0.467,0.128,0,0.156,0.531,83.291,4
spotify:track:5XzombolzpiaOSTdj1W0VS,Bleed,Artist 2.0 (Deluxe),A Boogie Wit da Hoodie,2020-06-19,176958,55,TRUE,tcgbb1ix1h1h974y7pakbtpr2,2026-09-01T20:31:43Z,melodic rap,Highbridge the Label / Atlantic Records,0.698,0.572,2,-7.735,1,0.198,0.135,0,0.154,0.391,71.446,4
spotify:track:1fp9yLsqhiqVszkfIC0sfO,Cinderella Story,Artist 2.0 (Deluxe),A Boogie Wit da Hoodie,2020-06-19,185454,36,TRUE,tcgbb1ix1h1h974y7pakbtpr2,2026-09-01T20:31:43Z,melodic rap,Highbridge the Label / Atlantic Records,0.639,0.571,4,-7.332,1,0.511,0.272,0,0.144,0.569,88.043,4
spotify:track:7Ap7Fpqnh2BUQBQxbLEC9I,Trance (with Travis Scott & Young Thug),HEROES & VILLAINS,Metro Boomin;Travis Scott;Young Thug,2022-12-02,194786,1,TRUE,tcgbb1ix1h1h974y7pakbtpr2,2026-09-01T20:31:43Z,"rap,melodic rap,trap",Republic Records,0.782,0.534,1,-7.526,0,0.262,0.158,0,0.146,0.476,119.5,4
spotify:track:0ME6qQMqw42Rg4EJzJMXBD,Food for Thought,Me vs. Myself,A Boogie Wit da Hoodie,2022-12-09,174218,0,TRUE,tcgbb1ix1h1h974y7pakbtpr2,2026-09-01T20:31:43Z,melodic rap,Highbridge The Label,0.437,0.694,5,-6.942,0,0.177,0.0989,0,0.23,0.107,90.562,4
spotify:track:6ZGJxCrdcILAro3kM3wvRA,Money Conversations,Me vs. Myself,A Boogie Wit da Hoodie,2022-12-09,191861,0,TRUE,tcgbb1ix1h1h974y7pakbtpr2,2026-09-01T20:31:43Z,melodic rap,Highbridge The Label,0.718,0.741,4,-5.335,0,0.29,0.0473,0,0.0563,0.365,174.107,4
spotify:track:6QeUzTuBoasiii8nevDciq,Trapped In The Sun,High Off Life,Future,2020-05-15,201979,56,TRUE,tcgbb1ix1h1h974y7pakbtpr2,2026-09-01T20:31:43Z,"rap,trap",Epic/Freebandz,0.701,0.546,6,-5.918,0,0.133,0.435,0,0.188,0.118,151.9,4
spotify:track:3BzlZAqfnZDjv1F5CLlpHx,News or Something,Purple Reign,Future,2016-01-17,213586,72,TRUE,tcgbb1ix1h1h974y7pakbtpr2,2026-09-01T20:31:43Z,"rap,trap",Epic/Freebandz,0.723,0.545,8,-6.874,0,0.0528,0.117,0,0.116,0.288,109.893,4
spotify:track:62hpoPrA3rtfeX1aWONig5,Split/Whole Time,Lil Boat 3,Lil Yachty,2020-05-29,239314,62,TRUE,tcgbb1ix1h1h974y7pakbtpr2,2026-09-01T20:31:43Z,,Quality Control Music/Motown Records,0.667,0.489,9,-8.772,0,0.422,0.197,0,0.159,0.392,145.048,4
spotify:track:33NAQaVm6TRv1phc0fPsfb,Multiple Flows (with Lil Uzi Vert),Funeral (Deluxe),Lil Wayne;Lil Uzi Vert,2020-05-29,234054,57,TRUE,tcgbb1ix1h1h974y7pakbtpr2,2026-09-01T20:31:43Z,"rap,hip hop,melodic rap,rage rap","Young Money Records, Inc.",0.877,0.554,1,-5.905,1,0.302,0.0694,0,0.0521,0.585,126.073,4
spotify:track:0fCwrjKfWxF3xQhZrYUw4T,Blood On My Jeans,Legends Never Die,Juice WRLD,2020-07-10,154767,72,TRUE,tcgbb1ix1h1h974y7pakbtpr2,2026-09-01T20:31:43Z,"melodic rap,emo rap",Grade A Productions/Interscope Records,0.868,0.55,6,-6.417,1,0.226,0.183,0,0.109,0.464,117.943,4
spotify:track:0hPLZrnDgtKxrym1BHjDhd,can't leave without it,i am > i was,21 Savage,2018-12-21,205351,72,TRUE,tcgbb1ix1h1h974y7pakbtpr2,2026-09-01T20:31:43Z,,"Slaughter Gang, LLC/Epic Records",0.872,0.591,6,-6.952,0,0.359,0.111,0,0.144,0.696,131.982,4
spotify:track:1BpKJw4RZxaFB88NE5uxXf,ILoveUIHateU,Whole Lotta Red,Playboi Carti,2020-12-25,135122,78,TRUE,tcgbb1ix1h1h974y7pakbtpr2,2026-09-01T20:31:43Z,rage rap,AWGE/Interscope Records,0.684,0.693,4,-6.651,0,0.0339,0.00534,0,0.506,0.108,134.988,4
spotify:track:7Cl9MvBDVRSB3aGYFeFrcR,Stumblin,Stumblin,blemos,2022-01-01,231432,0,TRUE,tcgbb1ix1h1h974y7pakbtpr2,2026-09-01T20:31:43Z,,blemos,0.794,0.333,3,-11.003,0,0.237,0.435,0,0.118,0.575,151.077,4
spotify:track:3IPGG5Niex4hGlXFOYWzp9,Don't Play That,What It Means To Be King,King Von;21 Savage,2022-03-04,133613,60,TRUE,tcgbb1ix1h1h974y7pakbtpr2,2026-09-01T20:31:43Z,"chicago drill,drill","Forever and a Day, LLC / EMPIRE",0.947,0.605,10,-8.621,0,0.346,0.0748,0.00000754,0.0901,0.656,129.988,4
spotify:track:5nayhWICkQGMTkisxVMbRw,FlatBed Freestyle,Die Lit,Playboi Carti,2018-05-11,193973,69,TRUE,tcgbb1ix1h1h974y7pakbtpr2,2026-09-01T20:31:43Z,rage rap,AWGE Label,0.755,0.552,9,-5.604,1,0.288,0.0967,0,0.158,0.402,153.157,4
spotify:track:4Nfg4EjgheCOWjHTl498Op,Fake from the Jump,Fake from the Jump,Youngan Flippa,2022-11-08,158093,0,TRUE,tcgbb1ix1h1h974y7pakbtpr2,2026-09-01T20:31:43Z,,Real Slime Records,0.674,0.541,4,-7.945,0,0.324,0.416,0,0.179,0.496,159.955,4
spotify:track:0joQFwiBKmi6X1Iq5R1ubH,Codeine Crazy,Monster,Future,2014-10-28,346906,75,TRUE,tcgbb1ix1h1h974y7pakbtpr2,2026-09-01T20:31:43Z,"rap,trap",Epic/Freebandz,0.745,0.617,6,-7.22,0,0.144,0.168,0,0.389,0.185,125.98,4
spotify:track:55Q46o5adtSobImSKrrlqW,Top,Luv Is Rage,Lil Uzi Vert,2015-12-18,236000,71,TRUE,tcgbb1ix1h1h974y7pakbtpr2,2026-09-01T20:31:43Z,"melodic rap,rage rap",Generation Now/Atlantic,0.776,0.762,0,-4.356,1,0.216,0.193,0,0.18,0.678,120.039,4
spotify:track:6Q1NPLtp9IzcXmCutp3Qmo,Baby Are You Home,Lil Uzi Vert vs. The World,Lil Uzi Vert,2016-05-27,230295,57,TRUE,tcgbb1ix1h1h974y7pakbtpr2,2026-09-01T20:31:43Z,"melodic rap,rage rap",Generation Now/Atlantic,0.653,0.546,5,-8.818,0,0.282,0.101,0,0.134,0.462,149.975,4
spotify:track:2oGY1X7Xd5kyL6B9s19D9A,56 Nights,56 Nights,Future,2015-03-21,227440,65,TRUE,tcgbb1ix1h1h974y7pakbtpr2,2026-09-01T20:31:43Z,"rap,trap",Epic/Freebandz,0.847,0.522,1,-6.461,1,0.153,0.107,0.000233,0.144,0.276,122.935,4
spotify:track:61Oo3DUJubecZQosjho6Pp,Valuable Pain,Realer,YoungBoy Never Broke Again,2018-12-20,169459,71,TRUE,tcgbb1ix1h1h974y7pakbtpr2,2026-09-01T20:31:43Z,,"Never Broke Again, LLC",0.525,0.811,5,-5.702,0,0.345,0.23,0,0.213,0.513,169.685,4
spotify:track:0jBTxdEGB0YvKvZhf3AEIU,You Better Move,Eternal Atake (Deluxe) - LUV vs. The World 2,Lil Uzi Vert,2020-03-13,196638,47,TRUE,tcgbb1ix1h1h974y7pakbtpr2,2026-09-01T20:31:43Z,"melodic rap,rage rap",Generation Now/Atlantic,0.842,0.556,8,-6.793,1,0.442,0.159,0,0.204,0.306,118.836,4
spotify:track:0MV3JVkjtt9JFgbcKDgKIf,Buy It $$$$$,The Perfect LUV Tape 2,luvstvr,2021-07-20,160130,0,TRUE,tcgbb1ix1h1h974y7pakbtpr2,2026-09-01T20:31:43Z,,luvstvr,0.697,0.364,9,-10.265,1,0.364,0.324,0,0.415,0.474,144.957,4
spotify:track:1iKb3Z8NtkTf9auS0lzKbh,Outta Sight Outta Mind,Drip Season,Gunna,2016-10-15,234110,59,TRUE,tcgbb1ix1h1h974y7pakbtpr2,2026-09-01T20:31:43Z,melodic rap,300 Entertainment,0.93,0.264,4,-15.286,0,0.479,0.163,0,0.0924,0.462,121.027,4
spotify:track:7iTTWHbr4tAlsRJN4m4bay,Strike (Holster),Strike (Holster),Lil Yachty,2023-04-07,148115,63,TRUE,tcgbb1ix1h1h974y7pakbtpr2,2026-09-01T20:31:43Z,,Quality Control Music/Motown Records,0.854,0.639,8,-5.261,1,0.208,0.0695,0,0.0698,0.7,143,4
spotify:track:0LHWHUcUYhFAUkCt2q4Gad,Blood On My Denim,Artist 2.0,A Boogie Wit da Hoodie,2020-02-14,196618,59,TRUE,tcgbb1ix1h1h974y7pakbtpr2,2026-09-01T20:31:43Z,melodic rap,Highbridge the Label / Atlantic Records,0.842,0.52,7,-6.51,1,0.122,0.386,0,0.115,0.482,109.008,4
spotify:track:0by9UaVYUrKUz2TVAmK0Pg,"Calling (Spider-Man: Across the Spider-Verse) (Metro Boomin & Swae Lee, NAV, feat. A Boogie Wit da Hoodie)",METRO BOOMIN PRESENTS SPIDER-MAN: ACROSS THE SPIDER-VERSE (SOUNDTRACK FROM AND INSPIRED BY THE MOTION PICTURE / DELUXE EDITION),Metro Boomin;Swae Lee;NAV;A Boogie Wit da Hoodie,2023-06-05,219453,0,FALSE,tcgbb1ix1h1h974y7pakbtpr2,2026-09-01T20:31:43Z,melodic rap,Republic Records,0.636,0.537,0,-7.902,1,0.0817,0.481,0,0.113,0.199,140.133,4
spotify:track:2qlBAT108lYOzlXhBxBqEv,"Home (Metro Boomin & Don Toliver, Lil Uzi Vert)",METRO BOOMIN PRESENTS SPIDER-MAN: ACROSS THE SPIDER-VERSE (SOUNDTRACK FROM AND INSPIRED BY THE MOTION PICTURE),Metro Boomin;Don Toliver;Lil Uzi Vert,2023-06-02,195320,68,FALSE,tcgbb1ix1h1h974y7pakbtpr2,2026-09-01T20:31:43Z,"melodic rap,rage rap",Republic Records,0.595,0.65,0,-6.859,0,0.0432,0.183,0.00107,0.175,0.245,144.002,4
spotify:track:1Faq8G2y56A8fRv7HsLq25,Wanted You (feat. Lil Uzi Vert),RECKLESS,NAV;Lil Uzi Vert,2018-05-18,228386,65,TRUE,tcgbb1ix1h1h974y7pakbtpr2,2026-09-01T20:31:43Z,"melodic rap,rage rap",Republic Records,0.797,0.732,9,-4.443,0,0.0483,0.234,0,0.224,0.628,146.924,4
spotify:track:733c1CWmIGymoQXdp7Us88,"Numbers (feat. Roddy Ricch, Gunna and London On Da Track)",Artist 2.0,A Boogie Wit da Hoodie;London On Da Track;Roddy Ricch;Gunna,2020-02-14,188563,61,TRUE,tcgbb1ix1h1h974y7pakbtpr2,2026-09-01T20:31:43Z,melodic rap,Highbridge the Label / Atlantic Records,0.819,0.654,11,-6.665,0,0.136,0.517,0,0.0996,0.455,133.503,4
spotify:track:48rsYvIQXUAtxcmIoStOaM,ca$h $hit,a Gift & a Curse,Gunna,2023-06-16,131493,64,TRUE,tcgbb1ix1h1h974y7pakbtpr2,2026-09-01T20:31:43Z,melodic rap,300 Entertainment,0.795,0.55,7,-5.704,0,0.0882,0.123,0,0.0873,0.152,119.975,4
spotify:track:6WKh2qSTswuv8QG60Wu29F,bottom,a Gift & a Curse,Gunna,2023-06-16,177346,62,TRUE,tcgbb1ix1h1h974y7pakbtpr2,2026-09-01T20:31:43Z,melodic rap,300 Entertainment,0.926,0.57,10,-5.226,0,0.047,0.0551,0.00134,0.109,0.232,130.011,4
spotify:track:0INehbMZOFPnaPBAjK97i3,I'll Be Fine,Goodbye & Good Riddance,Juice WRLD,2018-12-10,244193,73,TRUE,tcgbb1ix1h1h974y7pakbtpr2,2026-09-01T20:31:43Z,"melodic rap,emo rap",Juice WRLD Mixtape / ISR P&D,0.523,0.678,8,-6.071,1,0.0692,0.000616,0,0.142,0.277,159.909,4
spotify:track:3RQvXGerVBfhONIlE44xKo,U.G.K,WAKE UP LUCKI,LUCKI;F1LTHY,2021-12-03,136386,64,TRUE,tcgbb1ix1h1h974y7pakbtpr2,2026-09-01T20:31:43Z,cloud rap,Lucki / EMPIRE,0.601,0.647,9,-6.892,1,0.0508,0.00104,0.00000161,0.357,0.25,154.971,4
spotify:track:7CIvyuVoWcY0LgUYa1aR5J,SOLO STEPPIN CRETE BOY,Slide,Lil Yachty,2023-08-04,149333,67,TRUE,tcgbb1ix1h1h974y7pakbtpr2,2026-09-01T20:31:43Z,,Quality Control Music/Motown Records,0.758,0.66,8,-6.799,0,0.0756,0.038,0,0.175,0.551,90.02,4
spotify:track:4367dXCt02KMgELPisJ2D4,HVN ON EARTH (with Kodak Black),HVN ON EARTH,Lil Tecca;Kodak Black,2023-08-18,188870,59,TRUE,tcgbb1ix1h1h974y7pakbtpr2,2026-09-01T20:31:43Z,"melodic rap,rap",Galactic / Republic Records,0.727,0.637,8,-5.185,1,0.0779,0.0684,0.000294,0.131,0.215,131.997,3
spotify:track:1xWkeSPhf3bZqHY7Ncz8vp,500lbs,500lbs,Lil Tecca,2023-07-21,144390,67,TRUE,tcgbb1ix1h1h974y7pakbtpr2,2026-09-01T20:31:43Z,"melodic rap,rap",Galactic / Republic Records,0.724,0.779,7,-5.412,0,0.0807,0.098,0,0.127,0.53,123.013,4
spotify:track:5bNrUcuk5gjy6Ko2dbfWhZ,Today,A Love Letter To You 2,Trippie Redd;UnoTheActivist,2017-10-06,217211,0,TRUE,tcgbb1ix1h1h974y7pakbtpr2,2026-09-01T20:31:43Z,"melodic rap,rage rap,cloud rap",Strainge Entertainment,0.639,0.609,9,-7.775,1,0.0378,0.0629,0.0000109,0.311,0.186,141.926,4
spotify:track:4Wlz0HsHZlJy0NDK2h6jq6,Ron Artest,Ron Artest,Babyface Ray;42 Dugg,2023-02-08,153392,66,TRUE,tcgbb1ix1h1h974y7pakbtpr2,2026-09-01T20:31:43Z,,Wavy Gang / EMPIRE,0.836,0.54,1,-8.629,1,0.327,0.158,0,0.302,0.277,121.979,4
spotify:track:06ihctSDGmw0mHuJfFpQOQ,What The Business Is,What The Business Is,Babyface Ray,2021-07-09,122600,52,TRUE,tcgbb1ix1h1h974y7pakbtpr2,2026-09-01T20:31:43Z,,Wavy Gang / EMPIRE,0.849,0.418,11,-7.503,0,0.358,0.726,0.00000244,0.232,0.12,98.972,4
spotify:track:1yCVsVH2hQ72SxNI8QTDaB,The Percocet & Stripper Joint,DS2 (Deluxe),Future,2015-07-17,148453,78,TRUE,tcgbb1ix1h1h974y7pakbtpr2,2026-09-01T20:31:43Z,"rap,trap",Epic/Freebandz/A1,0.625,0.667,1,-5.875,1,0.131,0.754,0.954,0.135,0.0805,80.046,4
spotify:track:7J2WoX23EpdUXw3iFdXsj1,Gallery Dept (feat. Veeze),Unfuckwitable (Deluxe Edition),Babyface Ray;Veeze,2021-05-14,135116,54,TRUE,tcgbb1ix1h1h974y7pakbtpr2,2026-09-01T20:31:43Z,,Wavy Gang / EMPIRE,0.754,0.522,8,-4.893,1,0.184,0.0975,0,0.198,0.0985,85.451,4
spotify:track:288pVCIQNp4QkhqaUh93ix,Fake Luv,For You,Babyface Ray,2020-04-17,131683,59,TRUE,tcgbb1ix1h1h974y7pakbtpr2,2026-09-01T20:31:43Z,,Wavy Gang,0.869,0.557,1,-4.281,1,0.133,0.0222,0.00644,0.223,0.16,105.013,4
spotify:track:3QFsrWUa6maL7T9K6LoCmd,Her Birthday,B4 BOA,A Boogie Wit da Hoodie,2023-09-08,154800,41,TRUE,tcgbb1ix1h1h974y7pakbtpr2,2026-09-01T20:31:43Z,melodic rap,Atlantic/Highbridge The Label,0.418,0.724,11,-5.988,0,0.283,0.0511,0,0.141,0.278,179.522,4
spotify:track:6PqRhA7KUAhWaD0iQeQ6cR,Booby Trap,B4 BOA,A Boogie Wit da Hoodie,2023-09-08,136973,45,TRUE,tcgbb1ix1h1h974y7pakbtpr2,2026-09-01T20:31:43Z,melodic rap,Atlantic/Highbridge The Label,0.751,0.649,7,-5.957,1,0.0687,0.0311,0,0.137,0.331,156.096,4
spotify:track:2hkcNrUwTVwKqjfUO1Kx3d,Did Me Wrong,B4 BOA,A Boogie Wit da Hoodie,2023-09-08,177893,51,TRUE,tcgbb1ix1h1h974y7pakbtpr2,2026-09-01T20:31:43Z,melodic rap,Atlantic/Highbridge The Label,0.579,0.671,1,-4.545,1,0.236,0.13,0,0.198,0.526,91.692,4
spotify:track:6eSU1exzDvBEXmBRxspeh5,Shots,We Love You Tecca,Lil Tecca,2019-08-30,109373,64,TRUE,tcgbb1ix1h1h974y7pakbtpr2,2026-09-01T20:31:43Z,"melodic rap,rap",Republic Records,0.829,0.582,7,-5.721,0,0.0415,0.525,0,0.0759,0.51,108.028,4
spotify:track:7Aq3pnhSzI8FnHt7T6TPsX,turned your back,a Gift & a Curse,Gunna,2023-06-16,243133,69,TRUE,tcgbb1ix1h1h974y7pakbtpr2,2026-09-01T20:31:43Z,melodic rap,300 Entertainment,0.519,0.649,6,-5.502,1,0.112,0.486,0,0.104,0.541,106.379,5
spotify:track:3FjK86616FbluOfTxNK2gY,ANXIETY (feat. Doechii),Boy Meets World,Sleepy Hallow;Doechii,2023-09-15,148928,73,TRUE,tcgbb1ix1h1h974y7pakbtpr2,2026-09-01T20:31:43Z,"brooklyn drill,new york drill",Winners Circle/RCA Records,0.931,0.401,0,-8.756,1,0.158,0.399,0.00000205,0.266,0.613,128.871,4
spotify:track:538clZVStl56OfpM9JkhwX,Don't U Change,BPL,D. Savage,2021-11-12,252986,54,TRUE,tcgbb1ix1h1h974y7pakbtpr2,2026-09-01T20:31:43Z,cloud rap,D Savage Enterprises LLC / EMPIRE,0.72,0.568,11,-9.645,0,0.138,0.724,0,0.361,0.451,119.987,4
spotify:track:3hDp5jRxvtD31giFGUaE1x,Kelly K,Playboi Carti,Playboi Carti,2017-04-14,271154,61,TRUE,tcgbb1ix1h1h974y7pakbtpr2,2026-09-01T20:31:43Z,rage rap,AWGE Label,0.715,0.522,1,-4.69,1,0.151,0.235,0,0.389,0.233,158.026,4
spotify:track:5ZDIwpR2JMwuRM8xumtmxn,Down With Me,Down With Me,Lil Tecca,2024-01-04,120034,58,TRUE,tcgbb1ix1h1h974y7pakbtpr2,2026-09-01T20:31:43Z,"melodic rap,rap",Galactic / Republic Records,0.712,0.588,9,-5.332,0,0.0543,0.112,0,0.21,0.471,114.929,4
spotify:track:4LbdT1OeAZiBafv5g6ZqVs,SNOW WHITE,STANDING ON BIZ,biz,2023-12-25,111293,0,TRUE,tcgbb1ix1h1h974y7pakbtpr2,2026-09-01T20:31:43Z,,3278576 Records DK,0.66,0.339,1,-9.72,1,0.108,0.00151,0,0.131,0.162,175.899,4
spotify:track:2CD5Up8kl1aWTvSo1Fqw0L,SRT,SRT,IDY bran;Skyte;POODEE,2023-12-25,151806,0,TRUE,tcgbb1ix1h1h974y7pakbtpr2,2026-09-01T20:31:43Z,jersey club,IDY bran,0.829,0.783,4,-6.638,0,0.202,0.0327,0,0.241,0.482,154.904,4
spotify:track:4OYy7dfHbLKi4lvpzpzeRv,Green Carpet,Green Carpet,Babyface Ray,2024-03-01,133041,31,TRUE,tcgbb1ix1h1h974y7pakbtpr2,2026-09-01T20:31:43Z,,Wavy Gang / EMPIRE,0.556,0.684,11,-6.302,1,0.196,0.0702,0,0.17,0.283,151.954,4
spotify:track:1JgkiUg9mSXSwcb5Gbi4Ur,Lean 4 Real (feat. Skepta),Die Lit,Playboi Carti;Skepta,2018-05-11,177026,67,TRUE,tcgbb1ix1h1h974y7pakbtpr2,2026-09-01T20:31:43Z,"rage rap,grime,uk grime",AWGE Label,0.754,0.775,7,-5.077,1,0.066,0.0302,0,0.362,0.159,76.01,4
spotify:track:2ZlABhxMMa43COmZ97kKsJ,Jumbotron Shit Poppin,Her Loss,Drake,2022-11-04,137151,68,TRUE,tcgbb1ix1h1h974y7pakbtpr2,2026-09-01T20:31:43Z,rap,OVO / Republic Records,0.794,0.569,6,-6.424,0,0.275,0.227,0,0.235,0.311,99.031,4
spotify:track:17IBDpAl3J39swaoPlfGpp,Another Late Night (feat. Lil Yachty),For All The Dogs,Drake;Lil Yachty,2023-10-06,170414,64,TRUE,tcgbb1ix1h1h974y7pakbtpr2,2026-09-01T20:31:43Z,rap,OVO/Republic,0.702,0.71,5,-5.003,0,0.0459,0.0144,0,0.144,0.282,158.129,4
spotify:track:0g3WQjlhCk9gcIVow4DigI,NUMBER 2,Number 2 / Never Last,Lil Tecca,2024-05-03,137904,1,TRUE,tcgbb1ix1h1h974y7pakbtpr2,2026-09-01T20:31:43Z,"melodic rap,rap",Galactic / Republic Records,0.641,0.636,1,-4.75,1,0.034,0.05,0,0.113,0.138,125.053,4
spotify:track:6EUcP55GlbmsmCzfL2vxtZ,on one tonight,One of Wun,Gunna,2024-05-10,90760,83,TRUE,tcgbb1ix1h1h974y7pakbtpr2,2026-09-01T20:31:43Z,melodic rap,300 Entertainment,0.887,0.727,4,-4.318,0,0.135,0.381,0.00000116,0.213,0.932,130.035,4
spotify:track:1jKXjxMWlq4BhH6f9GtZbu,TORE UP,HARDSTONE PSYCHO,Don Toliver,2024-06-14,126986,80,TRUE,tcgbb1ix1h1h974y7pakbtpr2,2026-09-01T20:31:43Z,,Cactus Jack / Atlantic,0.534,0.819,11,-4.329,1,0.038,0.0012,0.0011,0.112,0.0806,154.994,4
spotify:track:6P8rBeOxn0ervew8cr0jcD,Randomly,Days B4 III,LUCKI,2019-10-25,128538,75,TRUE,tcgbb1ix1h1h974y7pakbtpr2,2026-09-01T20:31:43Z,cloud rap,Lucki / EMPIRE,0.808,0.535,2,-10.002,1,0.0522,0.00562,0.000944,0.147,0.0966,129.995,4
spotify:track:0zXnqruuTKhV7dTmbaO52L,Sunset,Sunset,LUCKI,2017-08-05,125021,75,TRUE,tcgbb1ix1h1h974y7pakbtpr2,2026-09-01T20:31:43Z,cloud rap,Lucki,0.815,0.209,8,-16.526,1,0.516,0.715,0.000854,0.133,0.165,132.689,4
spotify:track:1Pp4ViPEN3SkM4gBW7ZTfF,TASTE,TASTE,Lil Tecca,2024-08-09,170447,1,TRUE,tcgbb1ix1h1h974y7pakbtpr2,2026-09-01T20:31:43Z,"melodic rap,rap",Galactic / Republic Records,0.567,0.69,11,-6.12,0,0.0884,0.0517,0,0.683,0.217,124.22,4
spotify:track:5UJ3N25ukIruG4Do8RDHra,UP LIKE AN INSOMNIAC - Freestyle,A GHETTO CHRISTMAS CAROL,XXXTENTACION,2017-12-19,151249,54,TRUE,tcgbb1ix1h1h974y7pakbtpr2,2026-09-01T20:31:43Z,emo rap,"Bad Vibes Forever, LLC",0.979,0.401,7,-7.401,1,0.407,0.0829,0.011,0.0657,0.411,120.002,4
spotify:track:0CRuLnFERIe8KRkM9iWbWH,MAMA,PLAN A,Lil Tecca,2024-09-20,153093,51,TRUE,tcgbb1ix1h1h974y7pakbtpr2,2026-09-01T20:31:43Z,"melodic rap,rap",Galactic Records/Lil Tecca,0.601,0.5,5,-8.585,0,0.0894,0.0323,0,0.215,0.139,137.85,4
spotify:track:60SgHjJSxTh7FuJm6E5fTS,4U,PLAN A,Lil Tecca,2024-09-20,142987,53,TRUE,tcgbb1ix1h1h974y7pakbtpr2,2026-09-01T20:31:43Z,"melodic rap,rap",Galactic Records/Lil Tecca,0.421,0.693,0,-6.618,1,0.188,0.167,0,0.164,0.382,83.236,1
spotify:track:5Pvpk8WHAvmmxMr7SkcZsN,120,PLAN A,Lil Tecca,2024-09-20,130979,60,TRUE,tcgbb1ix1h1h974y7pakbtpr2,2026-09-01T20:31:43Z,"melodic rap,rap",Galactic Records/Lil Tecca,0.718,0.737,11,-5.988,0,0.111,0.00724,0,0.276,0.148,132.02,4
spotify:track:1gUUuh7FQ3mr7nEq0SRvGX,Conceited,Eternal Atake 2,Lil Uzi Vert,2024-11-01,189486,56,TRUE,tcgbb1ix1h1h974y7pakbtpr2,2026-09-01T20:31:43Z,"melodic rap,rage rap",Generation Now/Atlantic,0.629,0.55,0,-6.772,1,0.0543,0.152,0,0.095,0.154,124.13,4
spotify:track:03KfD8nEK78qYGRt17jg7x,Never Again (feat. Lil Tecca),Don't Sleep While It's Lit - Part 2,Sheff G;Lil Tecca,2024-11-15,189460,36,TRUE,tcgbb1ix1h1h974y7pakbtpr2,2026-09-01T20:31:43Z,"brooklyn drill,new york drill,drill,melodic rap,rap",Winners Circle/RCA Records,0.528,0.601,4,-6.846,1,0.432,0.25,0,0.149,0.457,68.226,4
spotify:track:7EW7Yivb93qKAtp5qEm5of,Dark Thoughts,Dark Thoughts,Lil Tecca,2025-03-14,136991,77,TRUE,tcgbb1ix1h1h974y7pakbtpr2,2026-09-01T20:31:43Z,"melodic rap,rap",Galactic / Republic Records,0.801,0.773,1,-3.756,0,0.155,0.055,0,0.189,0.709,101.935,4
spotify:track:6K2anECyrckidwf5wxS78Q,NBAYOUNGBOAT,Lil Boat 2,Lil Yachty;YoungBoy Never Broke Again,2018-03-09,139845,67,TRUE,tcgbb1ix1h1h974y7pakbtpr2,2026-09-01T20:31:43Z,,"Quality Control Music, LLC",0.769,0.807,11,-2.966,1,0.306,0.0515,0,0.111,0.364,82.422,4
spotify:track:65kp3OFn7JXbCvkm3m2Ui2,Two®,Luv Is Rage 2,Lil Uzi Vert,2017-08-25,185276,66,TRUE,tcgbb1ix1h1h974y7pakbtpr2,2026-09-01T20:31:43Z,"melodic rap,rage rap",Generation Now/Atlantic,0.266,0.642,7,-5.133,1,0.0694,0.424,0,0.0943,0.0371,75.022,4
spotify:track:3OtRFiTaP8XRtRhUFG1iV0,Main Event,Main Event,Lelo,2025-01-14,157500,64,TRUE,tcgbb1ix1h1h974y7pakbtpr2,2026-09-01T20:31:43Z,,10K Projects,0.68,0.336,5,-15.605,0,0.336,0.0902,0,0.108,0.767,160.103,4
spotify:track:2MBiTUSHI1O3WBR3VEupgV,Receipts (with BabySantana),epiphany,KA$HDAMI;tana,2021-06-02,131813,47,TRUE,tcgbb1ix1h1h974y7pakbtpr2,2026-09-01T20:31:43Z,,Republic Records,0.646,0.444,2,-12.492,1,0.307,0.634,0.0000252,0.11,0.618,130.031,4
spotify:track:0oVLv8TAInhyvC1zGOSZ6m,Pass Out,fear is an acronym,Fixupboy,2024-04-04,96240,65,TRUE,tcgbb1ix1h1h974y7pakbtpr2,2026-09-01T20:31:43Z,,10K Projects,0.915,0.331,11,-7.304,1,0.342,0.000524,0,0.241,0.444,89.748,4
spotify:track:4mHgYpuGHu99Mw69E83CP2,Taking A Walk,LIFE'S A TRIP,Trippie Redd,2018-08-10,121680,3,TRUE,tcgbb1ix1h1h974y7pakbtpr2,2026-09-01T20:31:43Z,melodic rap,"TenThousand Projects, LLC",0.767,0.538,0,-6.044,0,0.052,0.68,0,0.192,0.343,81.029,4
spotify:track:05TpY5Fov3Hgfp8V1KILZ8,Tycoon,High Off Life,Future,2020-05-15,201907,49,TRUE,tcgbb1ix1h1h974y7pakbtpr2,2026-09-01T20:31:43Z,"rap,trap",Epic/Freebandz,0.854,0.599,1,-7.406,0,0.355,0.022,0,0.173,0.849,157.031,4
spotify:track:1Te0tlHsR9TKyP1DF7inQD,Down Hearted,Still Sleep? (Deluxe),Sleepy Hallow,2021-10-08,116523,56,TRUE,tcgbb1ix1h1h974y7pakbtpr2,2026-09-01T20:31:43Z,"brooklyn drill,new york drill",Winners Circle/RCA Records,0.777,0.406,10,-9.669,0,0.255,0.676,0,0.123,0.715,95.128,4
spotify:track:09XlwHegQN1mEPcUq6Ef3D,Perc Talkin,The Black House,Sleepy Hallow,2020-07-31,160212,55,TRUE,tcgbb1ix1h1h974y7pakbtpr2,2026-09-01T20:31:43Z,"brooklyn drill,new york drill",Winners Circle Entertainment Inc / EMPIRE,0.51,0.544,6,-7.944,0,0.403,0.737,0.0000152,0.129,0.678,180.059,4
spotify:track:01Ch5LzVStxCFPKkT1xg6k,sweet sweet,Birds In The Trap Sing McKnight,Travis Scott,2016-09-16,222317,67,TRUE,tcgbb1ix1h1h974y7pakbtpr2,2026-09-01T20:31:43Z,rap,Cactus Jack / Epic,0.733,0.578,0,-5.245,0,0.0417,0.0859,0.00000119,0.403,0.447,142.028,4
spotify:track:5wyrQLBbmKdxY6yLNdienj,I Can Drive,The Perfect LUV Tape,Lil Uzi Vert,2016-08-10,153808,56,TRUE,tcgbb1ix1h1h974y7pakbtpr2,2026-09-01T20:31:43Z,"melodic rap,rage rap",Generation Now/Atlantic,0.759,0.489,1,-9.141,1,0.321,0.0811,0,0.149,0.346,138.98,4
spotify:track:5kDgJffgJ0lYHTSiaXFWNw,BABY I'M BACK,THE FIRST TIME (DELUXE VERSION),The Kid LAROI,2024-08-09,171243,32,TRUE,tcgbb1ix1h1h974y7pakbtpr2,2026-09-01T20:31:43Z,,Columbia,0.417,0.743,11,-5.094,0,0.0481,0.0154,0,0.191,0.128,161.877,3
spotify:track:5i2LgktLdW8b4EM8InkKRy,FreakyT,I Can't Wait,TiaCorine,2022-09-09,134322,65,TRUE,tcgbb1ix1h1h974y7pakbtpr2,2026-09-01T20:31:43Z,,"South Coast Music Group, LLC",0.81,0.542,0,-7.482,0,0.0631,0.237,0.00049,0.121,0.14,142.885,4
spotify:track:0BOmhToQ03yOdpzYKMEnAg,Baby Birkin,Drip or Drown 2,Gunna,2019-02-22,181948,64,TRUE,tcgbb1ix1h1h974y7pakbtpr2,2026-09-01T20:31:43Z,melodic rap,300 Entertainment,0.848,0.649,2,-6.083,1,0.315,0.232,0,0.101,0.629,118.04,4
spotify:track:0VYhxVxH9ijmdHUKsON9Bk,SideLine Watching (Hold Up),The Perfect LUV Tape,Lil Uzi Vert,2016-08-10,191033,63,TRUE,tcgbb1ix1h1h974y7pakbtpr2,2026-09-01T20:31:43Z,"melodic rap,rage rap",Generation Now/Atlantic,0.747,0.553,1,-7.294,1,0.117,0.281,0,0.117,0.262,141.888,4
spotify:track:4k95J448xydiVtD4PXMvpY,Poof,The Life Of Pi'erre 4,Pi’erre Bourne,2019-06-21,183107,57,TRUE,tcgbb1ix1h1h974y7pakbtpr2,2026-09-01T20:31:43Z,melodic rap,Interscope Records,0.804,0.506,0,-8.413,0,0.261,0.0506,0.00000126,0.134,0.611,81.451,4
spotify:track:19dqUrSocSYy5zJul2UYOc,Not So Virgo of You,Not So Virgo of You,LUCKI,2025-10-09,247894,0,TRUE,tcgbb1ix1h1h974y7pakbtpr2,2026-09-01T20:31:43Z,cloud rap,LUCKI,0.558,0.503,11,-6.261,0,0.263,0.0171,0.0000393,0.337,0.215,129.002,4
spotify:track:7ozhZpfqn7OnatnCWQ2iMQ,Steep One,Stash Muzik,Darkky Cave,2023-04-13,114938,1,TRUE,tcgbb1ix1h1h974y7pakbtpr2,2026-09-01T20:31:43Z,cloud rap,Darkky Cave,0.789,0.823,7,-6.554,1,0.211,0.000992,0,0.286,0.663,104.018,4
spotify:track:1ZYtRFw3ZSbhx38KPKz9xT,how u seen me??,#sameone2,ksuuvi,2024-08-23,168228,58,TRUE,tcgbb1ix1h1h974y7pakbtpr2,2026-09-01T20:31:43Z,"cloud rap,underground hip hop",3469859 Records DK,0.462,0.598,1,-6.741,1,0.0626,0.000563,0,0.257,0.0806,128.177,5
spotify:track:5XFmxkOvTMkv46UV2eMLbx,Need Me,Keep it goin xav,xaviersobased,2024-01-21,99588,65,TRUE,tcgbb1ix1h1h974y7pakbtpr2,2026-09-01T20:31:43Z,"cloud rap,underground hip hop",1-Chance,0.537,0.68,6,-8.886,0,0.0753,0.0024,0.0000142,0.563,0.334,87.671,4
spotify:track:16au3RbAtGir6ZsFefwHrE,On My Waist,Warhol 16',Warhol.SS;Famous Dex,2017-12-23,144967,41,TRUE,tcgbb1ix1h1h974y7pakbtpr2,2026-09-01T20:31:43Z,chicago drill,Warhol.ss,0.598,0.632,9,-8.305,1,0.261,0.638,0,0.337,0.292,82.057,4
spotify:track:0BWhRDZajVPoO3qaLbeCDJ,love hate,with 2 (hosted by d9lton),xaviersobased,2024-06-06,116080,1,TRUE,tcgbb1ix1h1h974y7pakbtpr2,2026-09-01T20:31:43Z,"cloud rap,underground hip hop",Equity Distribution,0.645,0.496,1,-11.879,1,0.215,0.0213,0.0959,0.114,0.482,181.961,4
spotify:track:3neTaOHJpOG5YXA4XsGcPd,Gardena's Finest,Gardena's Finest,D. Savage,2019-03-08,149745,52,TRUE,tcgbb1ix1h1h974y7pakbtpr2,2026-09-01T20:31:43Z,cloud rap,D Savage Enterprises LLC / EMPIRE,0.742,0.249,4,-7.799,0,0.0745,0.221,0.00000273,0.242,0.0615,82.482,4
spotify:track:0SKwC5SPg2ACthYvLPlsD6,Relevant,Relevant,Lil Uzi Vert,2025-11-24,122553,10,TRUE,tcgbb1ix1h1h974y7pakbtpr2,2026-09-01T20:31:43Z,"melodic rap,rage rap",Roc Nation Distribution,0.434,0.804,1,-2.955,0,0.0585,0.0252,0,0.339,0.144,141.093,4
spotify:track:6UjwKoH47d2FveB38u8Si9,lost souls (with Brent Faiyaz),The Melodic Blue (Deluxe),Baby Keem;Brent Faiyaz,2022-10-28,269727,69,TRUE,tcgbb1ix1h1h974y7pakbtpr2,2026-09-01T20:31:43Z,r&b,pgLang/Columbia,0.649,0.347,1,-7.67,0,0.404,0.485,0.0000324,0.154,0.176,169.994,4
spotify:track:7cjoZVmWe2xsGR4wcXiV2v,What You Saying,What You Saying,Lil Uzi Vert,2025-12-22,131729,39,FALSE,tcgbb1ix1h1h974y7pakbtpr2,2026-09-01T20:31:43Z,"melodic rap,rage rap",Roc Nation Distribution,0.634,0.731,11,-7.801,0,0.205,0.00777,0,0.168,0.354,133.146,4
spotify:track:45ENouhT5J97VgCcxQsxYu,Freewave 4,Freewave,LUCKI,2015-10-15,68597,56,TRUE,tcgbb1ix1h1h974y7pakbtpr2,2026-09-01T20:31:43Z,cloud rap,Lucki / EMPIRE,0.579,0.423,2,-11.905,1,0.0402,0.000386,0.0202,0.084,0.133,141.063,4
spotify:track:4YAH2RzSQ78Oz8lqL9CS13,Thot Thot,Forever 23,JayDaYoungan,2018-12-07,121575,65,TRUE,tcgbb1ix1h1h974y7pakbtpr2,2026-09-01T20:31:43Z,melodic rap,Rapids,0.823,0.521,0,-9.029,0,0.501,0.0752,0,0.0976,0.661,148.083,4
spotify:track:7de1qGSxUfnKLNqncRksuk,Gotta Blast (feat. Diego Money & Bandman Fari),#SantanaWorld (+),Tay-K;Diego Money;Bandmanfari,2017-12-14,131000,62,TRUE,tcgbb1ix1h1h974y7pakbtpr2,2026-09-01T20:31:43Z,cloud rap,88 Classic,0.662,0.565,1,-7.852,1,0.406,0.0565,0.0000372,0.264,0.335,163.084,4
spotify:track:6xZYGIixR3zhhOHwu7UEMY,mewtwo,A Great Chaos (Deluxe),Ken Carson,2024-07-05,128000,67,TRUE,tcgbb1ix1h1h974y7pakbtpr2,2026-09-01T20:31:43Z,rage rap,Opium/Interscope Records,0.646,0.745,8,-3.341,1,0.128,0.0206,0,0.154,0.316,149.971,4
spotify:track:3pgeMOXC7iMHeL9ZF2fg7n,HEARTBEAT,HEARTBEAT,Eem Triplin,2022-07-05,123365,42,FALSE,tcgbb1ix1h1h974y7pakbtpr2,2026-09-01T20:31:43Z,,Not specified,0.49,0.47,2,-10.67,1,0.103,0.281,0,0.426,0.262,88.951,4
spotify:track:6MIqh9SpPMsCEHW7JQwJK5,Kate Moss,Kate Moss,BEEFO,2023-09-05,121982,0,TRUE,tcgbb1ix1h1h974y7pakbtpr2,2026-09-01T20:31:43Z,,Independent,0.823,0.402,2,-11.376,1,0.276,0.0167,0,0.365,0.645,130.078,4
spotify:track:7dGzHvGAlJYK0U3I5RGxBH,Beef,Beef,Ethereal;Playboi Carti,2015-09-16,213360,64,TRUE,tcgbb1ix1h1h974y7pakbtpr2,2026-09-01T20:31:43Z,"cloud rap,rage rap",Too Lost,0.781,0.752,11,-5.511,0,0.281,0.188,0,0.265,0.774,117.091,4
spotify:track:7qdFz1dTJqgdVe6NA4F4DP,Beef FloMix,"Ho, why is you here ?",Flo Milli,2020-07-24,147692,67,TRUE,tcgbb1ix1h1h974y7pakbtpr2,2026-09-01T20:31:43Z,,94 Sounds/RCA Records,0.879,0.733,11,-3.953,0,0.142,0.216,0,0.274,0.913,117.039,4
spotify:track:06iPWbs7FDigzZ0hSW7lo1,Not So Virgo of You,Not So Virgo of You,LUCKI,2026-02-13,247894,51,TRUE,tcgbb1ix1h1h974y7pakbtpr2,2026-09-01T20:31:43Z,cloud rap,Lucki / EMPIRE,0.558,0.503,11,-6.261,0,0.263,0.0171,0.0000393,0.337,0.215,129.002,4
spotify:track:23aigxgRn6cVPxkJF3S5oe,4U,The Life Of Pi'erre 5,Pi’erre Bourne,2021-06-11,218000,51,TRUE,tcgbb1ix1h1h974y7pakbtpr2,2026-09-01T20:31:43Z,melodic rap,Interscope Records,0.412,0.482,1,-10.717,0,0.106,0.232,0.0061,0.124,0.136,108.793,4
spotify:track:127zRLKoGQXgp2lXsjzlbu,Groceries,The Life Of Pi'erre 5,Pi’erre Bourne,2021-06-11,191999,45,TRUE,tcgbb1ix1h1h974y7pakbtpr2,2026-09-01T20:31:43Z,melodic rap,Interscope Records,0.789,0.551,1,-7.435,1,0.0439,0.0892,0.0000835,0.0989,0.383,140.086,4
spotify:track:07jRDsccmmp4BuX3eCjqye,Living Lavish,Living Lavish,tana,2024-07-29,144039,52,TRUE,tcgbb1ix1h1h974y7pakbtpr2,2026-09-01T20:31:43Z,,tana,0.729,0.376,7,-10.362,0,0.0649,0.526,0.00403,0.134,0.668,139.994,4
spotify:track:0F0tY5qf0qxgSbiv5Xmbtn,SPARKS VISION,WAKE UP LUCKI,LUCKI;F1LTHY,2021-12-03,129493,62,TRUE,tcgbb1ix1h1h974y7pakbtpr2,2026-09-01T20:31:43Z,cloud rap,Lucki / EMPIRE,0.748,0.623,8,-7.587,1,0.0611,0.000154,0,0.0998,0.514,141.019,4
spotify:track:23QyE9GQpXsX9WgEDADMa6,Let It Go,Playboi Carti,Playboi Carti,2017-04-14,150409,69,TRUE,tcgbb1ix1h1h974y7pakbtpr2,2026-09-01T20:31:43Z,rage rap,AWGE Label,0.684,0.53,8,-5.298,0,0.286,0.00353,0,0.573,0.55,157.017,4
spotify:track:565G1vHZu2xoxrnTyF06Qw,HIGHS AND LOWS,BULLY,Kanye West;Ye,2026-03-28,111157,69,FALSE,tcgbb1ix1h1h974y7pakbtpr2,2026-09-01T20:31:43Z,rap,YZY/gamma.,0.209,0.585,8,-5.878,0,0.0324,0.421,0.000754,0.128,0.127,85.298,1
spotify:track:6fZq6Tk43gjp3T6eEyYWdO,Aggression From Saturn,LOL : SLUTTY BASS,Tory Lanez,2026-04-03,232941,54,TRUE,tcgbb1ix1h1h974y7pakbtpr2,2026-09-01T20:31:43Z,,"One Umbrella Records, distributed by PRSL",0.505,0.738,2,-5.569,0,0.251,0.00129,0.00000187,0.234,0.269,136.047,4
spotify:track:7oLeJZ5kAYeBueQdimqHVc,Planet Bass / NBLYB,LOL : SLUTTY BASS,Tory Lanez,2026-04-03,200888,50,TRUE,tcgbb1ix1h1h974y7pakbtpr2,2026-09-01T20:31:43Z,,"One Umbrella Records, distributed by PRSL",0.621,0.974,10,-3.798,0,0.0413,0.00128,0,0.812,0.547,134.953,4
spotify:episode:3bX59hUSv3Lh3vBxmmmcNP,hatinahh,Un dropped ,,,95062,0,TRUE,tcgbb1ix1h1h974y7pakbtpr2,2026-09-01T20:31:43Z,,undefined,,,,,,,,,,,,
spotify:track:4bnq2OQUwACkp2vCEbY52g,Forever Ever (feat. Young Thug & Reese LAFLARE),LIFE'S A TRIP,Trippie Redd;Reese LAFLARE;Young Thug,2018-08-10,237983,80,TRUE,tcgbb1ix1h1h974y7pakbtpr2,2026-09-01T20:31:43Z,"melodic rap,rap,trap","TenThousand Projects, LLC",0.69,0.424,0,-9.668,0,0.0393,0.396,0,0.14,0.39,90.047,4
spotify:track:79jYWz3yQJ1G8O9iPRC6VO,Bloods Always Thicker - Radio Edit,Nothing more Nothing LESS,Summrs,2021-09-27,135000,55,TRUE,tcgbb1ix1h1h974y7pakbtpr2,2026-09-01T20:31:43Z,underground hip hop,10K Projects,0.805,0.484,10,-7.03,1,0.373,0.13,0,0.141,0.314,140.061,4
spotify:track:5kxhllnJgRtGwrzFGvzqdu,It's Lifted,It's Lifted,Robb Bank$,2022-03-14,142023,45,TRUE,tcgbb1ix1h1h974y7pakbtpr2,2026-09-01T20:31:43Z,"cloud rap,underground hip hop",430 ENT DEATHLESS,0.832,0.352,10,-13.497,0,0.24,0.116,0.00000985,0.103,0.464,122.03,4
spotify:track:5kXeXtMN1uqNXYoqJllQJU,Back 2 Da Basics,Nothing more Nothing LESS,Summrs,2021-09-27,140004,61,TRUE,tcgbb1ix1h1h974y7pakbtpr2,2026-09-01T20:31:43Z,underground hip hop,10K Projects,0.63,0.558,10,-11.431,1,0.177,0.801,0.00000651,0.111,0.354,143.943,4
spotify:track:3QgZiTJu74eE0W121HhZLv,Aquafina,Aquafina,purzs,2023-02-06,121194,0,TRUE,tcgbb1ix1h1h974y7pakbtpr2,2026-09-01T20:31:43Z,,purzs,0.773,0.576,1,-8.985,1,0.234,0.313,0,0.109,0.835,148.121,4
spotify:track:6yX1RL4D8fezesKQhbSxv9,NEPTUNE V.S INDUSTRY,WAKE UP LUCKI,LUCKI;F1LTHY,2021-12-03,106386,50,TRUE,tcgbb1ix1h1h974y7pakbtpr2,2026-09-01T20:31:43Z,cloud rap,Lucki / EMPIRE,0.876,0.488,1,-7.145,1,0.0715,0.0000153,0.0000703,0.194,0.222,131.008,4
spotify:track:5fjuTShcemv8CBKHk9CGRi,Moncleezy!,Ils Verront,Autumn!,2020-08-26,144000,30,TRUE,tcgbb1ix1h1h974y7pakbtpr2,2026-09-01T20:31:43Z,underground hip hop,1933080 Records DK,0.795,0.537,4,-7.015,1,0.392,0.196,0,0.104,0.469,160.148,4
spotify:track:6iaSML1PIYq936g62BDtBq,Robbery,Death Race For Love (Bonus Track Version),Juice WRLD,2019-03-08,240050,81,TRUE,tcgbb1ix1h1h974y7pakbtpr2,2026-09-01T20:31:43Z,"melodic rap,emo rap",Grade A Productions/Interscope Records,0.623,0.692,2,-5.122,1,0.0504,0.328,0,0.153,0.566,79.899,4
spotify:track:411AGut9V5DrTKE4cwOsbZ,Kwik Trip,Kwik Trip,Lightris;sero,2026-01-02,205500,72,FALSE,tcgbb1ix1h1h974y7pakbtpr2,2026-09-01T20:31:43Z,,Lightris and Sero,0.854,0.684,4,-6.367,1,0.0929,0.372,0.00000106,0.0972,0.325,112.107,4
spotify:track:6MOst484piqXpzPPRRe8i5,vice city,vice city,XXXTENTACION,2022-01-28,220708,71,TRUE,tcgbb1ix1h1h974y7pakbtpr2,2026-09-01T20:31:54Z,emo rap,Columbia,0.853,0.467,9,-6.843,0,0.195,0.00596,0.00171,0.203,0.329,87.023,4
spotify:track:7J2gyNghNTzl4EsLhXp01Q,infinity (888) - feat. Joey Bada$$,?,XXXTENTACION;Joey Bada$$,2018-03-16,176590,71,TRUE,tcgbb1ix1h1h974y7pakbtpr2,2026-09-01T20:31:54Z,"emo rap,hip hop,jazz rap,rap","Bad Vibes Forever, LLC",0.562,0.579,10,-6.788,0,0.484,0.274,0,0.102,0.577,84.143,4
spotify:track:7BeoNED8yeNC7pCuA30fGs,Like Me,B4.DA.$$,Joey Bada$$;BJ The Chicago Kid,2015-01-20,266382,48,TRUE,tcgbb1ix1h1h974y7pakbtpr2,2026-09-01T20:31:54Z,"hip hop,jazz rap,rap",Cinematic Music Group,0.731,0.71,0,-4.997,0,0.29,0.534,0,0.112,0.757,90.892,4
spotify:track:23bOfmnZiN42pB1frXNyak,Paper Trail$,B4.DA.$$,Joey Bada$$,2015-01-20,194738,66,TRUE,tcgbb1ix1h1h974y7pakbtpr2,2026-09-01T20:31:54Z,"hip hop,jazz rap,rap",Cinematic Music Group,0.548,0.829,1,-4.103,0,0.285,0.339,0,0.537,0.452,93.62,4
spotify:track:4jQqM4NI79HEcWHUJb8Hvf,I Wonder,Graduation,Kanye West,2007-09-11,243440,3,TRUE,tcgbb1ix1h1h974y7pakbtpr2,2026-09-01T20:31:54Z,rap,Roc-A-Fella,0.542,0.466,0,-8.665,1,0.0831,0.141,0.000445,0.125,0.124,191.385,4
spotify:track:4Pwjz3DfvfQWV0rO2V8jyh,"Bitch, Don’t Kill My Vibe","good kid, m.A.A.d city",Kendrick Lamar,2012,310720,74,TRUE,tcgbb1ix1h1h974y7pakbtpr2,2026-09-01T20:31:54Z,"hip hop,west coast hip hop",Aftermath,0.587,0.698,1,-8.948,1,0.0943,0.0152,0,0.442,0.0985,133.954,4
spotify:track:7022xokeCJFSeZxw2npVkn,It Takes Time,A Love Letter To You,Trippie Redd,2017-05-14,282666,1,TRUE,tcgbb1ix1h1h974y7pakbtpr2,2026-09-01T20:31:54Z,melodic rap,Strainge Entertainment,0.849,0.304,10,-16.441,1,0.18,0.371,0,0.112,0.419,90.01,4
spotify:track:41a70FyJAwtb8yui5Ljnpi,Is She Gon Pop,Born Sinner (Deluxe Version),J. Cole,2013-06-18,165400,58,TRUE,tcgbb1ix1h1h974y7pakbtpr2,2026-09-01T20:31:54Z,rap,Roc Nation LLC,0.54,0.747,0,-8.597,1,0.399,0.0826,0.0000148,0.231,0.209,177.354,4
spotify:track:6lKCaafKm88sVfYz2u7S4B,Rich Niggaz,Born Sinner (Deluxe Version),J. Cole,2013-06-18,276093,65,TRUE,tcgbb1ix1h1h974y7pakbtpr2,2026-09-01T20:31:54Z,rap,Roc Nation LLC,0.586,0.717,8,-8.546,0,0.196,0.472,0.00239,0.104,0.306,125.014,4
spotify:track:2z3joGXrdGL2iEjIKQTiN1,Ville Mentality,4 Your Eyez Only,J. Cole,2016-12-09,194346,63,TRUE,tcgbb1ix1h1h974y7pakbtpr2,2026-09-01T20:31:54Z,rap,J. Cole P&D,0.87,0.386,7,-7.843,0,0.0684,0.745,0.00013,0.122,0.642,119.91,3
spotify:track:3rFF7kSm5qBOOPs6ljFgPp,The Cut Off (feat. kiLL edward),KOD,J. Cole;kiLL edward,2018-04-20,237295,56,TRUE,tcgbb1ix1h1h974y7pakbtpr2,2026-09-01T20:31:54Z,rap,J. Cole P&D,0.734,0.543,1,-7.979,1,0.4,0.186,0,0.372,0.336,78.168,4
spotify:track:5HyIbup39qXuSKqllUSOHv,hate will never win,A GHETTO CHRISTMAS CAROL,XXXTENTACION,2017-12-20,104071,0,TRUE,tcgbb1ix1h1h974y7pakbtpr2,2026-09-01T20:31:54Z,emo rap,"Bad Vibes Forever, LLC",0.727,0.229,10,-13.864,0,0.368,0.78,0.00256,0.109,0.585,87.997,4
spotify:track:6gI9b2VsoWhjhIuIeToDVs,Die Hard,Mr. Morale & The Big Steppers,Kendrick Lamar;Blxst;Amanda Reifer,2022-05-13,239026,2,TRUE,tcgbb1ix1h1h974y7pakbtpr2,2026-09-01T20:31:54Z,"hip hop,west coast hip hop",pgLang/Top Dawg Entertainment/Aftermath/Interscope Records,0.775,0.736,1,-8.072,0,0.247,0.319,0.00116,0.127,0.362,100.988,4
spotify:track:6iSgJHz6m1XOszvVuBVnqs,Low Key (Bonus),Still Sleep?,Sleepy Hallow,2021-06-02,158400,64,TRUE,tcgbb1ix1h1h974y7pakbtpr2,2026-09-01T20:31:54Z,"brooklyn drill,new york drill",Winners Circle/RCA Records,0.884,0.494,0,-5.849,1,0.207,0.862,0,0.349,0.96,100.098,4
spotify:track:0YeUVm23SAkUruwEx9LWnt,Savior,Mr. Morale & The Big Steppers,Kendrick Lamar;Baby Keem;Sam Dew,2022-05-13,224466,1,TRUE,tcgbb1ix1h1h974y7pakbtpr2,2026-09-01T20:31:54Z,"hip hop,west coast hip hop",pgLang/Top Dawg Entertainment/Aftermath/Interscope Records,0.605,0.692,8,-7.45,1,0.446,0.495,0,0.303,0.685,124.84,5
spotify:track:2xUHiyGeGrWmmfv7NbDTWC,Jodeci Freestyle (feat. J. Cole),Care Package,Drake;J. Cole,2019-08-02,254022,59,TRUE,tcgbb1ix1h1h974y7pakbtpr2,2026-09-01T20:31:54Z,rap,OVO,0.498,0.844,2,-2.834,1,0.268,0.0111,0,0.102,0.282,88.435,4
spotify:track:2ovQ5MCx91XVjgVWEPfvks,Homecoming,Graduation,Kanye West;Chris Martin,2007-09-11,203493,4,TRUE,tcgbb1ix1h1h974y7pakbtpr2,2026-09-01T20:31:54Z,rap,Roc-A-Fella,0.667,0.747,1,-7.059,1,0.189,0.337,0,0.115,0.918,86.917,4
spotify:track:3tYTyAt1q6BFBiGyYVOLhi,Silent Hill,Mr. Morale & The Big Steppers,Kendrick Lamar;Kodak Black,2022-05-13,220779,0,TRUE,tcgbb1ix1h1h974y7pakbtpr2,2026-09-01T20:31:54Z,"hip hop,west coast hip hop",pgLang/Top Dawg Entertainment/Aftermath/Interscope Records,0.907,0.577,1,-6.737,0,0.0767,0.438,0.0000319,0.137,0.801,140.07,4
spotify:track:6tZ3b7ik1QDXFAZlXib0YZ,Kevin’s Heart,KOD,J. Cole,2018-04-20,200309,71,TRUE,tcgbb1ix1h1h974y7pakbtpr2,2026-09-01T20:31:54Z,rap,J. Cole P&D,0.829,0.527,6,-6.644,0,0.367,0.482,0,0.631,0.475,116.079,4
spotify:track:3pjUyVbFmM96tYhSaKJwTt,Change,4 Your Eyez Only,J. Cole,2016-12-09,331480,72,TRUE,tcgbb1ix1h1h974y7pakbtpr2,2026-09-01T20:31:54Z,rap,J. Cole P&D,0.74,0.523,11,-10.753,0,0.233,0.666,0.00142,0.0968,0.235,97.063,4
spotify:track:0hW72l6tZgSY7Od2OUVDIC,Land Of The Snakes,Born Sinner (Deluxe Version),J. Cole,2013-06-18,254453,65,TRUE,tcgbb1ix1h1h974y7pakbtpr2,2026-09-01T20:31:54Z,rap,Roc Nation LLC,0.774,0.729,2,-7.806,1,0.293,0.228,0,0.257,0.475,104.009,4
spotify:track:3q2v8QaTnHLveAQzR6gvYm,"Sing About Me, I'm Dying Of Thirst","good kid, m.A.A.d city (Deluxe)",Kendrick Lamar,2012,723573,64,TRUE,tcgbb1ix1h1h974y7pakbtpr2,2026-09-01T20:31:54Z,"hip hop,west coast hip hop",Aftermath,0.654,0.753,8,-7.556,0,0.398,0.303,0.0000825,0.13,0.371,110.699,5
spotify:track:5z6H2iSd0W87YUOLkZ6573,Demon Love,Demon Love,XYNS WRLD,2022-05-08,199080,0,FALSE,tcgbb1ix1h1h974y7pakbtpr2,2026-09-01T20:31:54Z,,XYNS WRLD,0.643,0.617,6,-8.722,0,0.24,0.00727,0,0.259,0.639,163.951,4
spotify:track:1vvnYpYEMVB4aq9I6tHIEB,4 Your Eyez Only,4 Your Eyez Only,J. Cole,2016-12-09,530253,68,TRUE,tcgbb1ix1h1h974y7pakbtpr2,2026-09-01T20:31:54Z,rap,J. Cole P&D,0.701,0.485,11,-10.305,0,0.364,0.367,0.0000631,0.0852,0.496,78.863,4
spotify:track:0NrtwAmRAdLxua31SzHvXr,Everything I Am,Graduation,Kanye West;DJ Premier,2007-09-11,227893,77,TRUE,tcgbb1ix1h1h974y7pakbtpr2,2026-09-01T20:31:54Z,"rap,east coast hip hop",Roc-A-Fella,0.631,0.623,8,-6.971,1,0.264,0.466,0.00000161,0.151,0.765,80.23,4
spotify:track:1mvDFqbbmgmMmU6U4dIq5m,Forbidden Fruit (feat. Kendrick Lamar),Born Sinner (Deluxe Version),J. Cole;Kendrick Lamar,2013-06-18,268666,64,TRUE,tcgbb1ix1h1h974y7pakbtpr2,2026-09-01T20:31:54Z,"rap,hip hop,west coast hip hop",Roc Nation LLC,0.84,0.504,1,-9.354,1,0.383,0.546,0.00131,0.211,0.406,110.027,4
spotify:track:4KW1lqgSr8TKrvBII0Brf8,Father Stretch My Hands Pt. 1,The Life Of Pablo,Kanye West,2016-06-10,135920,83,TRUE,tcgbb1ix1h1h974y7pakbtpr2,2026-09-01T20:31:54Z,rap,Rock The World/IDJ/Kanye LP7,0.724,0.573,7,-4.113,1,0.0549,0.118,0,0.538,0.438,113.088,4
spotify:track:3DK6m7It6Pw857FcQftMds,Runaway,My Beautiful Dark Twisted Fantasy,Kanye West;Pusha T,2010-11-22,547733,87,TRUE,tcgbb1ix1h1h974y7pakbtpr2,2026-09-01T20:31:54Z,rap,Roc-A-Fella,0.374,0.568,1,-3.825,0,0.109,0.219,0.00219,0.513,0.111,84.733,4
spotify:track:1UGD3lW3tDmgZfAVDh6w7r,Devil In A New Dress,My Beautiful Dark Twisted Fantasy,Kanye West;Rick Ross,2010-11-22,351946,82,TRUE,tcgbb1ix1h1h974y7pakbtpr2,2026-09-01T20:31:54Z,"rap,southern hip hop",Roc-A-Fella,0.435,0.76,8,-4.935,0,0.0721,0.0175,0,0.158,0.206,80.082,4
spotify:track:2gAGWaK4wvt2xrFUlR4mK8,Jukebox Joints (feat. Joe Fox & Kanye West),AT.LONG.LAST.A$AP,A$AP Rocky;Joe Fox;Kanye West,2015-05-26,323962,77,TRUE,tcgbb1ix1h1h974y7pakbtpr2,2026-09-01T20:31:54Z,rap,A$AP Worldwide/Polo Grounds Music/RCA Records,0.284,0.803,2,-5.293,0,0.173,0.302,0,0.242,0.553,67.536,4
spotify:track:5Psnhdkyanjpgc2P8A5TSM,Emotionless,Scorpion,Drake,2018-06-29,302173,70,TRUE,tcgbb1ix1h1h974y7pakbtpr2,2026-09-01T20:31:54Z,rap,Cash Money/Drake LP6,0.414,0.677,1,-5.12,1,0.254,0.0248,0,0.0793,0.0853,172.521,4
spotify:track:5W7xC99N2Zzfh69r7I7zWK,Aston Martin Music,Teflon Don,Rick Ross;Drake;Chrisette Michele,2010-01-01,270626,78,TRUE,tcgbb1ix1h1h974y7pakbtpr2,2026-09-01T20:31:54Z,"southern hip hop,rap,neo soul,jersey club,r&b",Def Jam Recordings,0.57,0.58,1,-5.547,1,0.21,0.0124,0,0.0498,0.404,171.812,4
spotify:track:6Ec5LeRzkisa5KJtwLfOoW,"Am I Dreaming (Metro Boomin & A$AP Rocky, Roisee)",METRO BOOMIN PRESENTS SPIDER-MAN: ACROSS THE SPIDER-VERSE (SOUNDTRACK FROM AND INSPIRED BY THE MOTION PICTURE),Metro Boomin;A$AP Rocky;Roisee,2023-06-02,256026,82,FALSE,tcgbb1ix1h1h974y7pakbtpr2,2026-09-01T20:31:54Z,rap,Republic Records,0.6,0.537,9,-7.777,0,0.0362,0.0468,0.0038,0.206,0.126,90.061,4
spotify:track:0B6g379TMw0nYGXA7y5xHz,"All The Way Live (Spider-Man: Across the Spider-Verse) (Metro Boomin & Future, Lil Uzi Vert)",METRO BOOMIN PRESENTS SPIDER-MAN: ACROSS THE SPIDER-VERSE (SOUNDTRACK FROM AND INSPIRED BY THE MOTION PICTURE),Metro Boomin;Future;Lil Uzi Vert,2023-06-02,245240,68,FALSE,tcgbb1ix1h1h974y7pakbtpr2,2026-09-01T20:31:54Z,"rap,trap,melodic rap,rage rap",Republic Records,0.775,0.555,9,-7.283,0,0.154,0.177,0.00352,0.208,0.271,135.004,4
spotify:track:4Flfb4fGscN9kXPOduQLrv,Treacherous Twins,Her Loss,Drake;21 Savage,2022-11-04,180098,65,TRUE,tcgbb1ix1h1h974y7pakbtpr2,2026-09-01T20:31:54Z,rap,OVO / Republic Records,0.757,0.51,10,-7.352,0,0.329,0.0774,0,0.132,0.587,88.931,4
spotify:track:4ygQUye7obtqhSltSxp18H,Pusha Man,Acid Rap,Chance the Rapper;Nate Fox,2013-04-30,139406,0,TRUE,tcgbb1ix1h1h974y7pakbtpr2,2026-09-01T20:31:54Z,uk garage,Chance the Rapper,0.768,0.569,0,-8.791,1,0.243,0.469,0,0.678,0.883,124.104,4
spotify:track:6Oe5tmI1bfguCp6dKHbSj6,Paranoia,Acid Rap,Chance the Rapper;Nosaj Thing,2013-04-30,275281,0,TRUE,tcgbb1ix1h1h974y7pakbtpr2,2026-09-01T20:31:54Z,idm,Chance the Rapper,0.472,0.282,1,-12.309,1,0.306,0.317,0.000158,0.107,0.123,69.985,4
spotify:track:0aMHIW1lqrulVCx0LLlr6a,Cocoa Butter Kisses,Acid Rap,Chance the Rapper;VIC MENSA;Twista,2013-04-30,307187,3,TRUE,tcgbb1ix1h1h974y7pakbtpr2,2026-09-01T20:31:54Z,,Chance the Rapper,0.679,0.645,6,-7.777,0,0.222,0.0518,0,0.145,0.203,125.795,4
spotify:track:6BU1RZexmvJcBjgagVVt3M,Count Me Out,Mr. Morale & The Big Steppers,Kendrick Lamar,2022-05-13,283642,78,TRUE,tcgbb1ix1h1h974y7pakbtpr2,2026-09-01T20:31:54Z,"hip hop,west coast hip hop",pgLang/Top Dawg Entertainment/Aftermath/Interscope Records,0.776,0.431,4,-7.544,0,0.091,0.671,0,0.153,0.495,133.999,4
spotify:track:64Dy3qJDCFug6CySbswdbO,Shine,The Light Pack,Joey Bada$$,2020-07-17,171946,56,TRUE,tcgbb1ix1h1h974y7pakbtpr2,2026-09-01T20:31:54Z,"hip hop,jazz rap,rap",Columbia,0.447,0.619,10,-4.301,0,0.25,0.0851,0,0.0965,0.468,78.57,1
spotify:track:0w3Mfe4PIVjuFjJbe3OlYv,8am in Charlotte,For All The Dogs,Drake,2023-10-06,266847,70,TRUE,tcgbb1ix1h1h974y7pakbtpr2,2026-09-01T20:31:54Z,rap,OVO/Republic,0.567,0.682,4,-6.423,1,0.274,0.643,0,0.512,0.668,79.043,4
spotify:track:432hUIl3ISDeytYW5XBQ5h,Wolves,The Life Of Pablo,Kanye West,2016-06-10,301586,70,TRUE,tcgbb1ix1h1h974y7pakbtpr2,2026-09-01T20:31:54Z,rap,Rock The World/IDJ/Kanye LP7,0.395,0.392,1,-8.034,1,0.0925,0.219,0.00173,0.134,0.103,155.856,4
spotify:track:7dFGkZbmm6cVlI28bfMaWE,Righteous Minds,1999,Joey Bada$$,2012-06-12,224042,69,TRUE,tcgbb1ix1h1h974y7pakbtpr2,2026-09-01T20:31:54Z,"hip hop,jazz rap,rap",PRO ERA / EMPIRE,0.809,0.638,8,-5.646,0,0.28,0.262,0,0.453,0.608,94.893,4
spotify:track:2xj3VznIbrWdfgNXzKVTeh,Best Friend - Friday Night Lights,Friday Night Lights,J. Cole,2010-11-12,205416,47,TRUE,tcgbb1ix1h1h974y7pakbtpr2,2026-09-01T20:31:54Z,rap,"Cole World, Inc. under exclusive license to Interscope Records",0.861,0.494,5,-7.332,1,0.119,0.242,0.00013,0.389,0.828,131.981,4
spotify:track:11aFVmFy8903RwDx4ohQiq,Be (Intro),Be,Common,2005-01-01,144200,59,TRUE,tcgbb1ix1h1h974y7pakbtpr2,2026-09-01T20:31:54Z,"hip hop,jazz rap,neo soul",Geffen,0.62,0.755,7,-8.439,0,0.0917,0.225,0,0.468,0.191,93.703,4
spotify:track:5GO4rpfnM2lghVqEulTJUf,They Say,Be,Common;John Legend;Kanye West,2005-01-01,237040,57,TRUE,tcgbb1ix1h1h974y7pakbtpr2,2026-09-01T20:31:54Z,"hip hop,jazz rap,neo soul,soft pop,rap",Geffen,0.654,0.702,4,-7.419,0,0.222,0.183,0.00000893,0.0705,0.814,94.839,4
spotify:track:6ms5viqVXCKPC724LWIj6S,Falling out the Sky,Haram,Armand Hammer;The Alchemist;Earl Sweatshirt,2021-03-26,220353,59,FALSE,tcgbb1ix1h1h974y7pakbtpr2,2026-09-01T20:31:54Z,"experimental hip hop,alternative hip hop,jazz rap,boom bap",Backwoodz Studioz,0.421,0.667,1,-8.84,1,0.335,0.0749,0.00626,0.943,0.68,87.375,3
spotify:track:7n4YpQcocaRfXRlEl07klO,Life Of The Party (with André 3000),Life Of The Party,Kanye West;André 3000,2021-08-20,391656,60,TRUE,tcgbb1ix1h1h974y7pakbtpr2,2026-09-01T20:31:54Z,"rap,ambient jazz","Getting Out Our Dreams II, LLC / Def Jam Recordings",0.43,0.717,2,-6.676,1,0.275,0.136,0,0.972,0.302,78.881,4
spotify:track:2Z5MbKovyels3EXitye0eo,Loose Change (feat. Earl Sweatshirt),This Thing Of Ours,The Alchemist;Earl Sweatshirt,2021-04-30,118398,57,TRUE,tcgbb1ix1h1h974y7pakbtpr2,2026-09-01T20:31:54Z,"alternative hip hop,jazz rap,experimental hip hop,boom bap",ALC,0.506,0.628,9,-8.167,1,0.175,0.146,0.0000291,0.135,0.363,86.131,4
spotify:track:7qiCLJzwFyyyjckrYHVkOh,Dreamin',The Auditorium Vol. 1,Common;Pete Rock,2024-07-12,240813,41,FALSE,tcgbb1ix1h1h974y7pakbtpr2,2026-09-01T20:31:54Z,"hip hop,jazz rap,neo soul,east coast hip hop,boom bap",Loma Vista Recordings,0.64,0.869,2,-2.837,1,0.203,0.067,0,0.491,0.601,88.929,4
spotify:track:5q6GyhYQUAgCWDuMZDXXUG,One Beer,MM..FOOD,MF DOOM,2004-11-16,258586,0,TRUE,tcgbb1ix1h1h974y7pakbtpr2,2026-09-01T20:31:54Z,"experimental hip hop,east coast hip hop,jazz rap,alternative hip hop",Rhymesayers,0.376,0.718,7,-6.7,1,0.246,0.0996,0.00332,0.633,0.615,91.115,4
spotify:track:3Dq34CufmxmXjGXAwVktxq,Kookies,MM..FOOD,MF DOOM,2004-11-16,241520,0,TRUE,tcgbb1ix1h1h974y7pakbtpr2,2026-09-01T20:31:54Z,"experimental hip hop,east coast hip hop,jazz rap,alternative hip hop",Rhymesayers,0.766,0.696,7,-8.331,1,0.312,0.0156,0,0.433,0.711,110.296,4
spotify:track:4OdFreMD2LG2E4NygPvTt7,The Ruler's Back,Pardon Me,Joey Bada$$,2025-02-18,141677,42,TRUE,tcgbb1ix1h1h974y7pakbtpr2,2026-09-01T20:31:54Z,"hip hop,jazz rap,rap",Columbia,0.543,0.793,5,-4.796,0,0.35,0.633,0,0.646,0.888,104.183,5
spotify:track:40155dfa7olSEyn4voiTSB,Hoe Cakes,MM..FOOD,MF DOOM,2004-11-16,234146,0,TRUE,tcgbb1ix1h1h974y7pakbtpr2,2026-09-01T20:31:54Z,"experimental hip hop,east coast hip hop,jazz rap,alternative hip hop",Rhymesayers,0.511,0.613,1,-6.371,1,0.321,0.0987,0,0.144,0.95,92.184,4
spotify:track:3j1UrSXCeWYa5ltei4ZAxt,I Gotcha,Lupe Fiasco's Food & Liquor,Lupe Fiasco,2006-09-18,238680,45,TRUE,tcgbb1ix1h1h974y7pakbtpr2,2026-09-01T20:31:54Z,,Atlantic Records,0.632,0.731,1,-4.191,1,0.262,0.0826,0,0.0514,0.785,89.483,4
spotify:track:3gJDgenxLephg09x86IxPs,TEMPTATION,ALL-AMERIKKKAN BADA$$,Joey Bada$$,2017-04-07,244197,69,TRUE,tcgbb1ix1h1h974y7pakbtpr2,2026-09-01T20:31:54Z,"hip hop,jazz rap,rap",Pro Era,0.775,0.707,10,-5.339,0,0.152,0.397,0,0.874,0.78,104.979,4
spotify:track:7lT1dCz96jANsLAAADlfIg,Doomsday,Operation: Doomsday (Complete),MF DOOM;Pebbles The Invisible Girl,1999-04-20,298053,1,TRUE,tcgbb1ix1h1h974y7pakbtpr2,2026-09-01T20:31:54Z,"experimental hip hop,east coast hip hop,jazz rap,alternative hip hop",Metalface,0.856,0.841,6,-7.737,0,0.335,0.0977,0,0.0773,0.794,95.418,4
spotify:track:6lrDckuosGpwEHtm1hHBcf,November Has Come,Demon Days,Gorillaz;MF DOOM,2005-05-23,165093,70,FALSE,tcgbb1ix1h1h974y7pakbtpr2,2026-09-01T20:31:54Z,"experimental hip hop,east coast hip hop,jazz rap,alternative hip hop",Parlophone UK,0.702,0.567,7,-8.561,1,0.239,0.0815,0.0000275,0.0864,0.667,84.153,4
spotify:track:6OkDb9fyi22Pr6QJIrUNdJ,Rhymes Like Dimes,Operation: Doomsday (Complete),MF DOOM;DJ Cucumber Slice,1999-10-19,258613,69,TRUE,tcgbb1ix1h1h974y7pakbtpr2,2026-09-01T20:31:54Z,"experimental hip hop,east coast hip hop,jazz rap,alternative hip hop",Metalface Records,0.646,0.752,0,-5.652,1,0.268,0.664,0,0.17,0.761,99.948,4
spotify:track:3VSnfhbaNKZzvmNQilWcZ6,Space Hos,THE MOUSE & THE MASK,DANGERDOOM;MF DOOM;Danger Mouse,2005-10-17,209480,0,FALSE,tcgbb1ix1h1h974y7pakbtpr2,2026-09-01T20:31:54Z,"experimental hip hop,east coast hip hop,jazz rap,alternative hip hop",Lex Records,0.733,0.82,1,-7.288,1,0.24,0.239,0,0.335,0.625,97.733,4
spotify:track:4q71zOiiFoDaVQCQcE6jcp,Deep Fried Frenz,MM..FOOD,MF DOOM,2004-11-16,299626,60,TRUE,tcgbb1ix1h1h974y7pakbtpr2,2026-09-01T20:31:54Z,"experimental hip hop,east coast hip hop,jazz rap,alternative hip hop",Rhymesayers,0.647,0.67,6,-7.874,1,0.281,0.0823,0,0.342,0.553,96.28,4
spotify:track:6hh74g3EXXM8dF1Boamcyn,Life Is Beautiful,Life Is Beautiful,Larry June;2 Chainz;The Alchemist,2025-02-07,186360,66,TRUE,tcgbb1ix1h1h974y7pakbtpr2,2026-09-01T20:31:54Z,"southern hip hop,rap,alternative hip hop,jazz rap,experimental hip hop,boom bap",The Freeminded Records / 2 Chainz / ALC / EMPIRE,0.584,0.726,0,-7.404,0,0.267,0.646,0.000121,0.16,0.558,157.075,4
spotify:track:1liQkxQP5nunXlGYueCqkS,I Been,Life Is Beautiful,Larry June;2 Chainz;The Alchemist,2025-02-07,154466,53,TRUE,tcgbb1ix1h1h974y7pakbtpr2,2026-09-01T20:31:54Z,"southern hip hop,rap,alternative hip hop,jazz rap,experimental hip hop,boom bap",The Freeminded Records / 2 Chainz / ALC / EMPIRE,0.439,0.616,1,-8.851,1,0.308,0.728,0.000366,0.518,0.621,143.299,4
spotify:track:5hmv0zcBcIX8OIVG98imHa,Smoothies In 1991,Out The Trunk,Larry June,2019-09-03,224347,68,TRUE,tcgbb1ix1h1h974y7pakbtpr2,2026-09-01T20:31:54Z,,The Freeminded Records,0.661,0.736,9,-6.876,1,0.287,0.065,0,0.124,0.652,91.917,4
spotify:track:21O0XXPEWPtePt5RMY93Ob,All Caps,Madvillainy,Madvillain;Madlib;MF DOOM,2004-03-24,130479,75,TRUE,tcgbb1ix1h1h974y7pakbtpr2,2026-09-01T20:31:54Z,"experimental hip hop,alternative hip hop,jazz rap,plunderphonics,east coast hip hop",Stones Throw Records,0.358,0.889,1,-8.045,1,0.335,0.266,0.0000146,0.172,0.666,85.61,4
spotify:track:6rkV9hz91Rr5iHnMRPZdEQ,Vaudeville Villain,Vaudeville Villain,Viktor Vaughn;MF DOOM,2003,151773,57,FALSE,tcgbb1ix1h1h974y7pakbtpr2,2026-09-01T20:31:54Z,"experimental hip hop,alternative hip hop,east coast hip hop,jazz rap",Sound Ink,0.613,0.94,9,-5.566,1,0.198,0.00896,0,0.83,0.35,94.957,4
spotify:track:1R28m5eWk1EV9FQ3puWrUp,Fazers,Take Me To Your Leader,King Geedorah,2003-06-17,197133,62,TRUE,tcgbb1ix1h1h974y7pakbtpr2,2026-09-01T20:31:54Z,"jazz rap,alternative hip hop,experimental hip hop",Big Dada,0.425,0.965,2,-2.011,1,0.166,0.0105,0.0000101,0.234,0.718,90.564,4
spotify:track:53dkS3h9uTNsWYZTPacnpx,Oldie,The OF Tape Vol. 2,Odd Future,2012-03-16,636213,60,TRUE,tcgbb1ix1h1h974y7pakbtpr2,2026-09-01T20:31:54Z,,Odd Future,0.839,0.583,1,-5.941,1,0.268,0.239,0,0.262,0.564,87.99,4
spotify:track:4tQcyj5488alHT1ZgFduzn,How Much A Dollar Cost,To Pimp A Butterfly,Kendrick Lamar;James Fauntleroy;Ronald Isley,2015-03-16,261746,64,TRUE,tcgbb1ix1h1h974y7pakbtpr2,2026-09-01T20:31:54Z,"hip hop,west coast hip hop",Aftermath,0.624,0.729,1,-4.747,1,0.198,0.415,0,0.135,0.334,87.948,4
spotify:track:1KQymTxNJfWk6vCD5ywKW2,Da Art of Storytellin' (Pt. 1),Aquemini,Outkast,1998-09-29,222655,67,TRUE,tcgbb1ix1h1h974y7pakbtpr2,2026-09-01T20:31:54Z,"southern hip hop,hip hop",Arista/LaFace Records,0.749,0.856,2,-5.833,1,0.235,0.107,0,0.745,0.402,103.773,4
spotify:track:5o0GRUA7okGPALKyEyQabz,Cheese and Dope,Mista Don't Play: Everythangs Workin,Project Pat,2001-02-27,205333,62,TRUE,tcgbb1ix1h1h974y7pakbtpr2,2026-09-01T20:31:54Z,"southern hip hop,crunk,gangster rap",Columbia/Legacy,0.883,0.849,7,-5.088,1,0.181,0.00697,0,0.0877,0.956,75.19,4
spotify:track:3A4S0o95OxSgRbqEnEMsn4,Life We Live (feat. Namond Lumpkin & Edgar Fletcher),Mista Don't Play: Everythangs Workin,Project Pat;Namond Lumpkin;Edgar Fletcher,2001-02-27,254373,70,TRUE,tcgbb1ix1h1h974y7pakbtpr2,2026-09-01T20:31:54Z,"southern hip hop,crunk,gangster rap",Columbia/Legacy,0.883,0.633,1,-5.644,1,0.173,0.00603,0,0.13,0.241,76.99,4
spotify:track:2XOKoaCWziW0W14DPeY7XS,Take Da Charge,Layin' Da Smack Down (Explicit Version),Project Pat,2002-07-16,186906,65,TRUE,tcgbb1ix1h1h974y7pakbtpr2,2026-09-01T20:31:54Z,"southern hip hop,crunk,gangster rap",LOUD/Columbia,0.911,0.666,2,-7.133,1,0.233,0.0669,0.0000412,0.116,0.824,145.734,4
spotify:track:2rOiZGbR0wwI0ip0wSAK26,Chickenhead (feat. Three 6 Mafia & La Chat),Mista Don't Play: Everythangs Workin,Project Pat;Three 6 Mafia;La Chat,2001-02-27,253360,63,TRUE,tcgbb1ix1h1h974y7pakbtpr2,2026-09-01T20:31:54Z,"southern hip hop,crunk,gangster rap,horrorcore",Columbia/Legacy,0.867,0.739,7,-5.699,1,0.259,0.00785,0,0.121,0.881,156.067,4
spotify:track:0kCZ2X6kIXZ5zRMrPx8Usx,Choose U,Layin' Da Smack Down (Explicit Version),Project Pat,2002-07-16,178493,61,TRUE,tcgbb1ix1h1h974y7pakbtpr2,2026-09-01T20:31:54Z,"southern hip hop,crunk,gangster rap",LOUD/Columbia,0.746,0.693,7,-6.742,1,0.0409,0.0381,0.000859,0.231,0.573,155.696,4
spotify:track:1CivPhVrRCMZixFOQe3NKx,Rise and Shine,Cole World: The Sideline Story,J. Cole,2011-09-27,274960,57,TRUE,tcgbb1ix1h1h974y7pakbtpr2,2026-09-01T20:31:54Z,rap,Roc Nation LLC,0.425,0.768,9,-5.969,1,0.272,0.0551,0,0.19,0.274,81.337,4
spotify:track:7KrU5v4X520iMEUu4sXM9F,I Get Up,The Warm Up,J. Cole,2009-06-15,294280,55,TRUE,tcgbb1ix1h1h974y7pakbtpr2,2026-09-01T20:31:54Z,rap,"Cole World, Inc. under exclusive license to Interscope Records",0.472,0.651,5,-8.92,0,0.422,0.173,0,0.116,0.532,76.038,1
spotify:track:2zDrheHiGXiCFOVLbmjRUn,Til' Infinity,The Warm Up,J. Cole,2009-06-15,131000,49,TRUE,tcgbb1ix1h1h974y7pakbtpr2,2026-09-01T20:31:54Z,rap,"Cole World, Inc. under exclusive license to Interscope Records",0.642,0.847,5,-9.959,0,0.401,0.781,0,0.139,0.519,102.046,4
spotify:track:7jsCldOdBvg2lw3LE7mIau,95 Till Infinity,Summer Knights,Joey Bada$$,2013-10-29,267440,50,TRUE,tcgbb1ix1h1h974y7pakbtpr2,2026-09-01T20:31:54Z,"hip hop,jazz rap,rap",Cinematic Music Group,0.649,0.752,10,-7.394,0,0.495,0.0941,0,0.145,0.838,157.876,4
spotify:track:1D4qUYEH0cs7zNcUXVw6IX,Winter Wonderland,2014 Forest Hills Drive (10 Year Anniversary Edition),J. Cole,2024-12-20,184492,51,TRUE,tcgbb1ix1h1h974y7pakbtpr2,2026-09-01T20:31:54Z,rap,Cole World/Interscope Records,0.721,0.541,2,-11.558,1,0.192,0.192,0.00000128,0.108,0.144,106.958,4
spotify:track:3jl8vmPdfQodceoYAmjrQs,Home Soon,2014 Forest Hills Drive (10 Year Anniversary Edition),J. Cole,2024-12-20,189794,49,TRUE,tcgbb1ix1h1h974y7pakbtpr2,2026-09-01T20:31:54Z,rap,Cole World/Interscope Records,0.828,0.698,8,-7.806,0,0.288,0.324,0.00000148,0.108,0.675,91.976,4
spotify:track:0PV1TFUMTBrDETzW6KQulB,93 'Til Infinity,93 'til Infinity,Souls Of Mischief,1993-02-13,286440,74,FALSE,tcgbb1ix1h1h974y7pakbtpr2,2026-09-01T20:31:54Z,"jazz rap,old school hip hop",Jive,0.59,0.672,1,-11.792,1,0.412,0.125,0.00000104,0.147,0.688,206.247,4
spotify:track:3uxEUkg8yS9kqgVBprp4xi,Live and Let Live,93 'til Infinity,Souls Of Mischief,1993-02-13,320266,51,TRUE,tcgbb1ix1h1h974y7pakbtpr2,2026-09-01T20:31:54Z,"jazz rap,old school hip hop",Jive,0.831,0.721,6,-12.387,0,0.338,0.0221,0.00232,0.0943,0.734,89.935,4
spotify:track:41a7dZcq30Ss5kPMayWRV0,That’s How You Feel,Scorpion,Drake,2018-06-29,157605,68,TRUE,tcgbb1ix1h1h974y7pakbtpr2,2026-09-01T20:31:54Z,rap,Cash Money/Drake LP6,0.85,0.473,10,-5.747,0,0.209,0.117,0.0103,0.108,0.38,85.454,4
spotify:track:0Tacxc5lDJ8LwiO1pWNSl8,The Motion,Care Package,Drake,2019-08-02,240956,64,TRUE,tcgbb1ix1h1h974y7pakbtpr2,2026-09-01T20:31:54Z,rap,OVO,0.631,0.788,4,-7.142,0,0.102,0.371,0.000317,0.108,0.544,157.769,4
spotify:track:1FRF0NHXBW4ecdulGkTzJY,Blow My High (Members Only),Section.80,Kendrick Lamar,2011-07-02,215791,63,TRUE,tcgbb1ix1h1h974y7pakbtpr2,2026-09-01T20:31:54Z,"hip hop,west coast hip hop",Top Dawg Entertainment / Section.80,0.959,0.524,9,-8.145,0,0.274,0.316,0,0.274,0.84,119.933,4
spotify:track:57GsLpRtEtrzcPGPop20rS,What Did I Miss?,What Did I Miss?,Drake,2025-07-05,194324,76,TRUE,tcgbb1ix1h1h974y7pakbtpr2,2026-09-01T20:31:54Z,rap,OVO/Republic,0.753,0.802,0,-4.066,0,0.043,0.181,0,0.298,0.464,126.252,4
spotify:track:3WibbMr6canxRJXhNtAvLU,B.O.B. - Bombs Over Baghdad,Stankonia,Outkast,2000-10-31,304226,68,TRUE,tcgbb1ix1h1h974y7pakbtpr2,2026-09-01T20:31:54Z,"southern hip hop,hip hop",Arista/LaFace Records,0.746,0.978,9,-5.324,1,0.0978,0.0555,0.0000411,0.026,0.653,153.809,4
spotify:track:0z0NOoS67CRBfnGxqaPtYG,Cost Me a Lot,Friday Night Lights,J. Cole,2010-11-12,197916,48,TRUE,tcgbb1ix1h1h974y7pakbtpr2,2026-09-01T20:31:54Z,rap,"Cole World, Inc. under exclusive license to Interscope Records",0.617,0.705,5,-6.553,0,0.321,0.391,0,0.165,0.462,179.785,4
spotify:track:1nhNz1tWU8p5WvFAAgFW2h,Poor Thang,The Fall-Off,J. Cole,2026-02-06,290346,71,TRUE,tcgbb1ix1h1h974y7pakbtpr2,2026-09-01T20:31:54Z,rap,"Cole World, Inc., under exclusive license to Interscope Records.",0.738,0.708,9,-6.231,1,0.411,0.181,0,0.139,0.103,91.981,4
spotify:track:4DvoYgOZXnqmKuc2GzzFHz,39 Intro,The Fall-Off,J. Cole,2026-02-06,366413,70,TRUE,tcgbb1ix1h1h974y7pakbtpr2,2026-09-01T20:31:54Z,rap,"Cole World, Inc., under exclusive license to Interscope Records.",0.465,0.61,7,-6.901,1,0.0603,0.278,0,0.448,0.201,121.998,4
spotify:track:3kUHIvjJ8p9UzeaeeqHkfg,The Fall-Off is Inevitable,The Fall-Off,J. Cole,2026-02-06,176253,66,TRUE,tcgbb1ix1h1h974y7pakbtpr2,2026-09-01T20:31:54Z,rap,"Cole World, Inc., under exclusive license to Interscope Records.",0.577,0.786,7,-5.75,1,0.254,0.0667,0,0.592,0.225,79.753,4
spotify:track:1lYM9PgB0QOk3pDo8h0UiN,The Villest (with Erykah Badu),The Fall-Off,J. Cole;Erykah Badu,2026-02-06,270626,67,TRUE,tcgbb1ix1h1h974y7pakbtpr2,2026-09-01T20:31:54Z,"rap,neo soul,r&b","Cole World, Inc., under exclusive license to Interscope Records.",0.653,0.675,6,-8.427,0,0.297,0.394,0.00000771,0.228,0.719,85.911,4
spotify:track:050ECC7Yu78pTJP8PrMo8o,Quik Stop,The Fall-Off,J. Cole,2026-02-06,264520,69,TRUE,tcgbb1ix1h1h974y7pakbtpr2,2026-09-01T20:31:54Z,rap,"Cole World, Inc., under exclusive license to Interscope Records.",0.722,0.442,1,-7.997,0,0.389,0.304,0,0.0813,0.533,155.974,4
spotify:track:6ZGoFntcQUWTPGGQPQmecY,Kody Blu 31,The Forever Story (Extended Version),JID,2022-10-31,224629,64,TRUE,tcgbb1ix1h1h974y7pakbtpr2,2026-09-01T20:31:54Z,,Dreamville/Interscope,0.571,0.724,4,-7.871,0,0.134,0.119,0.00000435,0.423,0.528,76.014,4
spotify:track:6B5SvayK1pUlBDWT56fiVy,White Roses (feat. Divinity & Ymanie),Zavier,Fetty Wap;Divinity;Ymanie,2026-03-27,224244,58,TRUE,tcgbb1ix1h1h974y7pakbtpr2,2026-09-01T20:31:54Z,,300 Entertainment,0.708,0.765,10,-3.102,0,0.0668,0.249,0,0.162,0.859,78.004,4
spotify:track:2dXME00xUY1CRcMZsM3Y4q,"Paris, Tokyo",Lupe Fiasco's The Cool,Lupe Fiasco,2007-01-01,270653,63,FALSE,tcgbb1ix1h1h974y7pakbtpr2,2026-09-01T20:31:54Z,,1st & 15th/Atlantic,0.734,0.64,9,-7.638,0,0.182,0.0895,0,0.173,0.351,90.011,4
spotify:track:6OtfwrzhIaIg6gmnzgPlu1,Lodi Dodi,Doggystyle,Snoop Dogg,1993-11-23,301386,75,TRUE,tcgbb1ix1h1h974y7pakbtpr2,2026-09-01T20:31:54Z,"g-funk,west coast hip hop,gangster rap,old school hip hop,hip hop,rap",Death Row Records/gamma.,0.601,0.527,1,-8.652,1,0.0794,0.0334,0,0.103,0.592,78.11,3
spotify:track:1z9EbieFSoVLz7A3Q2DCiu,Murder Was The Case,Doggystyle,Snoop Dogg,1993-11-23,218186,65,TRUE,tcgbb1ix1h1h974y7pakbtpr2,2026-09-01T20:31:54Z,"g-funk,west coast hip hop,gangster rap,old school hip hop,hip hop,rap",Death Row Records/gamma.,0.464,0.687,9,-7.623,1,0.0858,0.00643,0.00000247,0.32,0.458,91.064,4
spotify:track:2tNmhDlMbwQZLxQtWMt2EU,"Gravel Pit (feat. RZA, Method Man, Ghostface Killah, Raekwon & U-God)",Legend Of The Wu-Tang: Wu-Tang Clan's Greatest Hits,Wu-Tang Clan;RZA;Method Man;Ghostface Killah;Raekwon;U-God,2004-10-26,253466,59,TRUE,tcgbb1ix1h1h974y7pakbtpr2,2026-09-01T20:31:54Z,"old school hip hop,east coast hip hop,hip hop,gangster rap,hardcore hip hop,boom bap",NITRON concepts,0.787,0.72,7,-7.569,1,0.313,0.223,0,0.633,0.521,121.003,4
spotify:track:1petoIB3TAfCQfilZ8pQKi,Rule (feat. Amerie) - Radio Edit,Music From The Motion Picture Like Mike,Nas;Amerie,2002-06-04,236173,31,FALSE,tcgbb1ix1h1h974y7pakbtpr2,2026-09-01T20:31:54Z,"old school hip hop,east coast hip hop,hip hop",So So Def/Sony Music Soundtrax,0.855,0.915,2,-3.46,1,0.198,0.0729,0.0000121,0.109,0.831,98.963,4
spotify:track:0EfSMdCzfbDsQpq7gnyYi4,Judgement Day,2014 Forest Hills Drive (10 Year Anniversary Edition),J. Cole,2024-12-20,194489,47,TRUE,tcgbb1ix1h1h974y7pakbtpr2,2026-09-01T20:31:54Z,rap,Cole World/Interscope Records,0.631,0.721,6,-8.913,1,0.332,0.31,0,0.0843,0.785,78.311,4
spotify:track:4VQdkRDxYKqcSOde2M5F07,Dear Winter,Numbers,Larry June;Jay Worthy,2020-12-20,205203,47,TRUE,tcgbb1ix1h1h974y7pakbtpr2,2026-09-01T20:31:54Z,"g-funk,west coast hip hop",The Freeminded Records,0.474,0.693,7,-8.192,1,0.205,0.0434,0.0000073,0.115,0.757,131.132,4
spotify:track:6Kd4iGylMjrpr1xVbuYKVw,the 27 club,black ben carson,JPEGMAFIA,2016-02-15,236439,0,TRUE,tcgbb1ix1h1h974y7pakbtpr2,2026-09-01T20:31:54Z,"experimental hip hop,alternative hip hop,experimental",PEGGY,0.523,0.662,1,-6.923,1,0.141,0.51,0.000198,0.653,0.542,101.207,4
spotify:track:2bWVsMv4d5pXslO6b4Uvit,So Innocent - Slowed Down,So Innocent (Extra Mixes),sleepy dawg;Shiloh Dynasty,2024-03-15,172733,47,FALSE,tcgbb1ix1h1h974y7pakbtpr2,2026-09-01T20:32:07Z,lo-fi,doing alright records,0.888,0.447,9,-12.783,0,0.238,0.925,0.776,0.158,0.571,119.666,4
spotify:track:5le4sn0iMcnKU56bdmNzso,Everybody Loves The Sunshine,Everybody Loves The Sunshine (Reissue),Roy Ayers Ubiquity,1976-05-12,239666,70,FALSE,tcgbb1ix1h1h974y7pakbtpr2,2026-09-01T20:32:07Z,jazz funk,Universal Records,0.52,0.571,11,-10.326,0,0.036,0.168,0.00000514,0.17,0.701,161.051,3
spotify:track:1tL5a9jowsWMtn3wkFYsG9,"Footsteps in the Dark, Pts. 1 & 2",Go for Your Guns,The Isley Brothers,1977-08-21,306422,66,FALSE,tcgbb1ix1h1h974y7pakbtpr2,2026-09-01T20:32:07Z,"motown,quiet storm,soul,classic soul,funk,northern soul",Epic/Legacy,0.679,0.374,11,-10.565,0,0.0482,0.402,0.0000249,0.0541,0.871,80.86,4
spotify:track:2EQWbkcNoKPOXQtJM7nqRV,My Song,Crying Laughing Loving Lying,Labi Siffre,1972,284480,66,FALSE,tcgbb1ix1h1h974y7pakbtpr2,2026-09-01T20:32:07Z,,Edsel,0.416,0.319,0,-12.97,1,0.0299,0.861,0.000554,0.107,0.28,95.307,4
spotify:track:7zgEoBci3rKmEkLdsZ8ZKJ,Intergalactic Janet,Intergalactic Janet,Ley Soul,2023-11-09,160440,0,FALSE,tcgbb1ix1h1h974y7pakbtpr2,2026-09-01T20:32:07Z,,Ley Soul,0.766,0.475,10,-10.639,0,0.0342,0.48,0.00159,0.113,0.853,139.97,4
spotify:track:4PEGwWH4tL6H7dGl4uVSPg,Like a Tattoo,Love Deluxe,Sade,1992-10-26,218000,84,FALSE,tcgbb1ix1h1h974y7pakbtpr2,2026-09-01T20:32:07Z,,Epic,0.557,0.16,5,-16.302,0,0.0315,0.922,0.000756,0.0996,0.133,136.01,4
spotify:track:1GTC0DN9LGOdP0NdvoHyX7,ゆめうつつ,ランプ幻想,Lamp,2008-12-03,315640,68,FALSE,tcgbb1ix1h1h974y7pakbtpr2,2026-09-01T20:32:07Z,"shibuya-kei,japanese indie,city pop",In The Garden Records,0.346,0.126,2,-16.89,1,0.0347,0.985,0.463,0.0771,0.0761,92.959,4
spotify:track:1EA40FX9aBaKIXwIp83WzL,二十歳の恋,ランプ幻想,Lamp,2008-12-03,193466,71,FALSE,tcgbb1ix1h1h974y7pakbtpr2,2026-09-01T20:32:07Z,"shibuya-kei,japanese indie,city pop",In The Garden Records,0.632,0.375,4,-12.115,0,0.0274,0.793,0.36,0.128,0.274,113.94,4
spotify:track:4z9KVNX4hmk672SJfhtQNz,F Song,F Song,Strawberry Guy,2018-08-09,224655,69,FALSE,tcgbb1ix1h1h974y7pakbtpr2,2026-09-01T20:32:07Z,bedroom pop,Strawberry Guy,0.236,0.511,0,-10.788,0,0.0442,0.407,0.281,0.346,0.227,80.973,4
spotify:track:4RpwQDPnn1GhWpZooUcCzd,On the Level,This Old Dog,Mac DeMarco,2017-05-05,227653,60,FALSE,tcgbb1ix1h1h974y7pakbtpr2,2026-09-01T20:32:07Z,"indie,lo-fi indie",Captured Tracks,0.573,0.473,8,-10.838,0,0.0269,0.0927,0.398,0.199,0.523,77.494,4
spotify:track:5EJA7Rwkeuvm98CZg0XXNO,What Would I Do?,What Would I Do?,Strawberry Guy,2019-07-22,234000,74,FALSE,tcgbb1ix1h1h974y7pakbtpr2,2026-09-01T20:32:07Z,bedroom pop,Melodic,0.539,0.461,11,-7.674,1,0.0279,0.457,0.903,0.072,0.436,128.635,4
spotify:track:51Grh1RyUDcMBbpuyUIUHI,rises the moon,recently,Liana Flores,2019-04-10,161929,53,FALSE,tcgbb1ix1h1h974y7pakbtpr2,2026-09-01T20:32:07Z,,liana flores,0.483,0.129,5,-20.149,0,0.0349,0.947,0.145,0.106,0.203,137.35,3
spotify:track:6Ijmj8Z0L31hCp5pLZnT5U,Numb,Numb,Men I Trust,2019-04-12,219340,69,FALSE,tcgbb1ix1h1h974y7pakbtpr2,2026-09-01T20:32:07Z,"bedroom pop,indie pop,dream pop",Independent,0.783,0.303,4,-14.393,1,0.0527,0.811,0.945,0.109,0.65,138.816,4
spotify:track:1uehfWs4shogYWuboAFkme,Where Are You,Where Are You,54 Ultra,2023-06-30,142750,66,FALSE,tcgbb1ix1h1h974y7pakbtpr2,2026-09-01T20:32:07Z,,54 Ultra,0.684,0.524,11,-8.717,0,0.0252,0.82,0.619,0.0961,0.71,109.266,4
spotify:track:75IQVo8hqI1iwVZyvkN2VT,Show Me How,Show Me How,Men I Trust,2018-02-28,215110,81,FALSE,tcgbb1ix1h1h974y7pakbtpr2,2026-09-01T20:32:07Z,"bedroom pop,indie pop,dream pop",Indie,0.791,0.271,5,-11.959,1,0.0431,0.672,0.543,0.102,0.564,166.002,4
spotify:track:3ppVO2tyWRRznNmONvt7Se,Summers Over Interlude,Views,Drake;Majid Jordan,2016-05-06,106333,75,TRUE,tcgbb1ix1h1h974y7pakbtpr2,2026-09-01T20:32:07Z,rap,Cash Money Records/Young Money Ent./Universal Rec.,0.699,0.255,4,-8.647,0,0.0303,0.405,0.00242,0.0985,0.242,132.031,3
spotify:track:3OKpz83Po7JuqGCnhOM7ob,void.,VOID.,Pteer,2026-01-30,182903,5,TRUE,tcgbb1ix1h1h974y7pakbtpr2,2026-09-01T20:32:07Z,,BEA Records,0.179,0.231,5,-18.662,1,0.0394,0.959,0.878,0.109,0.273,95.253,1
spotify:track:2tWBZI1WvBNaUzA7e8jzHW,So Nice (Summer Samba),Samba '68,Marcos Valle,1968-03-01,151093,54,FALSE,tcgbb1ix1h1h974y7pakbtpr2,2026-09-01T20:32:07Z,"bossa nova,brazilian jazz",Verve Reissues,0.776,0.504,1,-11.25,0,0.0372,0.55,0,0.0743,0.821,122.09,4
spotify:track:59xdYjVILhhafdiPHBpRda,Yoppenheimer,Yoppenheimer,Lelo,2024-08-15,135500,66,TRUE,tcgbb1ix1h1h974y7pakbtpr2,2026-09-01T20:32:07Z,,10K Projects,0.445,0.567,0,-9.212,1,0.198,0.000119,0.000991,0.624,0.0512,161.253,4
spotify:track:0JlRhDxQmmEOw5iXoyUxM0,Diary of a Mad Man,Im Still Serious,Baby Smoove,2018-10-13,200202,51,TRUE,tcgbb1ix1h1h974y7pakbtpr2,2026-09-01T20:32:07Z,,Never Stop Cashin,0.743,0.565,1,-11.53,1,0.122,0.00791,0,0.091,0.12,95.981,4
spotify:track:0vn8Vw0faNIgdVdpAw0JaS,"Losing My Mind, Pt.2",Im Still Perfect,Baby Smoove,2020-07-18,169031,62,TRUE,tcgbb1ix1h1h974y7pakbtpr2,2026-09-01T20:32:07Z,,Dha Franchise,0.493,0.586,1,-8.593,1,0.0932,0.125,0.000032,0.103,0.395,125.491,5
spotify:track:2JMW1iCKgPnSqbVVhHR6wI,Losing My Mind,Im Still Serious,Baby Smoove,2018-10-13,182334,72,TRUE,tcgbb1ix1h1h974y7pakbtpr2,2026-09-01T20:32:07Z,,Never Stop Cashin,0.73,0.44,1,-13.748,0,0.229,0.0867,0,0.104,0.077,94.982,4
spotify:track:5ZxZKnXAsvYHRTIocJ4YPl,Japanese Denim,Help,Baby Smoove,2025-11-02,126976,54,TRUE,tcgbb1ix1h1h974y7pakbtpr2,2026-09-01T20:32:07Z,,Forever Franchise,0.399,0.668,1,-8.06,1,0.102,0.00383,0,0.319,0.242,169.896,4
spotify:track:2X3noddA1Gi8OmJVRP4eYC,Sweet (feat. Fousheé),How Do You Sleep At Night?,Teezo Touchdown;Fousheé,2023-09-08,132786,49,FALSE,tcgbb1ix1h1h974y7pakbtpr2,2026-09-01T20:32:07Z,indie r&b,Not Fit For Society/RCA Records,0.745,0.574,5,-7.217,1,0.0565,0.178,0.0000136,0.0781,0.888,91.973,4
spotify:track:6PMpg8uSmEgN438RptO4yZ,LA To Memphis,Never Forget,Chris Travis,2014-05-14,173897,62,TRUE,tcgbb1ix1h1h974y7pakbtpr2,2026-09-01T20:32:07Z,cloud rap,Water Boyz Ent / EMPIRE,0.748,0.441,1,-12.734,1,0.0711,0.451,0.185,0.158,0.488,102.993,4
spotify:track:2VYnlKxB8jpbCeLUjQsebc,In A Good Way,I Know I'm Funny haha,Faye Webster,2021-06-25,224680,76,FALSE,tcgbb1ix1h1h974y7pakbtpr2,2026-09-01T20:32:07Z,,Secretly Canadian,0.587,0.286,9,-8.839,1,0.0315,0.185,0.0288,0.214,0.302,71.123,4
spotify:track:1BViPjTT585XAhkUUrkts0,Seigfried,Blonde,Frank Ocean,2016-08-20,334570,77,FALSE,tcgbb1ix1h1h974y7pakbtpr2,2026-09-01T20:32:07Z,,Boys Don't Cry,0.377,0.253,4,-11.155,0,0.0387,0.975,0.000259,0.101,0.367,125.403,3
spotify:track:7EdJ8z6IBotTjO50DfzzuV,Furthest Thing,Nothing Was The Same,Drake,2013-01-01,267373,70,TRUE,tcgbb1ix1h1h974y7pakbtpr2,2026-09-01T20:32:07Z,rap,Cash Money Records/Young Money Ent./Universal Rec.,0.484,0.78,9,-5.264,0,0.135,0.147,0,0.0572,0.271,137.105,4
spotify:track:3Zt96GJIqDOu0SucdGNGTX,サンキュー！！,〜Heartful Best Songs〜　“Thank You!!”,Home Made Kazoku,2005,273480,59,FALSE,tcgbb1ix1h1h974y7pakbtpr2,2026-09-01T20:32:07Z,"anime,j-rock,j-pop",Sony Music Labels Inc.,0.729,0.912,11,-6.76,0,0.0474,0.529,0,0.104,0.5,111.949,4
spotify:track:02cIqYTYys4M1RBFiBKIEt,Life is Like a Boat,Rie fu,Rie fu,2005-01-19,300306,53,FALSE,tcgbb1ix1h1h974y7pakbtpr2,2026-09-01T20:32:07Z,anime,Sony Music Direct (Japan) Inc.,0.666,0.371,11,-8.471,1,0.0274,0.502,0.0000455,0.211,0.468,100.258,4
spotify:track:6PViGgcsQhLPSkMxgoRWLl,Anniversary,Hits,Tony! Toni! Toné!,1997-01-01,271200,64,FALSE,tcgbb1ix1h1h974y7pakbtpr2,2026-09-01T20:32:07Z,"new jack swing,quiet storm",Island Mercury,0.708,0.505,3,-9.675,0,0.0352,0.0478,0,0.317,0.548,88.967,4
spotify:track:2yOm4lN7aTygtXanJFNFWU,"Any Time, Any Place",Janet,Janet Jackson,1993-05-18,428200,66,FALSE,tcgbb1ix1h1h974y7pakbtpr2,2026-09-01T20:32:07Z,new jack swing,Virgin Records,0.571,0.232,10,-11.309,1,0.0699,0.604,0.000246,0.119,0.207,128.785,4
spotify:track:7ySwGeXVTrT2I8FC0rpnfN,Undercover,Undercover,pinkpills,2026-04-10,127020,40,TRUE,tcgbb1ix1h1h974y7pakbtpr2,2026-09-01T20:32:07Z,,pinkpills,0.694,0.456,8,-12.409,1,0.0569,0.275,0.001,0.136,0.345,75.02,4
spotify:track:0YfOnJWqmAKaUvEL1QcNop,A Change Is Gonna Come,A Change Is Gonna Come,Sam Cooke,1964-01-01,191320,63,FALSE,tcgbb1ix1h1h974y7pakbtpr2,2026-09-01T20:32:07Z,"motown,soul,classic soul,doo-wop","ABKCO Music and Records, Inc.",0.276,0.394,10,-10.04,1,0.0334,0.732,0,0.292,0.486,138.561,5
spotify:track:7J6w4tz2uotfeY7Y0EOlko,Just To Keep You Satisfied,Let's Get It On,Marvin Gaye,1973-08-28,267066,68,FALSE,tcgbb1ix1h1h974y7pakbtpr2,2026-09-01T20:32:07Z,"motown,classic soul,soul,northern soul,quiet storm",Motown,0.218,0.264,5,-14.222,0,0.0496,0.684,0.0000298,0.0879,0.152,56.824,4
spotify:track:5Ctzx0mMiUPAu9JqbAOY9n,Be Like a Woman,White Trails (Expanded),Chris Rainbow,1979-01-01,255946,87,FALSE,tcgbb1ix1h1h974y7pakbtpr2,2026-09-01T20:32:07Z,yacht rock,Rhino,0.567,0.666,1,-9.753,1,0.0253,0.0401,0.000683,0.269,0.293,80.441,4
spotify:track:11ozIUBoXAgRTVWelDn4pL,Lights,An Introduction To Ellie Goulding EP,Ellie Goulding,2010-01-01,244266,83,FALSE,tcgbb1ix1h1h974y7pakbtpr2,2026-09-01T20:32:21Z,,Polydor Records,0.703,0.731,8,-6.283,0,0.0311,0.0721,0.00191,0.138,0.719,120.028,4
spotify:track:6Z8R6UsFuGXGtiIxiD8ISb,Safe And Sound,In A Tidal Wave Of Mystery (Deluxe Edition),Capital Cities,2013,192789,17,FALSE,tcgbb1ix1h1h974y7pakbtpr2,2026-09-01T20:32:21Z,,Capital Cities,0.655,0.819,0,-4.852,1,0.0316,0.000176,0.00374,0.104,0.766,117.956,5
spotify:track:3UjtIALeg72qmJiKPWBvM3,What You Know,Tourist History,Two Door Cinema Club,2010-02-17,191706,3,FALSE,tcgbb1ix1h1h974y7pakbtpr2,2026-09-01T20:32:21Z,"indie,indie rock",Glassnote Entertainment Group LLC,0.561,0.741,6,-4.239,0,0.0419,0.000715,0.000014,0.0822,0.776,139.001,4
spotify:track:3w3y8KPTfNeOKPiqUTakBh,Locked out of Heaven,Unorthodox Jukebox,Bruno Mars,2012-12-07,233478,94,FALSE,tcgbb1ix1h1h974y7pakbtpr2,2026-09-01T20:32:21Z,,Atlantic Records,0.726,0.698,5,-4.165,1,0.0431,0.049,0,0.309,0.867,143.994,4
spotify:track:0qOnSQQF0yzuPWsXrQ9paz,Stereo Hearts (feat. Adam Levine),The Papercut Chronicles II,Gym Class Heroes;Adam Levine,2011-11-11,210960,89,FALSE,tcgbb1ix1h1h974y7pakbtpr2,2026-09-01T20:32:21Z,,Decaydance/Fueled By Ramen,0.646,0.795,9,-3.293,1,0.0976,0.0319,0,0.267,0.796,89.99,4
spotify:track:2V4bv1fNWfTcyRJKmej6Sj,Cooler Than Me - Single Mix,31 Minutes to Takeoff,Mike Posner;Gigamesh,2010-08-09,213293,83,FALSE,tcgbb1ix1h1h974y7pakbtpr2,2026-09-01T20:32:21Z,"nu disco,french house",J Records,0.768,0.82,7,-4.63,0,0.0474,0.179,0,0.689,0.625,129.965,4
spotify:track:0Nk7bSn0MItonkR0GNs3mj,The Walker,More Than Just a Dream (Deluxe Edition),Fitz and The Tantrums,2013-05-07,233133,67,FALSE,tcgbb1ix1h1h974y7pakbtpr2,2026-09-01T20:32:21Z,,Elektra (NEK),0.77,0.801,9,-4.182,0,0.0336,0.00375,0.00281,0.0515,0.725,130.76,4
spotify:track:7w87IxuO7BDcJ3YUqCyMTT,Pumped Up Kicks,Torches,Foster The People,2011-05-23,239600,90,FALSE,tcgbb1ix1h1h974y7pakbtpr2,2026-09-01T20:32:21Z,,Columbia,0.733,0.71,5,-5.849,0,0.0292,0.145,0.115,0.0956,0.965,127.975,4
spotify:track:1DunhgeZSEgWiIYbHqXl0c,Latch,Settle (Deluxe),Disclosure;Sam Smith,2013-06-03,255866,71,FALSE,tcgbb1ix1h1h974y7pakbtpr2,2026-09-01T20:32:21Z,"house,soft pop",Universal-Island Records Ltd.,0.73,0.735,1,-5.451,1,0.0923,0.0176,0.000189,0.089,0.541,121.985,4
spotify:track:4dTaAiV9xFFCxnPur9c9yL,Memories (feat. Kid Cudi),One Love (Deluxe),David Guetta;Kid Cudi,2009-08-21,210093,66,FALSE,tcgbb1ix1h1h974y7pakbtpr2,2026-09-01T20:32:21Z,edm,Parlophone (France),0.561,0.87,8,-6.103,1,0.343,0.0015,0.00000282,0.246,0.498,129.98,4
spotify:track:1gihuPhrLraKYrJMAEONyc,Feel So Close - Radio Edit,18 Months,Calvin Harris,2012-10-29,206413,89,FALSE,tcgbb1ix1h1h974y7pakbtpr2,2026-09-01T20:32:21Z,edm,Columbia,0.707,0.924,7,-2.842,1,0.031,0.000972,0.00703,0.204,0.919,127.937,4
spotify:track:4wCmqSrbyCgxEXROQE6vtV,Somebody That I Used To Know,Making Mirrors,Gotye;Kimbra,2011-01-01,244973,81,FALSE,tcgbb1ix1h1h974y7pakbtpr2,2026-09-01T20:32:21Z,,Samples & Seconds / Republic,0.864,0.495,0,-7.036,1,0.037,0.591,0.000133,0.0992,0.72,129.062,4
spotify:track:58zsLZPvfflaiIbNWoA22O,Human,Human (Deluxe),Rag'n'Bone Man,2017-02-10,200192,82,FALSE,tcgbb1ix1h1h974y7pakbtpr2,2026-09-01T20:32:21Z,,Best Laid Plans/Columbia,0.602,0.707,9,-4.097,1,0.302,0.393,0,0.165,0.554,75.087,4
spotify:track:78qHOMYr8nDUd4fIHS5J7k,Check It Out,Pink Friday (Complete Edition),will.i.am;Nicki Minaj,2010-11-22,251013,58,TRUE,tcgbb1ix1h1h974y7pakbtpr2,2026-09-01T20:32:21Z,,Nicki Minaj/Cash Money,0.848,0.694,1,-4.272,1,0.0572,0.0493,0.0000115,0.105,0.728,130.075,4
spotify:track:2jSwKQBouf0brIcxGfA9CZ,Super Bass,Pink Friday,Nicki Minaj,2010-01-01,200013,1,TRUE,tcgbb1ix1h1h974y7pakbtpr2,2026-09-01T20:32:21Z,,Nicki Minaj/Cash Money,0.72,0.861,11,-4.339,1,0.209,0.269,0.00000511,0.601,0.669,126.991,4
spotify:track:1bM50INir8voAkVoKuvEUI,OMG (feat. will.i.am),Raymond v Raymond (Expanded Edition),USHER;will.i.am,2010-03-30,269493,82,FALSE,tcgbb1ix1h1h974y7pakbtpr2,2026-09-01T20:32:21Z,r&b,LaFace Records,0.781,0.745,4,-5.81,0,0.0332,0.198,0.0000114,0.36,0.326,129.998,4
spotify:track:5b2bu6yyATC1zMXDGScJ2d,"Hey Mama (feat. Nicki Minaj, Bebe Rexha & Afrojack)",Listen (Deluxe),David Guetta;AFROJACK;Bebe Rexha;Nicki Minaj,2014-11-10,192560,66,FALSE,tcgbb1ix1h1h974y7pakbtpr2,2026-09-01T20:32:21Z,"edm,big room",Atlantic/Parlophone,0.596,0.73,9,-4.091,1,0.151,0.24,0,0.325,0.525,85.979,4
spotify:track:0lHAMNU8RGiIObScrsRgmP,Titanium (feat. Sia),Nothing but the Beat 2.0,David Guetta;Sia,2011-08-24,245040,78,FALSE,tcgbb1ix1h1h974y7pakbtpr2,2026-09-01T20:32:21Z,edm,Parlophone (France),0.604,0.788,0,-3.673,0,0.103,0.0678,0.153,0.127,0.301,126.06,4
spotify:track:4IlqQhaxrGPxmg35YcXXuS,Dancin - Krono Remix,Ibiza 2019,Aaron Smith;Luvli;Krono,2019-11-11,256000,78,FALSE,tcgbb1ix1h1h974y7pakbtpr2,2026-09-01T20:32:21Z,,Moody Recordings,0.751,0.727,10,-9.789,0,0.0304,0.0442,0.0338,0.1,0.28,119.982,4
spotify:track:2Sh4sAOfnSHEVKFyysxzat,Can't Remember to Forget You (feat. Rihanna),Shakira. (Expanded Edition),Shakira;Rihanna,2014-03-14,206866,2,FALSE,tcgbb1ix1h1h974y7pakbtpr2,2026-09-01T20:32:21Z,latin pop,RCA/Sony Latin Iberia,0.694,0.81,11,-3.556,0,0.0661,0.122,0,0.141,0.824,137.968,4
spotify:track:4eumFsTnduH3zRfaASoAPs,My Everything,My Everything (Deluxe),Ariana Grande,2014-08-22,168520,69,FALSE,tcgbb1ix1h1h974y7pakbtpr2,2026-09-01T20:32:21Z,pop,Universal Records,0.462,0.265,11,-5.307,1,0.0294,0.88,0,0.131,0.419,106.357,3
spotify:track:3s4U7OHV7gnj42VV72eSZ6,Rather Be (feat. Jess Glynne),Rather Be (feat. Jess Glynne),Clean Bandit;Jess Glynne,2014-01-17,227833,78,FALSE,tcgbb1ix1h1h974y7pakbtpr2,2026-09-01T20:32:21Z,,Atlantic Records,0.799,0.586,11,-6.735,1,0.0377,0.162,0.00000203,0.193,0.549,120.97,4
spotify:track:4dvjEKAqEvJa80MPFMLMf2,We Found Love,We Found Love (In A Hopeless Place),In A Hopeless Place,2011-10-03,215742,57,FALSE,tcgbb1ix1h1h974y7pakbtpr2,2026-09-01T20:32:21Z,,Icover Records,0.765,0.799,6,-5.121,1,0.0506,0.12,0.0000182,0.122,0.482,127.97,4
spotify:track:4356Typ82hUiFAynbLYbPn,DJ Got Us Fallin' In Love (feat. Pitbull),Raymond v Raymond (Expanded Edition),USHER;Pitbull,2010-03-30,220800,89,FALSE,tcgbb1ix1h1h974y7pakbtpr2,2026-09-01T20:32:21Z,r&b,LaFace Records,0.663,0.861,7,-3.398,0,0.109,0.0338,0,0.082,0.654,119.963,4
spotify:track:1Jo0Zg7XlrA6z0mFTZVdkn,Don't Stop The Music,Good Girl Gone Bad,Rihanna,2007-01-01,267080,82,FALSE,tcgbb1ix1h1h974y7pakbtpr2,2026-09-01T20:32:21Z,,Def Jam Recordings,0.834,0.669,6,-5.582,0,0.0637,0.0341,0.0000718,0.0535,0.547,122.669,4
spotify:track:1mKXFLRA179hdOWQBwUk9e,Just Give Me a Reason (feat. Nate Ruess),The Truth About Love,P!nk;Nate Ruess,2012-09-18,242721,90,FALSE,tcgbb1ix1h1h974y7pakbtpr2,2026-09-01T20:32:21Z,,RCA Records Label,0.778,0.547,2,-7.273,1,0.0489,0.344,0.000306,0.132,0.442,95,4
spotify:track:3ZFTkvIE7kyPt6Nu3PEa7V,Hips Don't Lie (feat. Wyclef Jean),"Oral Fixation, Vol. 2 (Expanded Edition)",Shakira;Wyclef Jean,2005-11-28,218093,21,FALSE,tcgbb1ix1h1h974y7pakbtpr2,2026-09-01T20:32:21Z,latin pop,Epic,0.778,0.824,10,-5.892,0,0.0707,0.284,0,0.405,0.758,100.024,4
spotify:track:2WgyOP8Z1D6GQYumCwH4Dk,Monster,The Fame Monster (Deluxe Edition),Lady Gaga,2009-11-05,249280,74,TRUE,tcgbb1ix1h1h974y7pakbtpr2,2026-09-01T20:32:21Z,"art pop,pop",Interscope,0.695,0.801,9,-4.503,0,0.0441,0.00124,0,0.479,0.646,119.973,4
spotify:track:1oHNvJVbFkexQc0BpQp7Y4,Starships,Pink Friday ... Roman Reloaded,Nicki Minaj,2011-01-01,210626,79,TRUE,tcgbb1ix1h1h974y7pakbtpr2,2026-09-01T20:32:21Z,,Nicki Minaj/Cash Money,0.747,0.716,11,-2.457,0,0.0751,0.135,0,0.251,0.751,125.006,4
spotify:track:5yDL13y5giogKs2fSNf7sj,Glad You Came,Battleground (Deluxe Edition),The Wanted,2011-01-01,197935,82,FALSE,tcgbb1ix1h1h974y7pakbtpr2,2026-09-01T20:32:21Z,,Universal-Island Records Ltd.,0.722,0.851,7,-3.873,0,0.0639,0.0319,0,0.108,0.452,126.885,4
spotify:track:6YUTL4dYpB9xZO5qExPf05,Summer,Motion,Calvin Harris,2014-10-31,222533,90,FALSE,tcgbb1ix1h1h974y7pakbtpr2,2026-09-01T20:32:21Z,edm,Columbia,0.596,0.856,4,-3.556,0,0.0346,0.0211,0.0178,0.141,0.743,127.949,4
spotify:track:1DqdF42leyFIzqNDv9CjId,Dynamite,Rokstarr,Taio Cruz,2010-01-01,203866,77,FALSE,tcgbb1ix1h1h974y7pakbtpr2,2026-09-01T20:32:21Z,,Universal-Island Records Ltd.,0.754,0.804,4,-3.177,1,0.0853,0.00332,0,0.0329,0.818,119.968,4
spotify:track:2iJuuzV8P9Yz0VSurttIV5,Scream & Shout,#willpower,will.i.am;Britney Spears,2013-01-01,283400,86,TRUE,tcgbb1ix1h1h974y7pakbtpr2,2026-09-01T20:32:21Z,pop,Interscope,0.772,0.685,5,-6.849,1,0.0696,0.019,0.0000896,0.131,0.501,130.039,4
spotify:track:2tpWsVSb9UEmDRxAl1zhX1,Counting Stars,Native,OneRepublic,2013-01-01,257265,92,FALSE,tcgbb1ix1h1h974y7pakbtpr2,2026-09-01T20:32:21Z,,Mosley / Interscope,0.663,0.706,1,-4.972,0,0.0383,0.0654,0,0.118,0.474,122.013,4
spotify:track:61YzdCCBPM5Pc7lIiD5i8C,Bang Bang,Troubadour,K'NAAN;Adam Levine,2009,186533,80,TRUE,tcgbb1ix1h1h974y7pakbtpr2,2026-09-01T20:32:21Z,,Interscope Records*,0.623,0.901,10,-4.402,0,0.182,0.0785,0,0.0251,0.896,179.985,4
spotify:track:5VSCgNlSmTV2Yq5lB40Eaw,Love Me Again,Tribute,John Newman,2013-01-01,239894,73,FALSE,tcgbb1ix1h1h974y7pakbtpr2,2026-09-01T20:32:21Z,,Universal-Island Records Ltd.,0.495,0.894,2,-4.814,0,0.0441,0.00453,0.000596,0.103,0.213,126.03,4
spotify:track:4HlFJV71xXKIGcU3kRyttv,"Hey, Soul Sister","Save Me, San Francisco (Golden Gate Edition)",Train,2010-12-01,216773,88,FALSE,tcgbb1ix1h1h974y7pakbtpr2,2026-09-01T20:32:21Z,soft pop,Columbia,0.673,0.886,1,-4.44,0,0.0431,0.185,0,0.0826,0.795,97.012,4
spotify:track:2AYEOC02WLhUiOoaig2SEH,Out of My League,More Than Just a Dream (Deluxe Edition),Fitz and The Tantrums,2013-05-07,209386,84,FALSE,tcgbb1ix1h1h974y7pakbtpr2,2026-09-01T20:32:21Z,,Elektra (NEK),0.545,0.968,9,-3.553,0,0.0853,0.0387,0.00325,0.331,0.527,169.965,4
spotify:track:3xrn9i8zhNZsTtcoWgQEAd,Since U Been Gone,Breakaway,Kelly Clarkson,2004-01-17,188960,81,FALSE,tcgbb1ix1h1h974y7pakbtpr2,2026-09-01T20:32:21Z,christmas,RCA Records Label,0.662,0.741,0,-5.406,1,0.0334,0.00165,0.0303,0.114,0.404,131,4
spotify:track:4lIxdJw6W3Fg4vUIYCB0S5,Style,1989,Taylor Swift,2014-10-27,231000,80,FALSE,tcgbb1ix1h1h974y7pakbtpr2,2026-09-01T20:32:21Z,,Taylor Swift,0.598,0.786,2,-5.572,1,0.0383,0.00253,0.0016,0.117,0.456,95.019,4
spotify:track:6QgjcU0zLnzq5OrUoSZ3OK,Feel It Still,Woodstock,Portugal. The Man,2017-06-16,163253,86,FALSE,tcgbb1ix1h1h974y7pakbtpr2,2026-09-01T20:32:21Z,,Atlantic Records,0.801,0.795,1,-5.115,0,0.0504,0.0417,0.000113,0.0717,0.754,79.028,4
spotify:track:3SXXFIZel1VQQ4ENiqozxi,Still into You,Paramore (Deluxe Edition),Paramore,2013-04-09,216013,68,FALSE,tcgbb1ix1h1h974y7pakbtpr2,2026-09-01T20:32:21Z,"pop punk,emo",Fueled By Ramen,0.602,0.923,5,-3.763,1,0.044,0.0098,0,0.0561,0.765,136.01,4
spotify:track:6btyEL6NwUa97Nex9cZFvo,Pump It,Monkey Business,Black Eyed Peas,2005-01-01,213066,14,TRUE,tcgbb1ix1h1h974y7pakbtpr2,2026-09-01T20:32:21Z,,A&M,0.649,0.931,1,-3.15,0,0.181,0.0093,0,0.751,0.744,153.645,4
spotify:track:2x7MyWybabEz6Y6wvHuwGE,Just Dance,The Fame,Lady Gaga;Colby O'Donis,2008-01-01,241933,82,FALSE,tcgbb1ix1h1h974y7pakbtpr2,2026-09-01T20:32:21Z,"art pop,pop",Interscope,0.822,0.739,1,-4.541,0,0.0311,0.0264,0.0000428,0.181,0.745,118.99,4
spotify:track:6FE2iI43OZnszFLuLtvvmg,Classic,MKTO,MKTO,2012,175426,84,FALSE,tcgbb1ix1h1h974y7pakbtpr2,2026-09-01T20:32:21Z,,Columbia/M2V,0.72,0.791,1,-4.689,1,0.124,0.0384,0,0.157,0.756,102.071,4
spotify:track:4cluDES4hQEUhmXj6TXkSo,What Makes You Beautiful,Up All Night,One Direction,2012-05-25,199986,89,FALSE,tcgbb1ix1h1h974y7pakbtpr2,2026-09-01T20:32:21Z,,Syco Music UK,0.726,0.787,4,-2.494,1,0.0737,0.009,0,0.0596,0.888,124.99,4
spotify:track:76hfruVvmfQbw0eYn1nmeC,Cake By The Ocean,DNCE,DNCE,2016-11-18,219146,87,TRUE,tcgbb1ix1h1h974y7pakbtpr2,2026-09-01T20:32:21Z,,Joseph Jonas/Republic Records,0.774,0.753,4,-5.446,0,0.0517,0.152,0,0.0371,0.896,119.002,4
spotify:track:5zUQZjVB6bfewBXWqsP9PY,Here,Know-It-All,Alessia Cara,2015-11-13,199453,81,FALSE,tcgbb1ix1h1h974y7pakbtpr2,2026-09-01T20:32:21Z,,"EP Entertainment, LLC / Def Jam",0.376,0.822,0,-3.974,1,0.104,0.0783,0,0.0841,0.327,120.498,4
spotify:track:1ixbwbeBi5ufN4noUKmW5a,Paper Planes,Kala,M.I.A.,2007-08-20,205200,83,FALSE,tcgbb1ix1h1h974y7pakbtpr2,2026-09-01T20:32:21Z,,XL Recordings,0.447,0.848,2,-6.175,1,0.222,0.033,0.0000746,0.65,0.485,172.253,4
spotify:track:3gbBpTdY8lnQwqxNCcf795,Pompeii,Bad Blood,Bastille,2013-01-01,214147,77,FALSE,tcgbb1ix1h1h974y7pakbtpr2,2026-09-01T20:32:21Z,,EMI (Virgin),0.679,0.715,9,-6.383,1,0.0407,0.0755,0,0.271,0.571,127.435,4
spotify:track:7a86XRg84qjasly9f6bPSD,We Are Young (feat. Janelle Monáe),Some Nights,fun.;Janelle Monáe,2012-02-14,250626,81,FALSE,tcgbb1ix1h1h974y7pakbtpr2,2026-09-01T20:32:21Z,alternative r&b,Fueled By Ramen,0.378,0.638,10,-5.576,1,0.075,0.02,0.0000766,0.0849,0.735,184.086,4
spotify:track:5kqIPrATaCc2LqxVWzQGbk,7 Years,Lukas Graham,Lukas Graham,2016-04-01,237300,88,FALSE,tcgbb1ix1h1h974y7pakbtpr2,2026-09-01T20:32:21Z,dansk pop,Warner Records,0.765,0.473,10,-5.829,1,0.0514,0.287,0,0.391,0.34,119.992,4
spotify:track:3DamFFqW32WihKkTVlwTYQ,Fireflies,Ocean Eyes,Owl City,2009-01-01,228346,83,FALSE,tcgbb1ix1h1h974y7pakbtpr2,2026-09-01T20:32:21Z,,Universal Records,0.512,0.662,3,-6.797,1,0.0439,0.0275,0,0.118,0.472,180.114,4
spotify:track:3JvrhDOgAt6p7K8mDyZwRd,Riptide,Dream Your Life Away (Special Edition),Vance Joy,2014-09-08,204280,9,FALSE,tcgbb1ix1h1h974y7pakbtpr2,2026-09-01T20:32:21Z,folk pop,Atlantic Records,0.484,0.731,1,-6.694,1,0.0379,0.431,0,0.151,0.51,101.654,4
spotify:track:2Foc5Q5nqNiosCNqttzHof,Get Lucky (Radio Edit) [feat. Pharrell Williams and Nile Rodgers],Get Lucky (Radio Edit) [feat. Pharrell Williams and Nile Rodgers],Daft Punk;Pharrell Williams;Nile Rodgers,2013-04-19,247632,85,FALSE,tcgbb1ix1h1h974y7pakbtpr2,2026-09-01T20:32:21Z,"french house,electronic,electro",Columbia,0.794,0.811,6,-8.966,0,0.038,0.0426,0.00000107,0.101,0.862,116.047,4
spotify:track:6t6oULCRS6hnI7rm0h5gwl,Some Nights,Some Nights,fun.,2012-02-14,277040,76,TRUE,tcgbb1ix1h1h974y7pakbtpr2,2026-09-01T20:32:21Z,,Fueled By Ramen,0.672,0.738,0,-7.045,1,0.0506,0.0178,0.0000675,0.0927,0.392,107.938,4
spotify:track:3yrvQHw6pQemsrCQEpMnKv,Ain't It Fun,Paramore (Deluxe Edition),Paramore,2013-04-09,296520,67,FALSE,tcgbb1ix1h1h974y7pakbtpr2,2026-09-01T20:32:21Z,"pop punk,emo",Fueled By Ramen,0.61,0.893,9,-3.681,1,0.0921,0.154,0.0000441,0.021,0.673,104.031,4
spotify:track:0w5Bdu51Ka25Pf3hojsKHh,Hard Times,After Laughter,Paramore,2017-05-12,182693,83,FALSE,tcgbb1ix1h1h974y7pakbtpr2,2026-09-01T20:32:21Z,"pop punk,emo",Fueled By Ramen,0.695,0.818,5,-5.379,0,0.0334,0.00647,0.00000487,0.0219,0.916,119.965,4
spotify:track:5619Ojc6t9evEEs3B7Drhe,Shake It,Metro Station,Metro Station,2007-09-18,179946,74,FALSE,tcgbb1ix1h1h974y7pakbtpr2,2026-09-01T20:32:21Z,,Red Ink,0.618,0.955,4,-3.836,1,0.0798,0.00221,0.00000309,0.486,0.79,150.034,4
spotify:track:2ENexcMEMsYk0rVJigVD3i,Only Girl (In The World),Loud,Rihanna,2010-01-01,235493,91,FALSE,tcgbb1ix1h1h974y7pakbtpr2,2026-09-01T20:32:21Z,,Def Jam Recordings,0.789,0.706,11,-4.233,0,0.0429,0.112,0.0000171,0.0586,0.638,125.918,4
spotify:track:7ySUcLPVX7KudhnmNcgY2D,S&M,Loud,Rihanna,2010-01-01,243600,90,TRUE,tcgbb1ix1h1h974y7pakbtpr2,2026-09-01T20:32:21Z,,Def Jam Recordings,0.769,0.685,1,-5.019,1,0.041,0.0105,0.000124,0.0887,0.836,127.977,4
spotify:track:66ZcOcouenzZEnzTJvoFmH,The Sweet Escape,The Sweet Escape,Gwen Stefani;Akon,2006-01-01,246466,83,FALSE,tcgbb1ix1h1h974y7pakbtpr2,2026-09-01T20:32:21Z,,Interscope,0.756,0.769,1,-3.502,1,0.0344,0.191,0,0.178,0.73,119.961,4
spotify:track:0LzrhCZFXW94Y8nwtTuRlw,Hollaback Girl,Love. Angel. Music. Baby. (Deluxe Version),Gwen Stefani,2004-11-12,199853,78,TRUE,tcgbb1ix1h1h974y7pakbtpr2,2026-09-01T20:32:21Z,,Interscope,0.926,0.916,10,-2.221,0,0.0929,0.35,0.00000601,0.0234,0.904,110.009,4
spotify:track:4DvhkX2ic4zWkQeWMwQ2qf,Like A G6,Free Wired,Far East Movement;The Cataracs;DEV,2010-01-01,216893,76,FALSE,tcgbb1ix1h1h974y7pakbtpr2,2026-09-01T20:32:21Z,,Interscope,0.355,0.838,7,-8.126,0,0.471,0.00682,0,0.117,0.783,165.457,5
spotify:track:6lV2MSQmRIkycDScNtrBXO,Airplanes (feat. Hayley Williams of Paramore),B.o.B Presents: The Adventures of Bobby Ray,B.o.B;Hayley Williams,2010-04-27,180480,86,TRUE,tcgbb1ix1h1h974y7pakbtpr2,2026-09-01T20:32:21Z,art pop,Rebel Rock/Grand Hustle/Atlantic,0.66,0.867,6,-4.285,0,0.116,0.11,0,0.0368,0.377,93.033,4
spotify:track:30cSNer6TV8x2utjULVeQ5,SOS,A Girl Like Me,Rihanna,2006-04-10,238920,83,FALSE,tcgbb1ix1h1h974y7pakbtpr2,2026-09-01T20:32:21Z,,Def Jam Recordings,0.677,0.671,7,-4.905,1,0.0361,0.004,0.0000507,0.413,0.527,137.046,4
spotify:track:46aZJc0z1HHHSFxaIRxYSP,Breakin' Dishes,Good Girl Gone Bad: Reloaded,Rihanna,2008-06-02,200573,86,FALSE,tcgbb1ix1h1h974y7pakbtpr2,2026-09-01T20:32:21Z,,Def Jam Recordings,0.801,0.674,8,-4.185,0,0.031,0.000282,0.000139,0.0914,0.875,125.009,4
spotify:track:2VOomzT6VavJOGBeySqaMc,Disturbia,Good Girl Gone Bad: Reloaded,Rihanna,2008-06-02,238626,87,FALSE,tcgbb1ix1h1h974y7pakbtpr2,2026-09-01T20:32:21Z,,Def Jam Recordings,0.707,0.814,11,-4.509,0,0.0577,0.0861,0,0.168,0.717,124.921,4
spotify:track:2bx879t8gUpxkQ0avl8xTf,Bubble Pop Electric,Love. Angel. Music. Baby. (Deluxe Version),Gwen Stefani;Johnny Vulture,2004-11-12,222360,73,FALSE,tcgbb1ix1h1h974y7pakbtpr2,2026-09-01T20:32:21Z,,Interscope,0.567,0.976,1,-3.866,1,0.263,0.00052,0.00265,0.114,0.349,193.973,4
spotify:track:1EAgPzRbK9YmdOESSMUm6P,Home,The World From The Side Of The Moon,Phillip Phillips,2012-01-01,210173,75,FALSE,tcgbb1ix1h1h974y7pakbtpr2,2026-09-01T20:32:21Z,folk pop,19 Recordings/Interscope,0.606,0.826,0,-6.04,1,0.0307,0.0256,0.0000157,0.117,0.332,121.036,4